,Equity
2022-07-05 04:00:00,1000.0
2022-07-13 12:00:00,1000.0
2022-07-13 16:00:00,1000.0
2022-07-13 20:00:00,1000.0
2022-07-14 00:00:00,1000.0
2022-07-14 04:00:00,1000.0
2022-07-14 08:00:00,1000.0
2022-07-14 12:00:00,1000.0
2022-07-14 16:00:00,1000.0
2022-07-14 20:00:00,1000.0
2022-07-15 00:00:00,1000.0
2022-07-15 04:00:00,1000.0
2022-07-15 08:00:00,1000.0
2022-07-15 12:00:00,1000.0
2022-07-15 16:00:00,1000.0
2022-07-15 20:00:00,1000.0
2022-07-16 00:00:00,1000.0
2022-07-16 04:00:00,1000.0
2022-07-16 08:00:00,1000.0
2022-07-16 12:00:00,1000.0
2022-07-16 16:00:00,1000.0
2022-07-16 20:00:00,1000.0
2022-07-17 00:00:00,1000.0
2022-07-17 04:00:00,1000.0
2022-07-17 08:00:00,1000.0
2022-07-17 12:00:00,1000.0
2022-07-17 16:00:00,1000.0
2022-07-17 20:00:00,1000.0
2022-07-18 00:00:00,1000.0
2022-07-18 04:00:00,1000.0
2022-07-18 08:00:00,1000.0
2022-07-18 12:00:00,1000.0
2022-07-18 16:00:00,1000.0
2022-07-18 20:00:00,1000.0
2022-07-19 00:00:00,1000.0
2022-07-19 04:00:00,1000.0
2022-07-19 08:00:00,1000.0
2022-07-19 12:00:00,1000.0
2022-07-19 16:00:00,1000.0
2022-07-19 20:00:00,1000.0
2022-07-20 00:00:00,1000.0
2022-07-20 04:00:00,1000.0
2022-07-20 08:00:00,1000.0
2022-07-20 12:00:00,1000.0
2022-07-20 16:00:00,1000.0
2022-07-20 20:00:00,1000.0
2022-07-21 00:00:00,1000.0
2022-07-21 04:00:00,1000.0
2022-07-21 08:00:00,1000.0
2022-07-21 12:00:00,1000.0
2022-07-21 16:00:00,1000.0
2022-07-21 20:00:00,1000.0
2022-07-22 00:00:00,1000.0
2022-07-22 04:00:00,1000.0
2022-07-22 08:00:00,1000.0
2022-07-22 12:00:00,1000.0
2022-07-22 16:00:00,1000.0
2022-07-22 20:00:00,1000.0
2022-07-23 00:00:00,1000.0
2022-07-23 04:00:00,1000.0
2022-07-23 08:00:00,1000.0
2022-07-23 12:00:00,1000.0
2022-07-23 16:00:00,1000.0
2022-07-23 20:00:00,1000.0
2022-07-24 00:00:00,1000.0
2022-07-24 04:00:00,1000.0
2022-07-24 08:00:00,1000.0
2022-07-24 12:00:00,1000.0
2022-07-24 16:00:00,1000.0
2022-07-24 20:00:00,1000.0
2022-07-25 00:00:00,1000.0
2022-07-25 04:00:00,1000.0
2022-07-25 08:00:00,1000.0
2022-07-25 12:00:00,1000.0
2022-07-25 16:00:00,1000.0
2022-07-25 20:00:00,1000.0
2022-07-26 00:00:00,1000.0
2022-07-26 04:00:00,1000.0
2022-07-26 08:00:00,1000.0
2022-07-26 12:00:00,1000.0
2022-07-26 16:00:00,1000.0
2022-07-26 20:00:00,1000.0
2022-07-27 00:00:00,1000.0
2022-07-27 04:00:00,1000.0
2022-07-27 08:00:00,1000.0
2022-07-27 12:00:00,1000.0
2022-07-27 16:00:00,1000.0
2022-07-27 20:00:00,1000.0
2022-07-28 00:00:00,1000.0
2022-07-28 04:00:00,1000.0
2022-07-28 08:00:00,1000.0
2022-07-28 12:00:00,1899.2805755395684
2022-07-28 16:00:00,1901.1245393283098
2022-07-28 20:00:00,1902.9677456868649
2022-07-29 00:00:00,1905.6157216184479
2022-07-29 04:00:00,1906.7673942168383
2022-07-29 08:00:00,1898.333409091501
2022-07-29 12:00:00,1909.3229636656833
2022-07-29 16:00:00,1904.9446384733155
2022-07-29 20:00:00,1900.3477946721773
2022-07-30 00:00:00,1901.3930483293814
2022-07-30 04:00:00,1904.4004248844017
2022-07-30 08:00:00,1907.2642684191035
2022-07-30 12:00:00,1928.9540392362715
2022-07-30 16:00:00,1905.9111193911363
2022-07-30 20:00:00,1895.4154092984732
2022-07-31 00:00:00,1898.9711653084325
2022-07-31 04:00:00,1898.0508876319811
2022-07-31 08:00:00,1901.382444306772
2022-07-31 12:00:00,1900.3939979135466
2022-07-31 16:00:00,1903.0794666393558
2022-07-31 20:00:00,980.1400560562125
2022-08-01 00:00:00,980.1400560562125
2022-08-01 04:00:00,980.1400560562125
2022-08-01 08:00:00,980.1400560562125
2022-08-01 12:00:00,980.1400560562125
2022-08-01 16:00:00,980.1400560562125
2022-08-01 20:00:00,980.1400560562125
2022-08-02 00:00:00,980.1400560562125
2022-08-02 04:00:00,980.1400560562125
2022-08-02 08:00:00,980.1400560562125
2022-08-02 12:00:00,980.1400560562125
2022-08-02 16:00:00,980.1400560562125
2022-08-02 20:00:00,980.1400560562125
2022-08-03 00:00:00,980.1400560562125
2022-08-03 04:00:00,980.1400560562125
2022-08-03 08:00:00,980.1400560562125
2022-08-03 12:00:00,980.1400560562125
2022-08-03 16:00:00,980.1400560562125
2022-08-03 20:00:00,980.1400560562125
2022-08-04 00:00:00,980.1400560562125
2022-08-04 04:00:00,980.1400560562125
2022-08-04 08:00:00,980.1400560562125
2022-08-04 12:00:00,980.1400560562125
2022-08-04 16:00:00,980.1400560562125
2022-08-04 20:00:00,980.1400560562125
2022-08-05 00:00:00,980.1400560562125
2022-08-05 04:00:00,980.1400560562125
2022-08-05 08:00:00,980.1400560562125
2022-08-05 12:00:00,980.1400560562125
2022-08-05 16:00:00,980.1400560562125
2022-08-05 20:00:00,980.1400560562125
2022-08-06 00:00:00,980.1400560562125
2022-08-06 04:00:00,980.1400560562125
2022-08-06 08:00:00,980.1400560562125
2022-08-06 12:00:00,980.1400560562125
2022-08-06 16:00:00,980.1400560562125
2022-08-06 20:00:00,980.1400560562125
2022-08-07 00:00:00,980.1400560562125
2022-08-07 04:00:00,980.1400560562125
2022-08-07 08:00:00,980.1400560562125
2022-08-07 12:00:00,980.1400560562125
2022-08-07 16:00:00,980.1400560562125
2022-08-07 20:00:00,980.1400560562125
2022-08-08 00:00:00,980.1400560562125
2022-08-08 04:00:00,1861.5609697758282
2022-08-08 08:00:00,1874.8313309497712
2022-08-08 12:00:00,1868.3620113662014
2022-08-08 16:00:00,1865.9722060604934
2022-08-08 20:00:00,1861.6468620811613
2022-08-09 00:00:00,1862.3488095419857
2022-08-09 04:00:00,1864.168837873955
2022-08-09 08:00:00,958.614508409824
2022-08-09 12:00:00,958.614508409824
2022-08-09 16:00:00,958.614508409824
2022-08-09 20:00:00,958.614508409824
2022-08-10 00:00:00,958.614508409824
2022-08-10 04:00:00,958.614508409824
2022-08-10 08:00:00,958.614508409824
2022-08-10 12:00:00,958.614508409824
2022-08-10 16:00:00,958.614508409824
2022-08-10 20:00:00,958.614508409824
2022-08-11 00:00:00,1820.6779152531908
2022-08-11 04:00:00,1824.48774786704
2022-08-11 08:00:00,1829.0060321455485
2022-08-11 12:00:00,1821.3619131085145
2022-08-11 16:00:00,1817.042803335028
2022-08-11 20:00:00,1806.8565513362137
2022-08-12 00:00:00,1809.540091108499
2022-08-12 04:00:00,1807.7992634062452
2022-08-12 08:00:00,934.1682161045288
2022-08-12 12:00:00,934.1682161045288
2022-08-12 16:00:00,934.1682161045288
2022-08-12 20:00:00,934.1682161045288
2022-08-13 00:00:00,934.1682161045288
2022-08-13 04:00:00,934.1682161045288
2022-08-13 08:00:00,934.1682161045288
2022-08-13 12:00:00,934.1682161045288
2022-08-13 16:00:00,934.1682161045288
2022-08-13 20:00:00,934.1682161045288
2022-08-14 00:00:00,934.1682161045288
2022-08-14 04:00:00,934.1682161045288
2022-08-14 08:00:00,934.1682161045288
2022-08-14 12:00:00,934.1682161045288
2022-08-14 16:00:00,934.1682161045288
2022-08-14 20:00:00,934.1682161045288
2022-08-15 00:00:00,934.1682161045288
2022-08-15 04:00:00,934.1682161045288
2022-08-15 08:00:00,934.1682161045288
2022-08-15 12:00:00,934.1682161045288
2022-08-15 16:00:00,934.1682161045288
2022-08-15 20:00:00,934.1682161045288
2022-08-16 00:00:00,934.1682161045288
2022-08-16 04:00:00,934.1682161045288
2022-08-16 08:00:00,934.1682161045288
2022-08-16 12:00:00,934.1682161045288
2022-08-16 16:00:00,934.1682161045288
2022-08-16 20:00:00,934.1682161045288
2022-08-17 00:00:00,934.1682161045288
2022-08-17 04:00:00,934.1682161045288
2022-08-17 08:00:00,934.1682161045288
2022-08-17 12:00:00,934.1682161045288
2022-08-17 16:00:00,934.1682161045288
2022-08-17 20:00:00,934.1682161045288
2022-08-18 00:00:00,934.1682161045288
2022-08-18 04:00:00,934.1682161045288
2022-08-18 08:00:00,934.1682161045288
2022-08-18 12:00:00,934.1682161045288
2022-08-18 16:00:00,934.1682161045288
2022-08-18 20:00:00,934.1682161045288
2022-08-19 00:00:00,934.1682161045288
2022-08-19 04:00:00,934.1682161045288
2022-08-19 08:00:00,934.1682161045288
2022-08-19 12:00:00,934.1682161045288
2022-08-19 16:00:00,934.1682161045288
2022-08-19 20:00:00,934.1682161045288
2022-08-20 00:00:00,934.1682161045288
2022-08-20 04:00:00,934.1682161045288
2022-08-20 08:00:00,934.1682161045288
2022-08-20 12:00:00,934.1682161045288
2022-08-20 16:00:00,934.1682161045288
2022-08-20 20:00:00,934.1682161045288
2022-08-21 00:00:00,934.1682161045288
2022-08-21 04:00:00,934.1682161045288
2022-08-21 08:00:00,934.1682161045288
2022-08-21 12:00:00,934.1682161045288
2022-08-21 16:00:00,934.1682161045288
2022-08-21 20:00:00,934.1682161045288
2022-08-22 00:00:00,934.1682161045288
2022-08-22 04:00:00,934.1682161045288
2022-08-22 08:00:00,934.1682161045288
2022-08-22 12:00:00,934.1682161045288
2022-08-22 16:00:00,934.1682161045288
2022-08-22 20:00:00,934.1682161045288
2022-08-23 00:00:00,934.1682161045288
2022-08-23 04:00:00,934.1682161045288
2022-08-23 08:00:00,934.1682161045288
2022-08-23 12:00:00,934.1682161045288
2022-08-23 16:00:00,934.1682161045288
2022-08-23 20:00:00,934.1682161045288
2022-08-24 00:00:00,934.1682161045288
2022-08-24 04:00:00,934.1682161045288
2022-08-24 08:00:00,934.1682161045288
2022-08-24 12:00:00,934.1682161045288
2022-08-24 16:00:00,934.1682161045288
2022-08-24 20:00:00,934.1682161045288
2022-08-25 00:00:00,934.1682161045288
2022-08-25 04:00:00,934.1682161045288
2022-08-25 08:00:00,934.1682161045288
2022-08-25 12:00:00,934.1682161045288
2022-08-25 16:00:00,934.1682161045288
2022-08-25 20:00:00,934.1682161045288
2022-08-26 00:00:00,934.1682161045288
2022-08-26 04:00:00,934.1682161045288
2022-08-26 08:00:00,934.1682161045288
2022-08-26 12:00:00,934.1682161045288
2022-08-26 16:00:00,934.1682161045288
2022-08-26 20:00:00,934.1682161045288
2022-08-27 00:00:00,934.1682161045288
2022-08-27 04:00:00,934.1682161045288
2022-08-27 08:00:00,934.1682161045288
2022-08-27 12:00:00,934.1682161045288
2022-08-27 16:00:00,934.1682161045288
2022-08-27 20:00:00,934.1682161045288
2022-08-28 00:00:00,934.1682161045288
2022-08-28 04:00:00,934.1682161045288
2022-08-28 08:00:00,934.1682161045288
2022-08-28 12:00:00,934.1682161045288
2022-08-28 16:00:00,934.1682161045288
2022-08-28 20:00:00,934.1682161045288
2022-08-29 00:00:00,934.1682161045288
2022-08-29 04:00:00,934.1682161045288
2022-08-29 08:00:00,934.1682161045288
2022-08-29 12:00:00,934.1682161045288
2022-08-29 16:00:00,934.1682161045288
2022-08-29 20:00:00,934.1682161045288
2022-08-30 00:00:00,934.1682161045288
2022-08-30 04:00:00,934.1682161045288
2022-08-30 08:00:00,934.1682161045288
2022-08-30 12:00:00,934.1682161045288
2022-08-30 16:00:00,934.1682161045288
2022-08-30 20:00:00,934.1682161045288
2022-08-31 00:00:00,934.1682161045288
2022-08-31 04:00:00,934.1682161045288
2022-08-31 08:00:00,934.1682161045288
2022-08-31 12:00:00,934.1682161045288
2022-08-31 16:00:00,934.1682161045288
2022-08-31 20:00:00,934.1682161045288
2022-09-01 00:00:00,934.1682161045288
2022-09-01 04:00:00,934.1682161045288
2022-09-01 08:00:00,934.1682161045288
2022-09-01 12:00:00,934.1682161045288
2022-09-01 16:00:00,934.1682161045288
2022-09-01 20:00:00,934.1682161045288
2022-09-02 00:00:00,934.1682161045288
2022-09-02 04:00:00,934.1682161045288
2022-09-02 08:00:00,934.1682161045288
2022-09-02 12:00:00,934.1682161045288
2022-09-02 16:00:00,934.1682161045288
2022-09-02 20:00:00,934.1682161045288
2022-09-03 00:00:00,934.1682161045288
2022-09-03 04:00:00,934.1682161045288
2022-09-03 08:00:00,934.1682161045288
2022-09-03 12:00:00,934.1682161045288
2022-09-03 16:00:00,934.1682161045288
2022-09-03 20:00:00,934.1682161045288
2022-09-04 00:00:00,934.1682161045288
2022-09-04 04:00:00,934.1682161045288
2022-09-04 08:00:00,934.1682161045288
2022-09-04 12:00:00,934.1682161045288
2022-09-04 16:00:00,934.1682161045288
2022-09-04 20:00:00,934.1682161045288
2022-09-05 00:00:00,934.1682161045288
2022-09-05 04:00:00,934.1682161045288
2022-09-05 08:00:00,934.1682161045288
2022-09-05 12:00:00,934.1682161045288
2022-09-05 16:00:00,934.1682161045288
2022-09-05 20:00:00,934.1682161045288
2022-09-06 00:00:00,934.1682161045288
2022-09-06 04:00:00,934.1682161045288
2022-09-06 08:00:00,934.1682161045288
2022-09-06 12:00:00,934.1682161045288
2022-09-06 16:00:00,934.1682161045288
2022-09-06 20:00:00,934.1682161045288
2022-09-07 00:00:00,934.1682161045288
2022-09-07 04:00:00,934.1682161045288
2022-09-07 08:00:00,934.1682161045288
2022-09-07 12:00:00,934.1682161045288
2022-09-07 16:00:00,934.1682161045288
2022-09-07 20:00:00,934.1682161045288
2022-09-08 00:00:00,934.1682161045288
2022-09-08 04:00:00,934.1682161045288
2022-09-08 08:00:00,934.1682161045288
2022-09-08 12:00:00,934.1682161045288
2022-09-08 16:00:00,934.1682161045288
2022-09-08 20:00:00,934.1682161045288
2022-09-09 00:00:00,934.1682161045288
2022-09-09 04:00:00,934.1682161045288
2022-09-09 08:00:00,934.1682161045288
2022-09-09 12:00:00,934.1682161045288
2022-09-09 16:00:00,934.1682161045288
2022-09-09 20:00:00,934.1682161045288
2022-09-10 00:00:00,934.1682161045288
2022-09-10 04:00:00,934.1682161045288
2022-09-10 08:00:00,934.1682161045288
2022-09-10 12:00:00,934.1682161045288
2022-09-10 16:00:00,934.1682161045288
2022-09-10 20:00:00,934.1682161045288
2022-09-11 00:00:00,934.1682161045288
2022-09-11 04:00:00,934.1682161045288
2022-09-11 08:00:00,934.1682161045288
2022-09-11 12:00:00,934.1682161045288
2022-09-11 16:00:00,934.1682161045288
2022-09-11 20:00:00,934.1682161045288
2022-09-12 00:00:00,934.1682161045288
2022-09-12 04:00:00,934.1682161045288
2022-09-12 08:00:00,934.1682161045288
2022-09-12 12:00:00,934.1682161045288
2022-09-12 16:00:00,934.1682161045288
2022-09-12 20:00:00,934.1682161045288
2022-09-13 00:00:00,934.1682161045288
2022-09-13 04:00:00,934.1682161045288
2022-09-13 08:00:00,934.1682161045288
2022-09-13 12:00:00,934.1682161045288
2022-09-13 16:00:00,934.1682161045288
2022-09-13 20:00:00,934.1682161045288
2022-09-14 00:00:00,934.1682161045288
2022-09-14 04:00:00,934.1682161045288
2022-09-14 08:00:00,934.1682161045288
2022-09-14 12:00:00,934.1682161045288
2022-09-14 16:00:00,934.1682161045288
2022-09-14 20:00:00,934.1682161045288
2022-09-15 00:00:00,934.1682161045288
2022-09-15 04:00:00,934.1682161045288
2022-09-15 08:00:00,934.1682161045288
2022-09-15 12:00:00,934.1682161045288
2022-09-15 16:00:00,934.1682161045288
2022-09-15 20:00:00,934.1682161045288
2022-09-16 00:00:00,934.1682161045288
2022-09-16 04:00:00,934.1682161045288
2022-09-16 08:00:00,934.1682161045288
2022-09-16 12:00:00,934.1682161045288
2022-09-16 16:00:00,934.1682161045288
2022-09-16 20:00:00,934.1682161045288
2022-09-17 00:00:00,934.1682161045288
2022-09-17 04:00:00,934.1682161045288
2022-09-17 08:00:00,934.1682161045288
2022-09-17 12:00:00,934.1682161045288
2022-09-17 16:00:00,934.1682161045288
2022-09-17 20:00:00,934.1682161045288
2022-09-18 00:00:00,934.1682161045288
2022-09-18 04:00:00,934.1682161045288
2022-09-18 08:00:00,934.1682161045288
2022-09-18 12:00:00,934.1682161045288
2022-09-18 16:00:00,934.1682161045288
2022-09-18 20:00:00,934.1682161045288
2022-09-19 00:00:00,934.1682161045288
2022-09-19 04:00:00,934.1682161045288
2022-09-19 08:00:00,934.1682161045288
2022-09-19 12:00:00,934.1682161045288
2022-09-19 16:00:00,934.1682161045288
2022-09-19 20:00:00,934.1682161045288
2022-09-20 00:00:00,934.1682161045288
2022-09-20 04:00:00,934.1682161045288
2022-09-20 08:00:00,934.1682161045288
2022-09-20 12:00:00,934.1682161045288
2022-09-20 16:00:00,934.1682161045288
2022-09-20 20:00:00,934.1682161045288
2022-09-21 00:00:00,934.1682161045288
2022-09-21 04:00:00,934.1682161045288
2022-09-21 08:00:00,934.1682161045288
2022-09-21 12:00:00,934.1682161045288
2022-09-21 16:00:00,934.1682161045288
2022-09-21 20:00:00,934.1682161045288
2022-09-22 00:00:00,934.1682161045288
2022-09-22 04:00:00,934.1682161045288
2022-09-22 08:00:00,934.1682161045288
2022-09-22 12:00:00,934.1682161045288
2022-09-22 16:00:00,934.1682161045288
2022-09-22 20:00:00,934.1682161045288
2022-09-23 00:00:00,934.1682161045288
2022-09-23 04:00:00,934.1682161045288
2022-09-23 08:00:00,934.1682161045288
2022-09-23 12:00:00,934.1682161045288
2022-09-23 16:00:00,934.1682161045288
2022-09-23 20:00:00,934.1682161045288
2022-09-24 00:00:00,934.1682161045288
2022-09-24 04:00:00,934.1682161045288
2022-09-24 08:00:00,934.1682161045288
2022-09-24 12:00:00,934.1682161045288
2022-09-24 16:00:00,934.1682161045288
2022-09-24 20:00:00,934.1682161045288
2022-09-25 00:00:00,934.1682161045288
2022-09-25 04:00:00,934.1682161045288
2022-09-25 08:00:00,934.1682161045288
2022-09-25 12:00:00,934.1682161045288
2022-09-25 16:00:00,934.1682161045288
2022-09-25 20:00:00,934.1682161045288
2022-09-26 00:00:00,934.1682161045288
2022-09-26 04:00:00,934.1682161045288
2022-09-26 08:00:00,934.1682161045288
2022-09-26 12:00:00,934.1682161045288
2022-09-26 16:00:00,934.1682161045288
2022-09-26 20:00:00,934.1682161045288
2022-09-27 00:00:00,934.1682161045288
2022-09-27 04:00:00,934.1682161045288
2022-09-27 08:00:00,934.1682161045288
2022-09-27 12:00:00,934.1682161045288
2022-09-27 16:00:00,934.1682161045288
2022-09-27 20:00:00,934.1682161045288
2022-09-28 00:00:00,934.1682161045288
2022-09-28 04:00:00,934.1682161045288
2022-09-28 08:00:00,934.1682161045288
2022-09-28 12:00:00,934.1682161045288
2022-09-28 16:00:00,934.1682161045288
2022-09-28 20:00:00,934.1682161045288
2022-09-29 00:00:00,934.1682161045288
2022-09-29 04:00:00,934.1682161045288
2022-09-29 08:00:00,934.1682161045288
2022-09-29 12:00:00,934.1682161045288
2022-09-29 16:00:00,934.1682161045288
2022-09-29 20:00:00,934.1682161045288
2022-09-30 00:00:00,934.1682161045288
2022-09-30 04:00:00,934.1682161045288
2022-09-30 08:00:00,934.1682161045288
2022-09-30 12:00:00,934.1682161045288
2022-09-30 16:00:00,934.1682161045288
2022-09-30 20:00:00,934.1682161045288
2022-10-01 00:00:00,934.1682161045288
2022-10-01 04:00:00,934.1682161045288
2022-10-01 08:00:00,934.1682161045288
2022-10-01 12:00:00,934.1682161045288
2022-10-01 16:00:00,934.1682161045288
2022-10-01 20:00:00,934.1682161045288
2022-10-02 00:00:00,934.1682161045288
2022-10-02 04:00:00,934.1682161045288
2022-10-02 08:00:00,934.1682161045288
2022-10-02 12:00:00,934.1682161045288
2022-10-02 16:00:00,934.1682161045288
2022-10-02 20:00:00,934.1682161045288
2022-10-03 00:00:00,934.1682161045288
2022-10-03 04:00:00,1000.0
2022-10-11 12:00:00,1000.0
2022-10-11 16:00:00,1000.0
2022-10-11 20:00:00,1000.0
2022-10-12 00:00:00,1000.0
2022-10-12 04:00:00,1000.0
2022-10-12 08:00:00,1000.0
2022-10-12 12:00:00,1000.0
2022-10-12 16:00:00,1000.0
2022-10-12 20:00:00,1000.0
2022-10-13 00:00:00,1000.0
2022-10-13 04:00:00,1000.0
2022-10-13 08:00:00,1000.0
2022-10-13 12:00:00,1000.0
2022-10-13 16:00:00,1000.0
2022-10-13 20:00:00,1000.0
2022-10-14 00:00:00,1000.0
2022-10-14 04:00:00,1000.0
2022-10-14 08:00:00,1000.0
2022-10-14 12:00:00,1000.0
2022-10-14 16:00:00,1000.0
2022-10-14 20:00:00,1000.0
2022-10-15 00:00:00,1000.0
2022-10-15 04:00:00,1000.0
2022-10-15 08:00:00,1000.0
2022-10-15 12:00:00,1000.0
2022-10-15 16:00:00,1000.0
2022-10-15 20:00:00,1000.0
2022-10-16 00:00:00,1000.0
2022-10-16 04:00:00,1000.0
2022-10-16 08:00:00,1000.0
2022-10-16 12:00:00,1000.0
2022-10-16 16:00:00,1000.0
2022-10-16 20:00:00,1000.0
2022-10-17 00:00:00,1000.0
2022-10-17 04:00:00,1000.0
2022-10-17 08:00:00,1000.0
2022-10-17 12:00:00,1000.0
2022-10-17 16:00:00,1000.0
2022-10-17 20:00:00,1000.0
2022-10-18 00:00:00,1000.0
2022-10-18 04:00:00,1000.0
2022-10-18 08:00:00,1000.0
2022-10-18 12:00:00,1000.0
2022-10-18 16:00:00,1000.0
2022-10-18 20:00:00,1000.0
2022-10-19 00:00:00,1000.0
2022-10-19 04:00:00,1000.0
2022-10-19 08:00:00,1000.0
2022-10-19 12:00:00,1000.0
2022-10-19 16:00:00,1000.0
2022-10-19 20:00:00,1000.0
2022-10-20 00:00:00,1000.0
2022-10-20 04:00:00,1000.0
2022-10-20 08:00:00,1000.0
2022-10-20 12:00:00,1000.0
2022-10-20 16:00:00,1000.0
2022-10-20 20:00:00,1000.0
2022-10-21 00:00:00,1000.0
2022-10-21 04:00:00,1000.0
2022-10-21 08:00:00,1000.0
2022-10-21 12:00:00,1000.0
2022-10-21 16:00:00,1000.0
2022-10-21 20:00:00,1000.0
2022-10-22 00:00:00,1000.0
2022-10-22 04:00:00,1000.0
2022-10-22 08:00:00,1000.0
2022-10-22 12:00:00,1000.0
2022-10-22 16:00:00,1000.0
2022-10-22 20:00:00,1000.0
2022-10-23 00:00:00,1000.0
2022-10-23 04:00:00,1000.0
2022-10-23 08:00:00,1000.0
2022-10-23 12:00:00,1000.0
2022-10-23 16:00:00,1000.0
2022-10-23 20:00:00,1000.0
2022-10-24 00:00:00,1000.0
2022-10-24 04:00:00,1000.0
2022-10-24 08:00:00,1000.0
2022-10-24 12:00:00,1000.0
2022-10-24 16:00:00,1000.0
2022-10-24 20:00:00,1000.0
2022-10-25 00:00:00,1000.0
2022-10-25 04:00:00,1000.0
2022-10-25 08:00:00,1000.0
2022-10-25 12:00:00,1000.0
2022-10-25 16:00:00,1000.0
2022-10-25 20:00:00,1000.0
2022-10-26 00:00:00,1000.0
2022-10-26 04:00:00,1000.0
2022-10-26 08:00:00,1000.0
2022-10-26 12:00:00,1000.0
2022-10-26 16:00:00,1000.0
2022-10-26 20:00:00,1000.0
2022-10-27 00:00:00,1000.0
2022-10-27 04:00:00,1000.0
2022-10-27 08:00:00,1000.0
2022-10-27 12:00:00,1000.0
2022-10-27 16:00:00,1000.0
2022-10-27 20:00:00,1000.0
2022-10-28 00:00:00,1000.0
2022-10-28 04:00:00,1000.0
2022-10-28 08:00:00,1000.0
2022-10-28 12:00:00,1000.0
2022-10-28 16:00:00,1000.0
2022-10-28 20:00:00,1000.0
2022-10-29 00:00:00,1000.0
2022-10-29 04:00:00,1000.0
2022-10-29 08:00:00,1000.0
2022-10-29 12:00:00,1000.0
2022-10-29 16:00:00,1000.0
2022-10-29 20:00:00,1000.0
2022-10-30 00:00:00,1000.0
2022-10-30 04:00:00,1000.0
2022-10-30 08:00:00,1000.0
2022-10-30 12:00:00,1000.0
2022-10-30 16:00:00,1000.0
2022-10-30 20:00:00,1000.0
2022-10-31 00:00:00,1000.0
2022-10-31 04:00:00,1000.0
2022-10-31 08:00:00,1000.0
2022-10-31 12:00:00,1000.0
2022-10-31 16:00:00,1000.0
2022-10-31 20:00:00,1000.0
2022-11-01 00:00:00,1000.0
2022-11-01 04:00:00,1000.0
2022-11-01 08:00:00,1000.0
2022-11-01 12:00:00,1000.0
2022-11-01 16:00:00,1000.0
2022-11-01 20:00:00,1000.0
2022-11-02 00:00:00,1000.0
2022-11-02 04:00:00,1000.0
2022-11-02 08:00:00,1000.0
2022-11-02 12:00:00,1000.0
2022-11-02 16:00:00,1000.0
2022-11-02 20:00:00,1000.0
2022-11-03 00:00:00,1000.0
2022-11-03 04:00:00,1000.0
2022-11-03 08:00:00,1000.0
2022-11-03 12:00:00,1000.0
2022-11-03 16:00:00,1000.0
2022-11-03 20:00:00,1000.0
2022-11-04 00:00:00,1000.0
2022-11-04 04:00:00,1000.0
2022-11-04 08:00:00,1000.0
2022-11-04 12:00:00,1899.2805755395684
2022-11-04 16:00:00,1910.9253456309655
2022-11-04 20:00:00,1912.6506565865468
2022-11-05 00:00:00,1925.4282283934017
2022-11-05 04:00:00,1922.8307680027956
2022-11-05 08:00:00,1923.7029174378206
2022-11-05 12:00:00,1919.1540172920522
2022-11-05 16:00:00,1920.530209547517
2022-11-05 20:00:00,1919.1604904447117
2022-11-06 00:00:00,1916.3343119934607
2022-11-06 04:00:00,1914.634462105008
2022-11-06 08:00:00,1917.24918423604
2022-11-06 12:00:00,1916.6458864081505
2022-11-06 16:00:00,1914.6348936485183
2022-11-06 20:00:00,1902.1667385388
2022-11-07 00:00:00,999.7226067472918
2022-11-07 04:00:00,999.7226067472918
2022-11-07 08:00:00,999.7226067472918
2022-11-07 12:00:00,999.7226067472918
2022-11-07 16:00:00,999.7226067472918
2022-11-07 20:00:00,999.7226067472918
2022-11-08 00:00:00,999.7226067472918
2022-11-08 04:00:00,999.7226067472918
2022-11-08 08:00:00,999.7226067472918
2022-11-08 12:00:00,999.7226067472918
2022-11-08 16:00:00,999.7226067472918
2022-11-08 20:00:00,999.7226067472918
2022-11-09 00:00:00,999.7226067472918
2022-11-09 04:00:00,999.7226067472918
2022-11-09 08:00:00,999.7226067472918
2022-11-09 12:00:00,999.7226067472918
2022-11-09 16:00:00,999.7226067472918
2022-11-09 20:00:00,999.7226067472918
2022-11-10 00:00:00,999.7226067472918
2022-11-10 04:00:00,999.7226067472918
2022-11-10 08:00:00,999.7226067472918
2022-11-10 12:00:00,999.7226067472918
2022-11-10 16:00:00,999.7226067472918
2022-11-10 20:00:00,999.7226067472918
2022-11-11 00:00:00,999.7226067472918
2022-11-11 04:00:00,999.7226067472918
2022-11-11 08:00:00,999.7226067472918
2022-11-11 12:00:00,999.7226067472918
2022-11-11 16:00:00,999.7226067472918
2022-11-11 20:00:00,999.7226067472918
2022-11-12 00:00:00,999.7226067472918
2022-11-12 04:00:00,999.7226067472918
2022-11-12 08:00:00,999.7226067472918
2022-11-12 12:00:00,999.7226067472918
2022-11-12 16:00:00,999.7226067472918
2022-11-12 20:00:00,999.7226067472918
2022-11-13 00:00:00,999.7226067472918
2022-11-13 04:00:00,999.7226067472918
2022-11-13 08:00:00,999.7226067472918
2022-11-13 12:00:00,999.7226067472918
2022-11-13 16:00:00,999.7226067472918
2022-11-13 20:00:00,999.7226067472918
2022-11-14 00:00:00,999.7226067472918
2022-11-14 04:00:00,999.7226067472918
2022-11-14 08:00:00,999.7226067472918
2022-11-14 12:00:00,999.7226067472918
2022-11-14 16:00:00,999.7226067472918
2022-11-14 20:00:00,999.7226067472918
2022-11-15 00:00:00,999.7226067472918
2022-11-15 04:00:00,999.7226067472918
2022-11-15 08:00:00,999.7226067472918
2022-11-15 12:00:00,999.7226067472918
2022-11-15 16:00:00,999.7226067472918
2022-11-15 20:00:00,999.7226067472918
2022-11-16 00:00:00,999.7226067472918
2022-11-16 04:00:00,999.7226067472918
2022-11-16 08:00:00,999.7226067472918
2022-11-16 12:00:00,999.7226067472918
2022-11-16 16:00:00,999.7226067472918
2022-11-16 20:00:00,999.7226067472918
2022-11-17 00:00:00,999.7226067472918
2022-11-17 04:00:00,999.7226067472918
2022-11-17 08:00:00,999.7226067472918
2022-11-17 12:00:00,999.7226067472918
2022-11-17 16:00:00,999.7226067472918
2022-11-17 20:00:00,999.7226067472918
2022-11-18 00:00:00,999.7226067472918
2022-11-18 04:00:00,999.7226067472918
2022-11-18 08:00:00,999.7226067472918
2022-11-18 12:00:00,999.7226067472918
2022-11-18 16:00:00,999.7226067472918
2022-11-18 20:00:00,999.7226067472918
2022-11-19 00:00:00,999.7226067472918
2022-11-19 04:00:00,999.7226067472918
2022-11-19 08:00:00,999.7226067472918
2022-11-19 12:00:00,999.7226067472918
2022-11-19 16:00:00,999.7226067472918
2022-11-19 20:00:00,999.7226067472918
2022-11-20 00:00:00,999.7226067472918
2022-11-20 04:00:00,999.7226067472918
2022-11-20 08:00:00,999.7226067472918
2022-11-20 12:00:00,999.7226067472918
2022-11-20 16:00:00,999.7226067472918
2022-11-20 20:00:00,999.7226067472918
2022-11-21 00:00:00,999.7226067472918
2022-11-21 04:00:00,999.7226067472918
2022-11-21 08:00:00,999.7226067472918
2022-11-21 12:00:00,999.7226067472918
2022-11-21 16:00:00,999.7226067472918
2022-11-21 20:00:00,999.7226067472918
2022-11-22 00:00:00,999.7226067472918
2022-11-22 04:00:00,999.7226067472918
2022-11-22 08:00:00,999.7226067472918
2022-11-22 12:00:00,999.7226067472918
2022-11-22 16:00:00,999.7226067472918
2022-11-22 20:00:00,999.7226067472918
2022-11-23 00:00:00,999.7226067472918
2022-11-23 04:00:00,999.7226067472918
2022-11-23 08:00:00,999.7226067472918
2022-11-23 12:00:00,999.7226067472918
2022-11-23 16:00:00,999.7226067472918
2022-11-23 20:00:00,999.7226067472918
2022-11-24 00:00:00,999.7226067472918
2022-11-24 04:00:00,999.7226067472918
2022-11-24 08:00:00,999.7226067472918
2022-11-24 12:00:00,999.7226067472918
2022-11-24 16:00:00,999.7226067472918
2022-11-24 20:00:00,999.7226067472918
2022-11-25 00:00:00,999.7226067472918
2022-11-25 04:00:00,999.7226067472918
2022-11-25 08:00:00,999.7226067472918
2022-11-25 12:00:00,999.7226067472918
2022-11-25 16:00:00,999.7226067472918
2022-11-25 20:00:00,999.7226067472918
2022-11-26 00:00:00,999.7226067472918
2022-11-26 04:00:00,999.7226067472918
2022-11-26 08:00:00,999.7226067472918
2022-11-26 12:00:00,999.7226067472918
2022-11-26 16:00:00,999.7226067472918
2022-11-26 20:00:00,999.7226067472918
2022-11-27 00:00:00,999.7226067472918
2022-11-27 04:00:00,999.7226067472918
2022-11-27 08:00:00,999.7226067472918
2022-11-27 12:00:00,999.7226067472918
2022-11-27 16:00:00,999.7226067472918
2022-11-27 20:00:00,999.7226067472918
2022-11-28 00:00:00,999.7226067472918
2022-11-28 04:00:00,999.7226067472918
2022-11-28 08:00:00,999.7226067472918
2022-11-28 12:00:00,999.7226067472918
2022-11-28 16:00:00,999.7226067472918
2022-11-28 20:00:00,999.7226067472918
2022-11-29 00:00:00,999.7226067472918
2022-11-29 04:00:00,999.7226067472918
2022-11-29 08:00:00,999.7226067472918
2022-11-29 12:00:00,999.7226067472918
2022-11-29 16:00:00,999.7226067472918
2022-11-29 20:00:00,999.7226067472918
2022-11-30 00:00:00,999.7226067472918
2022-11-30 04:00:00,999.7226067472918
2022-11-30 08:00:00,999.7226067472918
2022-11-30 12:00:00,999.7226067472918
2022-11-30 16:00:00,999.7226067472918
2022-11-30 20:00:00,999.7226067472918
2022-12-01 00:00:00,999.7226067472918
2022-12-01 04:00:00,999.7226067472918
2022-12-01 08:00:00,999.7226067472918
2022-12-01 12:00:00,999.7226067472918
2022-12-01 16:00:00,999.7226067472918
2022-12-01 20:00:00,999.7226067472918
2022-12-02 00:00:00,999.7226067472918
2022-12-02 04:00:00,999.7226067472918
2022-12-02 08:00:00,999.7226067472918
2022-12-02 12:00:00,999.7226067472918
2022-12-02 16:00:00,999.7226067472918
2022-12-02 20:00:00,999.7226067472918
2022-12-03 00:00:00,999.7226067472918
2022-12-03 04:00:00,999.7226067472918
2022-12-03 08:00:00,999.7226067472918
2022-12-03 12:00:00,999.7226067472918
2022-12-03 16:00:00,999.7226067472918
2022-12-03 20:00:00,999.7226067472918
2022-12-04 00:00:00,999.7226067472918
2022-12-04 04:00:00,999.7226067472918
2022-12-04 08:00:00,999.7226067472918
2022-12-04 12:00:00,999.7226067472918
2022-12-04 16:00:00,999.7226067472918
2022-12-04 20:00:00,999.7226067472918
2022-12-05 00:00:00,999.7226067472918
2022-12-05 04:00:00,999.7226067472918
2022-12-05 08:00:00,999.7226067472918
2022-12-05 12:00:00,999.7226067472918
2022-12-05 16:00:00,999.7226067472918
2022-12-05 20:00:00,999.7226067472918
2022-12-06 00:00:00,999.7226067472918
2022-12-06 04:00:00,999.7226067472918
2022-12-06 08:00:00,999.7226067472918
2022-12-06 12:00:00,999.7226067472918
2022-12-06 16:00:00,999.7226067472918
2022-12-06 20:00:00,999.7226067472918
2022-12-07 00:00:00,999.7226067472918
2022-12-07 04:00:00,999.7226067472918
2022-12-07 08:00:00,999.7226067472918
2022-12-07 12:00:00,999.7226067472918
2022-12-07 16:00:00,999.7226067472918
2022-12-07 20:00:00,999.7226067472918
2022-12-08 00:00:00,999.7226067472918
2022-12-08 04:00:00,999.7226067472918
2022-12-08 08:00:00,999.7226067472918
2022-12-08 12:00:00,999.7226067472918
2022-12-08 16:00:00,999.7226067472918
2022-12-08 20:00:00,999.7226067472918
2022-12-09 00:00:00,999.7226067472918
2022-12-09 04:00:00,999.7226067472918
2022-12-09 08:00:00,999.7226067472918
2022-12-09 12:00:00,999.7226067472918
2022-12-09 16:00:00,999.7226067472918
2022-12-09 20:00:00,999.7226067472918
2022-12-10 00:00:00,999.7226067472918
2022-12-10 04:00:00,999.7226067472918
2022-12-10 08:00:00,999.7226067472918
2022-12-10 12:00:00,999.7226067472918
2022-12-10 16:00:00,999.7226067472918
2022-12-10 20:00:00,999.7226067472918
2022-12-11 00:00:00,999.7226067472918
2022-12-11 04:00:00,999.7226067472918
2022-12-11 08:00:00,999.7226067472918
2022-12-11 12:00:00,999.7226067472918
2022-12-11 16:00:00,999.7226067472918
2022-12-11 20:00:00,999.7226067472918
2022-12-12 00:00:00,999.7226067472918
2022-12-12 04:00:00,999.7226067472918
2022-12-12 08:00:00,999.7226067472918
2022-12-12 12:00:00,999.7226067472918
2022-12-12 16:00:00,999.7226067472918
2022-12-12 20:00:00,999.7226067472918
2022-12-13 00:00:00,999.7226067472918
2022-12-13 04:00:00,999.7226067472918
2022-12-13 08:00:00,999.7226067472918
2022-12-13 12:00:00,999.7226067472918
2022-12-13 16:00:00,999.7226067472918
2022-12-13 20:00:00,999.7226067472918
2022-12-14 00:00:00,999.7226067472918
2022-12-14 04:00:00,999.7226067472918
2022-12-14 08:00:00,999.7226067472918
2022-12-14 12:00:00,999.7226067472918
2022-12-14 16:00:00,999.7226067472918
2022-12-14 20:00:00,999.7226067472918
2022-12-15 00:00:00,999.7226067472918
2022-12-15 04:00:00,999.7226067472918
2022-12-15 08:00:00,999.7226067472918
2022-12-15 12:00:00,999.7226067472918
2022-12-15 16:00:00,999.7226067472918
2022-12-15 20:00:00,999.7226067472918
2022-12-16 00:00:00,999.7226067472918
2022-12-16 04:00:00,999.7226067472918
2022-12-16 08:00:00,999.7226067472918
2022-12-16 12:00:00,999.7226067472918
2022-12-16 16:00:00,999.7226067472918
2022-12-16 20:00:00,999.7226067472918
2022-12-17 00:00:00,999.7226067472918
2022-12-17 04:00:00,999.7226067472918
2022-12-17 08:00:00,999.7226067472918
2022-12-17 12:00:00,999.7226067472918
2022-12-17 16:00:00,999.7226067472918
2022-12-17 20:00:00,999.7226067472918
2022-12-18 00:00:00,999.7226067472918
2022-12-18 04:00:00,999.7226067472918
2022-12-18 08:00:00,999.7226067472918
2022-12-18 12:00:00,999.7226067472918
2022-12-18 16:00:00,999.7226067472918
2022-12-18 20:00:00,999.7226067472918
2022-12-19 00:00:00,999.7226067472918
2022-12-19 04:00:00,999.7226067472918
2022-12-19 08:00:00,999.7226067472918
2022-12-19 12:00:00,999.7226067472918
2022-12-19 16:00:00,999.7226067472918
2022-12-19 20:00:00,999.7226067472918
2022-12-20 00:00:00,999.7226067472918
2022-12-20 04:00:00,999.7226067472918
2022-12-20 08:00:00,999.7226067472918
2022-12-20 12:00:00,999.7226067472918
2022-12-20 16:00:00,999.7226067472918
2022-12-20 20:00:00,999.7226067472918
2022-12-21 00:00:00,999.7226067472918
2022-12-21 04:00:00,999.7226067472918
2022-12-21 08:00:00,999.7226067472918
2022-12-21 12:00:00,999.7226067472918
2022-12-21 16:00:00,999.7226067472918
2022-12-21 20:00:00,999.7226067472918
2022-12-22 00:00:00,999.7226067472918
2022-12-22 04:00:00,999.7226067472918
2022-12-22 08:00:00,999.7226067472918
2022-12-22 12:00:00,999.7226067472918
2022-12-22 16:00:00,999.7226067472918
2022-12-22 20:00:00,999.7226067472918
2022-12-23 00:00:00,999.7226067472918
2022-12-23 04:00:00,999.7226067472918
2022-12-23 08:00:00,999.7226067472918
2022-12-23 12:00:00,999.7226067472918
2022-12-23 16:00:00,999.7226067472918
2022-12-23 20:00:00,999.7226067472918
2022-12-24 00:00:00,999.7226067472918
2022-12-24 04:00:00,999.7226067472918
2022-12-24 08:00:00,999.7226067472918
2022-12-24 12:00:00,999.7226067472918
2022-12-24 16:00:00,999.7226067472918
2022-12-24 20:00:00,999.7226067472918
2022-12-25 00:00:00,999.7226067472918
2022-12-25 04:00:00,999.7226067472918
2022-12-25 08:00:00,999.7226067472918
2022-12-25 12:00:00,999.7226067472918
2022-12-25 16:00:00,999.7226067472918
2022-12-25 20:00:00,999.7226067472918
2022-12-26 00:00:00,999.7226067472918
2022-12-26 04:00:00,999.7226067472918
2022-12-26 08:00:00,999.7226067472918
2022-12-26 12:00:00,999.7226067472918
2022-12-26 16:00:00,999.7226067472918
2022-12-26 20:00:00,999.7226067472918
2022-12-27 00:00:00,999.7226067472918
2022-12-27 04:00:00,999.7226067472918
2022-12-27 08:00:00,999.7226067472918
2022-12-27 12:00:00,999.7226067472918
2022-12-27 16:00:00,999.7226067472918
2022-12-27 20:00:00,999.7226067472918
2022-12-28 00:00:00,999.7226067472918
2022-12-28 04:00:00,999.7226067472918
2022-12-28 08:00:00,999.7226067472918
2022-12-28 12:00:00,999.7226067472918
2022-12-28 16:00:00,999.7226067472918
2022-12-28 20:00:00,999.7226067472918
2022-12-29 00:00:00,999.7226067472918
2022-12-29 04:00:00,999.7226067472918
2022-12-29 08:00:00,999.7226067472918
2022-12-29 12:00:00,999.7226067472918
2022-12-29 16:00:00,999.7226067472918
2022-12-29 20:00:00,999.7226067472918
2022-12-30 00:00:00,999.7226067472918
2022-12-30 04:00:00,999.7226067472918
2022-12-30 08:00:00,999.7226067472918
2022-12-30 12:00:00,999.7226067472918
2022-12-30 16:00:00,999.7226067472918
2022-12-30 20:00:00,999.7226067472918
2022-12-31 00:00:00,999.7226067472918
2022-12-31 04:00:00,999.7226067472918
2022-12-31 08:00:00,999.7226067472918
2022-12-31 12:00:00,999.7226067472918
2022-12-31 16:00:00,999.7226067472918
2022-12-31 20:00:00,999.7226067472918
2023-01-01 00:00:00,999.7226067472918
2023-01-01 04:00:00,1000.0
2023-01-09 12:00:00,1000.0
2023-01-09 16:00:00,1000.0
2023-01-09 20:00:00,1000.0
2023-01-10 00:00:00,1000.0
2023-01-10 04:00:00,1000.0
2023-01-10 08:00:00,1000.0
2023-01-10 12:00:00,1000.0
2023-01-10 16:00:00,1899.2805755395684
2023-01-10 20:00:00,1899.6834575293155
2023-01-11 00:00:00,1898.4185834718762
2023-01-11 04:00:00,1899.992454087393
2023-01-11 08:00:00,1899.5333440094482
2023-01-11 12:00:00,1894.100369469093
2023-01-11 16:00:00,1905.3387651523608
2023-01-11 20:00:00,1007.1526298277387
2023-01-12 00:00:00,1912.8654264354172
2023-01-12 04:00:00,1908.5686196659872
2023-01-12 08:00:00,1911.6786609293567
2023-01-12 12:00:00,1906.0042519895749
2023-01-12 16:00:00,1012.8130498517359
2023-01-12 20:00:00,1012.8130498517359
2023-01-13 00:00:00,1012.8130498517359
2023-01-13 04:00:00,1012.8130498517359
2023-01-13 08:00:00,1012.8130498517359
2023-01-13 12:00:00,1923.6161522363905
2023-01-13 16:00:00,1928.3836234457194
2023-01-13 20:00:00,1955.2426161743351
2023-01-14 00:00:00,1056.6063668552772
2023-01-14 04:00:00,1056.6063668552772
2023-01-14 08:00:00,1056.6063668552772
2023-01-14 12:00:00,1056.6063668552772
2023-01-14 16:00:00,1056.6063668552772
2023-01-14 20:00:00,1056.6063668552772
2023-01-15 00:00:00,1056.6063668552772
2023-01-15 04:00:00,1056.6063668552772
2023-01-15 08:00:00,1056.6063668552772
2023-01-15 12:00:00,1056.6063668552772
2023-01-15 16:00:00,1056.6063668552772
2023-01-15 20:00:00,1056.6063668552772
2023-01-16 00:00:00,1056.6063668552772
2023-01-16 04:00:00,1056.6063668552772
2023-01-16 08:00:00,1056.6063668552772
2023-01-16 12:00:00,1056.6063668552772
2023-01-16 16:00:00,1056.6063668552772
2023-01-16 20:00:00,1056.6063668552772
2023-01-17 00:00:00,1056.6063668552772
2023-01-17 04:00:00,1056.6063668552772
2023-01-17 08:00:00,1056.6063668552772
2023-01-17 12:00:00,1056.6063668552772
2023-01-17 16:00:00,1056.6063668552772
2023-01-17 20:00:00,1056.6063668552772
2023-01-18 00:00:00,1056.6063668552772
2023-01-18 04:00:00,1056.6063668552772
2023-01-18 08:00:00,1056.6063668552772
2023-01-18 12:00:00,1056.6063668552772
2023-01-18 16:00:00,1056.6063668552772
2023-01-18 20:00:00,1056.6063668552772
2023-01-19 00:00:00,1056.6063668552772
2023-01-19 04:00:00,1056.6063668552772
2023-01-19 08:00:00,1056.6063668552772
2023-01-19 12:00:00,1056.6063668552772
2023-01-19 16:00:00,1056.6063668552772
2023-01-19 20:00:00,1056.6063668552772
2023-01-20 00:00:00,1056.6063668552772
2023-01-20 04:00:00,1056.6063668552772
2023-01-20 08:00:00,1056.6063668552772
2023-01-20 12:00:00,1056.6063668552772
2023-01-20 16:00:00,1056.6063668552772
2023-01-20 20:00:00,2006.791948559663
2023-01-21 00:00:00,2001.767543534824
2023-01-21 04:00:00,2005.5825869297066
2023-01-21 08:00:00,2016.7871023567825
2023-01-21 12:00:00,2020.696044193644
2023-01-21 16:00:00,2032.081230283635
2023-01-21 20:00:00,2011.6687988899632
2023-01-22 00:00:00,2010.6103454703307
2023-01-22 04:00:00,2016.3490493573702
2023-01-22 08:00:00,2011.671314026802
2023-01-22 12:00:00,2012.1282305525053
2023-01-22 16:00:00,2009.0949755249947
2023-01-22 20:00:00,1039.5946941897428
2023-01-23 00:00:00,1039.5946941897428
2023-01-23 04:00:00,1039.5946941897428
2023-01-23 08:00:00,1039.5946941897428
2023-01-23 12:00:00,1039.5946941897428
2023-01-23 16:00:00,1039.5946941897428
2023-01-23 20:00:00,1039.5946941897428
2023-01-24 00:00:00,1039.5946941897428
2023-01-24 04:00:00,1039.5946941897428
2023-01-24 08:00:00,1039.5946941897428
2023-01-24 12:00:00,1039.5946941897428
2023-01-24 16:00:00,1039.5946941897428
2023-01-24 20:00:00,1039.5946941897428
2023-01-25 00:00:00,1039.5946941897428
2023-01-25 04:00:00,1039.5946941897428
2023-01-25 08:00:00,1039.5946941897428
2023-01-25 12:00:00,1039.5946941897428
2023-01-25 16:00:00,1039.5946941897428
2023-01-25 20:00:00,1039.5946941897428
2023-01-26 00:00:00,1039.5946941897428
2023-01-26 04:00:00,1039.5946941897428
2023-01-26 08:00:00,1039.5946941897428
2023-01-26 12:00:00,1039.5946941897428
2023-01-26 16:00:00,1039.5946941897428
2023-01-26 20:00:00,1039.5946941897428
2023-01-27 00:00:00,1039.5946941897428
2023-01-27 04:00:00,1039.5946941897428
2023-01-27 08:00:00,1039.5946941897428
2023-01-27 12:00:00,1039.5946941897428
2023-01-27 16:00:00,1039.5946941897428
2023-01-27 20:00:00,1039.5946941897428
2023-01-28 00:00:00,1039.5946941897428
2023-01-28 04:00:00,1039.5946941897428
2023-01-28 08:00:00,1039.5946941897428
2023-01-28 12:00:00,1039.5946941897428
2023-01-28 16:00:00,1039.5946941897428
2023-01-28 20:00:00,1039.5946941897428
2023-01-29 00:00:00,1039.5946941897428
2023-01-29 04:00:00,1039.5946941897428
2023-01-29 08:00:00,1039.5946941897428
2023-01-29 12:00:00,1039.5946941897428
2023-01-29 16:00:00,1974.4820091085762
2023-01-29 20:00:00,1968.397259484239
2023-01-30 00:00:00,1966.7988097629427
2023-01-30 04:00:00,1964.5051948055368
2023-01-30 08:00:00,1003.7021220473113
2023-01-30 12:00:00,1003.7021220473113
2023-01-30 16:00:00,1003.7021220473113
2023-01-30 20:00:00,1003.7021220473113
2023-01-31 00:00:00,1003.7021220473113
2023-01-31 04:00:00,1003.7021220473113
2023-01-31 08:00:00,1003.7021220473113
2023-01-31 12:00:00,1003.7021220473113
2023-01-31 16:00:00,1003.7021220473113
2023-01-31 20:00:00,1003.7021220473113
2023-02-01 00:00:00,1003.7021220473113
2023-02-01 04:00:00,1003.7021220473113
2023-02-01 08:00:00,1003.7021220473113
2023-02-01 12:00:00,1003.7021220473113
2023-02-01 16:00:00,1003.7021220473113
2023-02-01 20:00:00,1003.7021220473113
2023-02-02 00:00:00,1003.7021220473113
2023-02-02 04:00:00,1003.7021220473113
2023-02-02 08:00:00,1003.7021220473113
2023-02-02 12:00:00,1003.7021220473113
2023-02-02 16:00:00,1003.7021220473113
2023-02-02 20:00:00,1003.7021220473113
2023-02-03 00:00:00,1003.7021220473113
2023-02-03 04:00:00,1003.7021220473113
2023-02-03 08:00:00,1003.7021220473113
2023-02-03 12:00:00,1003.7021220473113
2023-02-03 16:00:00,1003.7021220473113
2023-02-03 20:00:00,1003.7021220473113
2023-02-04 00:00:00,1003.7021220473113
2023-02-04 04:00:00,1003.7021220473113
2023-02-04 08:00:00,1003.7021220473113
2023-02-04 12:00:00,1003.7021220473113
2023-02-04 16:00:00,1003.7021220473113
2023-02-04 20:00:00,1003.7021220473113
2023-02-05 00:00:00,1003.7021220473113
2023-02-05 04:00:00,1003.7021220473113
2023-02-05 08:00:00,1003.7021220473113
2023-02-05 12:00:00,1003.7021220473113
2023-02-05 16:00:00,1003.7021220473113
2023-02-05 20:00:00,1003.7021220473113
2023-02-06 00:00:00,1003.7021220473113
2023-02-06 04:00:00,1003.7021220473113
2023-02-06 08:00:00,1003.7021220473113
2023-02-06 12:00:00,1003.7021220473113
2023-02-06 16:00:00,1003.7021220473113
2023-02-06 20:00:00,1003.7021220473113
2023-02-07 00:00:00,1003.7021220473113
2023-02-07 04:00:00,1003.7021220473113
2023-02-07 08:00:00,1003.7021220473113
2023-02-07 12:00:00,1003.7021220473113
2023-02-07 16:00:00,1003.7021220473113
2023-02-07 20:00:00,1003.7021220473113
2023-02-08 00:00:00,1003.7021220473113
2023-02-08 04:00:00,1003.7021220473113
2023-02-08 08:00:00,1003.7021220473113
2023-02-08 12:00:00,1003.7021220473113
2023-02-08 16:00:00,1003.7021220473113
2023-02-08 20:00:00,1003.7021220473113
2023-02-09 00:00:00,1003.7021220473113
2023-02-09 04:00:00,1003.7021220473113
2023-02-09 08:00:00,1003.7021220473113
2023-02-09 12:00:00,1003.7021220473113
2023-02-09 16:00:00,1003.7021220473113
2023-02-09 20:00:00,1003.7021220473113
2023-02-10 00:00:00,1003.7021220473113
2023-02-10 04:00:00,1003.7021220473113
2023-02-10 08:00:00,1003.7021220473113
2023-02-10 12:00:00,1003.7021220473113
2023-02-10 16:00:00,1003.7021220473113
2023-02-10 20:00:00,1003.7021220473113
2023-02-11 00:00:00,1003.7021220473113
2023-02-11 04:00:00,1003.7021220473113
2023-02-11 08:00:00,1003.7021220473113
2023-02-11 12:00:00,1003.7021220473113
2023-02-11 16:00:00,1003.7021220473113
2023-02-11 20:00:00,1003.7021220473113
2023-02-12 00:00:00,1003.7021220473113
2023-02-12 04:00:00,1003.7021220473113
2023-02-12 08:00:00,1003.7021220473113
2023-02-12 12:00:00,1003.7021220473113
2023-02-12 16:00:00,1003.7021220473113
2023-02-12 20:00:00,1003.7021220473113
2023-02-13 00:00:00,1003.7021220473113
2023-02-13 04:00:00,1003.7021220473113
2023-02-13 08:00:00,1003.7021220473113
2023-02-13 12:00:00,1003.7021220473113
2023-02-13 16:00:00,1003.7021220473113
2023-02-13 20:00:00,1003.7021220473113
2023-02-14 00:00:00,1003.7021220473113
2023-02-14 04:00:00,1003.7021220473113
2023-02-14 08:00:00,1003.7021220473113
2023-02-14 12:00:00,1003.7021220473113
2023-02-14 16:00:00,1003.7021220473113
2023-02-14 20:00:00,1003.7021220473113
2023-02-15 00:00:00,1003.7021220473113
2023-02-15 04:00:00,1003.7021220473113
2023-02-15 08:00:00,1906.3119440323035
2023-02-15 12:00:00,1920.963132795469
2023-02-15 16:00:00,1941.4497839180972
2023-02-15 20:00:00,1040.474193300344
2023-02-16 00:00:00,1976.1524246855456
2023-02-16 04:00:00,1971.6326292792091
2023-02-16 08:00:00,1969.9528861132146
2023-02-16 12:00:00,1989.0247808168428
2023-02-16 16:00:00,1981.4549652744145
2023-02-16 20:00:00,993.059276677101
2023-02-17 00:00:00,993.059276677101
2023-02-17 04:00:00,993.059276677101
2023-02-17 08:00:00,993.059276677101
2023-02-17 12:00:00,993.059276677101
2023-02-17 16:00:00,993.059276677101
2023-02-17 20:00:00,993.059276677101
2023-02-18 00:00:00,993.059276677101
2023-02-18 04:00:00,993.059276677101
2023-02-18 08:00:00,993.059276677101
2023-02-18 12:00:00,993.059276677101
2023-02-18 16:00:00,993.059276677101
2023-02-18 20:00:00,993.059276677101
2023-02-19 00:00:00,993.059276677101
2023-02-19 04:00:00,993.059276677101
2023-02-19 08:00:00,993.059276677101
2023-02-19 12:00:00,993.059276677101
2023-02-19 16:00:00,993.059276677101
2023-02-19 20:00:00,993.059276677101
2023-02-20 00:00:00,993.059276677101
2023-02-20 04:00:00,993.059276677101
2023-02-20 08:00:00,993.059276677101
2023-02-20 12:00:00,993.059276677101
2023-02-20 16:00:00,993.059276677101
2023-02-20 20:00:00,993.059276677101
2023-02-21 00:00:00,993.059276677101
2023-02-21 04:00:00,993.059276677101
2023-02-21 08:00:00,993.059276677101
2023-02-21 12:00:00,993.059276677101
2023-02-21 16:00:00,993.059276677101
2023-02-21 20:00:00,993.059276677101
2023-02-22 00:00:00,993.059276677101
2023-02-22 04:00:00,993.059276677101
2023-02-22 08:00:00,993.059276677101
2023-02-22 12:00:00,993.059276677101
2023-02-22 16:00:00,993.059276677101
2023-02-22 20:00:00,993.059276677101
2023-02-23 00:00:00,993.059276677101
2023-02-23 04:00:00,993.059276677101
2023-02-23 08:00:00,993.059276677101
2023-02-23 12:00:00,993.059276677101
2023-02-23 16:00:00,993.059276677101
2023-02-23 20:00:00,993.059276677101
2023-02-24 00:00:00,993.059276677101
2023-02-24 04:00:00,993.059276677101
2023-02-24 08:00:00,993.059276677101
2023-02-24 12:00:00,993.059276677101
2023-02-24 16:00:00,993.059276677101
2023-02-24 20:00:00,993.059276677101
2023-02-25 00:00:00,993.059276677101
2023-02-25 04:00:00,993.059276677101
2023-02-25 08:00:00,993.059276677101
2023-02-25 12:00:00,993.059276677101
2023-02-25 16:00:00,993.059276677101
2023-02-25 20:00:00,993.059276677101
2023-02-26 00:00:00,993.059276677101
2023-02-26 04:00:00,993.059276677101
2023-02-26 08:00:00,993.059276677101
2023-02-26 12:00:00,993.059276677101
2023-02-26 16:00:00,993.059276677101
2023-02-26 20:00:00,993.059276677101
2023-02-27 00:00:00,993.059276677101
2023-02-27 04:00:00,993.059276677101
2023-02-27 08:00:00,993.059276677101
2023-02-27 12:00:00,993.059276677101
2023-02-27 16:00:00,993.059276677101
2023-02-27 20:00:00,993.059276677101
2023-02-28 00:00:00,993.059276677101
2023-02-28 04:00:00,993.059276677101
2023-02-28 08:00:00,993.059276677101
2023-02-28 12:00:00,993.059276677101
2023-02-28 16:00:00,993.059276677101
2023-02-28 20:00:00,993.059276677101
2023-03-01 00:00:00,993.059276677101
2023-03-01 04:00:00,993.059276677101
2023-03-01 08:00:00,993.059276677101
2023-03-01 12:00:00,993.059276677101
2023-03-01 16:00:00,993.059276677101
2023-03-01 20:00:00,993.059276677101
2023-03-02 00:00:00,993.059276677101
2023-03-02 04:00:00,993.059276677101
2023-03-02 08:00:00,993.059276677101
2023-03-02 12:00:00,993.059276677101
2023-03-02 16:00:00,993.059276677101
2023-03-02 20:00:00,993.059276677101
2023-03-03 00:00:00,993.059276677101
2023-03-03 04:00:00,993.059276677101
2023-03-03 08:00:00,993.059276677101
2023-03-03 12:00:00,993.059276677101
2023-03-03 16:00:00,993.059276677101
2023-03-03 20:00:00,993.059276677101
2023-03-04 00:00:00,993.059276677101
2023-03-04 04:00:00,993.059276677101
2023-03-04 08:00:00,993.059276677101
2023-03-04 12:00:00,993.059276677101
2023-03-04 16:00:00,993.059276677101
2023-03-04 20:00:00,993.059276677101
2023-03-05 00:00:00,993.059276677101
2023-03-05 04:00:00,993.059276677101
2023-03-05 08:00:00,993.059276677101
2023-03-05 12:00:00,993.059276677101
2023-03-05 16:00:00,993.059276677101
2023-03-05 20:00:00,993.059276677101
2023-03-06 00:00:00,993.059276677101
2023-03-06 04:00:00,993.059276677101
2023-03-06 08:00:00,993.059276677101
2023-03-06 12:00:00,993.059276677101
2023-03-06 16:00:00,993.059276677101
2023-03-06 20:00:00,993.059276677101
2023-03-07 00:00:00,993.059276677101
2023-03-07 04:00:00,993.059276677101
2023-03-07 08:00:00,993.059276677101
2023-03-07 12:00:00,993.059276677101
2023-03-07 16:00:00,993.059276677101
2023-03-07 20:00:00,993.059276677101
2023-03-08 00:00:00,993.059276677101
2023-03-08 04:00:00,993.059276677101
2023-03-08 08:00:00,993.059276677101
2023-03-08 12:00:00,993.059276677101
2023-03-08 16:00:00,993.059276677101
2023-03-08 20:00:00,993.059276677101
2023-03-09 00:00:00,993.059276677101
2023-03-09 04:00:00,993.059276677101
2023-03-09 08:00:00,993.059276677101
2023-03-09 12:00:00,993.059276677101
2023-03-09 16:00:00,993.059276677101
2023-03-09 20:00:00,993.059276677101
2023-03-10 00:00:00,993.059276677101
2023-03-10 04:00:00,993.059276677101
2023-03-10 08:00:00,993.059276677101
2023-03-10 12:00:00,993.059276677101
2023-03-10 16:00:00,993.059276677101
2023-03-10 20:00:00,993.059276677101
2023-03-11 00:00:00,993.059276677101
2023-03-11 04:00:00,993.059276677101
2023-03-11 08:00:00,993.059276677101
2023-03-11 12:00:00,993.059276677101
2023-03-11 16:00:00,993.059276677101
2023-03-11 20:00:00,993.059276677101
2023-03-12 00:00:00,993.059276677101
2023-03-12 04:00:00,993.059276677101
2023-03-12 08:00:00,993.059276677101
2023-03-12 12:00:00,993.059276677101
2023-03-12 16:00:00,993.059276677101
2023-03-12 20:00:00,993.059276677101
2023-03-13 00:00:00,993.059276677101
2023-03-13 04:00:00,993.059276677101
2023-03-13 08:00:00,993.059276677101
2023-03-13 12:00:00,993.059276677101
2023-03-13 16:00:00,993.059276677101
2023-03-13 20:00:00,993.059276677101
2023-03-14 00:00:00,993.059276677101
2023-03-14 04:00:00,993.059276677101
2023-03-14 08:00:00,993.059276677101
2023-03-14 12:00:00,993.059276677101
2023-03-14 16:00:00,993.059276677101
2023-03-14 20:00:00,993.059276677101
2023-03-15 00:00:00,993.059276677101
2023-03-15 04:00:00,993.059276677101
2023-03-15 08:00:00,993.059276677101
2023-03-15 12:00:00,993.059276677101
2023-03-15 16:00:00,993.059276677101
2023-03-15 20:00:00,993.059276677101
2023-03-16 00:00:00,993.059276677101
2023-03-16 04:00:00,993.059276677101
2023-03-16 08:00:00,993.059276677101
2023-03-16 12:00:00,993.059276677101
2023-03-16 16:00:00,993.059276677101
2023-03-16 20:00:00,993.059276677101
2023-03-17 00:00:00,993.059276677101
2023-03-17 04:00:00,993.059276677101
2023-03-17 08:00:00,1886.0981945521921
2023-03-17 12:00:00,1869.5970956013168
2023-03-17 16:00:00,1883.3161077430073
2023-03-17 20:00:00,1901.9029424164373
2023-03-18 00:00:00,1898.9971114646546
2023-03-18 04:00:00,1900.7338422595606
2023-03-18 08:00:00,1903.494033322334
2023-03-18 12:00:00,1896.299621857514
2023-03-18 16:00:00,1899.7365905366405
2023-03-18 20:00:00,1885.7253033557308
2023-03-19 00:00:00,1895.3866355829043
2023-03-19 04:00:00,1887.958669489696
2023-03-19 08:00:00,1894.1349287463847
2023-03-19 12:00:00,1906.9286797253258
2023-03-19 16:00:00,1930.4583132742678
2023-03-19 20:00:00,1921.0696826160363
2023-03-20 00:00:00,1897.7241723891905
2023-03-20 04:00:00,1928.0451366167422
2023-03-20 08:00:00,1928.2375537821758
2023-03-20 12:00:00,1911.8333269214845
2023-03-20 16:00:00,1914.8403427619864
2023-03-20 20:00:00,1912.5814315905413
2023-03-21 00:00:00,1914.9129968296245
2023-03-21 04:00:00,1905.5562145298097
2023-03-21 08:00:00,1923.3010582276006
2023-03-21 12:00:00,1923.3319113248167
2023-03-21 16:00:00,1926.1776948508345
2023-03-21 20:00:00,1925.4687371223313
2023-03-22 00:00:00,1927.083382543307
2023-03-22 04:00:00,1925.4096849577672
2023-03-22 08:00:00,1926.0416758200968
2023-03-22 12:00:00,1941.711399914805
2023-03-22 16:00:00,983.2967977792382
2023-03-22 20:00:00,983.2967977792382
2023-03-23 00:00:00,983.2967977792382
2023-03-23 04:00:00,983.2967977792382
2023-03-23 08:00:00,983.2967977792382
2023-03-23 12:00:00,983.2967977792382
2023-03-23 16:00:00,983.2967977792382
2023-03-23 20:00:00,983.2967977792382
2023-03-24 00:00:00,983.2967977792382
2023-03-24 04:00:00,983.2967977792382
2023-03-24 08:00:00,983.2967977792382
2023-03-24 12:00:00,983.2967977792382
2023-03-24 16:00:00,983.2967977792382
2023-03-24 20:00:00,983.2967977792382
2023-03-25 00:00:00,983.2967977792382
2023-03-25 04:00:00,983.2967977792382
2023-03-25 08:00:00,983.2967977792382
2023-03-25 12:00:00,983.2967977792382
2023-03-25 16:00:00,983.2967977792382
2023-03-25 20:00:00,983.2967977792382
2023-03-26 00:00:00,983.2967977792382
2023-03-26 04:00:00,983.2967977792382
2023-03-26 08:00:00,983.2967977792382
2023-03-26 12:00:00,983.2967977792382
2023-03-26 16:00:00,983.2967977792382
2023-03-26 20:00:00,983.2967977792382
2023-03-27 00:00:00,983.2967977792382
2023-03-27 04:00:00,983.2967977792382
2023-03-27 08:00:00,983.2967977792382
2023-03-27 12:00:00,983.2967977792382
2023-03-27 16:00:00,983.2967977792382
2023-03-27 20:00:00,983.2967977792382
2023-03-28 00:00:00,983.2967977792382
2023-03-28 04:00:00,983.2967977792382
2023-03-28 08:00:00,983.2967977792382
2023-03-28 12:00:00,983.2967977792382
2023-03-28 16:00:00,983.2967977792382
2023-03-28 20:00:00,983.2967977792382
2023-03-29 00:00:00,983.2967977792382
2023-03-29 04:00:00,983.2967977792382
2023-03-29 08:00:00,1867.556508012366
2023-03-29 12:00:00,1870.3258629521365
2023-03-29 16:00:00,1869.599219144742
2023-03-29 20:00:00,1867.388413157351
2023-03-30 00:00:00,1871.7726014167306
2023-03-30 04:00:00,1879.1272970861683
2023-03-30 08:00:00,1876.6255217115245
2023-03-30 12:00:00,1865.8830442052931
2023-03-30 16:00:00,965.4313718714756
2023-03-30 20:00:00,965.4313718714756
2023-03-31 00:00:00,965.4313718714756
2023-03-31 04:00:00,965.4313718714756
2023-03-31 08:00:00,965.4313718714756
2023-03-31 12:00:00,965.4313718714756
2023-03-31 16:00:00,965.4313718714756
2023-03-31 20:00:00,965.4313718714756
2023-04-01 00:00:00,965.4313718714756
2023-04-01 04:00:00,1000.0
2023-04-09 12:00:00,1000.0
2023-04-09 16:00:00,1000.0
2023-04-09 20:00:00,1000.0
2023-04-10 00:00:00,1000.0
2023-04-10 04:00:00,1000.0
2023-04-10 08:00:00,1000.0
2023-04-10 12:00:00,1000.0
2023-04-10 16:00:00,1899.2805755395684
2023-04-10 20:00:00,1913.5923407644543
2023-04-11 00:00:00,1928.3458385551899
2023-04-11 04:00:00,1928.0665575330963
2023-04-11 08:00:00,1926.471634786617
2023-04-11 12:00:00,1930.758567650029
2023-04-11 16:00:00,1928.7795564338712
2023-04-11 20:00:00,1930.9496871132712
2023-04-12 00:00:00,1922.3684232136768
2023-04-12 04:00:00,1924.3708619769418
2023-04-12 08:00:00,1925.2740555693626
2023-04-12 12:00:00,1923.6624869341488
2023-04-12 16:00:00,1918.5629880947567
2023-04-12 20:00:00,1921.3212735094264
2023-04-13 00:00:00,1926.9962885389377
2023-04-13 04:00:00,1926.8862407189738
2023-04-13 08:00:00,1929.6981628862309
2023-04-13 12:00:00,1938.3789938610307
2023-04-13 16:00:00,1935.102219838016
2023-04-13 20:00:00,1936.295483454487
2023-04-14 00:00:00,1946.0684696845592
2023-04-14 04:00:00,1947.3890435241262
2023-04-14 08:00:00,1949.490432848199
2023-04-14 12:00:00,1932.1047268370942
2023-04-14 16:00:00,1934.7619038905646
2023-04-14 20:00:00,1939.1650497179157
2023-04-15 00:00:00,1936.3663826102063
2023-04-15 04:00:00,1938.1283807584239
2023-04-15 08:00:00,1936.6487462042874
2023-04-15 12:00:00,1934.7982782400204
2023-04-15 16:00:00,1934.99772064763
2023-04-15 20:00:00,1933.867958014107
2023-04-16 00:00:00,1932.458606101292
2023-04-16 04:00:00,1935.405544921614
2023-04-16 08:00:00,1931.7520806016917
2023-04-16 12:00:00,1935.0359445402785
2023-04-16 16:00:00,1934.2985933208006
2023-04-16 20:00:00,1934.1626518961393
2023-04-17 00:00:00,1023.5020008382918
2023-04-17 04:00:00,1023.5020008382918
2023-04-17 08:00:00,1023.5020008382918
2023-04-17 12:00:00,1023.5020008382918
2023-04-17 16:00:00,1023.5020008382918
2023-04-17 20:00:00,1023.5020008382918
2023-04-18 00:00:00,1023.5020008382918
2023-04-18 04:00:00,1023.5020008382918
2023-04-18 08:00:00,1023.5020008382918
2023-04-18 12:00:00,1023.5020008382918
2023-04-18 16:00:00,1023.5020008382918
2023-04-18 20:00:00,1023.5020008382918
2023-04-19 00:00:00,1023.5020008382918
2023-04-19 04:00:00,1023.5020008382918
2023-04-19 08:00:00,1023.5020008382918
2023-04-19 12:00:00,1023.5020008382918
2023-04-19 16:00:00,1023.5020008382918
2023-04-19 20:00:00,1023.5020008382918
2023-04-20 00:00:00,1023.5020008382918
2023-04-20 04:00:00,1023.5020008382918
2023-04-20 08:00:00,1023.5020008382918
2023-04-20 12:00:00,1023.5020008382918
2023-04-20 16:00:00,1023.5020008382918
2023-04-20 20:00:00,1023.5020008382918
2023-04-21 00:00:00,1023.5020008382918
2023-04-21 04:00:00,1023.5020008382918
2023-04-21 08:00:00,1023.5020008382918
2023-04-21 12:00:00,1023.5020008382918
2023-04-21 16:00:00,1023.5020008382918
2023-04-21 20:00:00,1023.5020008382918
2023-04-22 00:00:00,1023.5020008382918
2023-04-22 04:00:00,1023.5020008382918
2023-04-22 08:00:00,1023.5020008382918
2023-04-22 12:00:00,1023.5020008382918
2023-04-22 16:00:00,1023.5020008382918
2023-04-22 20:00:00,1023.5020008382918
2023-04-23 00:00:00,1023.5020008382918
2023-04-23 04:00:00,1023.5020008382918
2023-04-23 08:00:00,1023.5020008382918
2023-04-23 12:00:00,1023.5020008382918
2023-04-23 16:00:00,1023.5020008382918
2023-04-23 20:00:00,1023.5020008382918
2023-04-24 00:00:00,1023.5020008382918
2023-04-24 04:00:00,1023.5020008382918
2023-04-24 08:00:00,1023.5020008382918
2023-04-24 12:00:00,1023.5020008382918
2023-04-24 16:00:00,1023.5020008382918
2023-04-24 20:00:00,1023.5020008382918
2023-04-25 00:00:00,1023.5020008382918
2023-04-25 04:00:00,1023.5020008382918
2023-04-25 08:00:00,1023.5020008382918
2023-04-25 12:00:00,1023.5020008382918
2023-04-25 16:00:00,1023.5020008382918
2023-04-25 20:00:00,1023.5020008382918
2023-04-26 00:00:00,1023.5020008382918
2023-04-26 04:00:00,1023.5020008382918
2023-04-26 08:00:00,1943.9174692180507
2023-04-26 12:00:00,1971.5026059555487
2023-04-26 16:00:00,988.1014542616497
2023-04-26 20:00:00,988.1014542616497
2023-04-27 00:00:00,988.1014542616497
2023-04-27 04:00:00,988.1014542616497
2023-04-27 08:00:00,988.1014542616497
2023-04-27 12:00:00,988.1014542616497
2023-04-27 16:00:00,988.1014542616497
2023-04-27 20:00:00,988.1014542616497
2023-04-28 00:00:00,988.1014542616497
2023-04-28 04:00:00,988.1014542616497
2023-04-28 08:00:00,988.1014542616497
2023-04-28 12:00:00,988.1014542616497
2023-04-28 16:00:00,988.1014542616497
2023-04-28 20:00:00,988.1014542616497
2023-04-29 00:00:00,988.1014542616497
2023-04-29 04:00:00,988.1014542616497
2023-04-29 08:00:00,988.1014542616497
2023-04-29 12:00:00,988.1014542616497
2023-04-29 16:00:00,988.1014542616497
2023-04-29 20:00:00,988.1014542616497
2023-04-30 00:00:00,988.1014542616497
2023-04-30 04:00:00,988.1014542616497
2023-04-30 08:00:00,988.1014542616497
2023-04-30 12:00:00,988.1014542616497
2023-04-30 16:00:00,988.1014542616497
2023-04-30 20:00:00,988.1014542616497
2023-05-01 00:00:00,988.1014542616497
2023-05-01 04:00:00,988.1014542616497
2023-05-01 08:00:00,988.1014542616497
2023-05-01 12:00:00,988.1014542616497
2023-05-01 16:00:00,988.1014542616497
2023-05-01 20:00:00,988.1014542616497
2023-05-02 00:00:00,988.1014542616497
2023-05-02 04:00:00,988.1014542616497
2023-05-02 08:00:00,988.1014542616497
2023-05-02 12:00:00,988.1014542616497
2023-05-02 16:00:00,988.1014542616497
2023-05-02 20:00:00,988.1014542616497
2023-05-03 00:00:00,988.1014542616497
2023-05-03 04:00:00,988.1014542616497
2023-05-03 08:00:00,988.1014542616497
2023-05-03 12:00:00,988.1014542616497
2023-05-03 16:00:00,988.1014542616497
2023-05-03 20:00:00,988.1014542616497
2023-05-04 00:00:00,988.1014542616497
2023-05-04 04:00:00,988.1014542616497
2023-05-04 08:00:00,988.1014542616497
2023-05-04 12:00:00,988.1014542616497
2023-05-04 16:00:00,988.1014542616497
2023-05-04 20:00:00,988.1014542616497
2023-05-05 00:00:00,988.1014542616497
2023-05-05 04:00:00,988.1014542616497
2023-05-05 08:00:00,988.1014542616497
2023-05-05 12:00:00,988.1014542616497
2023-05-05 16:00:00,988.1014542616497
2023-05-05 20:00:00,988.1014542616497
2023-05-06 00:00:00,988.1014542616497
2023-05-06 04:00:00,988.1014542616497
2023-05-06 08:00:00,988.1014542616497
2023-05-06 12:00:00,988.1014542616497
2023-05-06 16:00:00,988.1014542616497
2023-05-06 20:00:00,988.1014542616497
2023-05-07 00:00:00,988.1014542616497
2023-05-07 04:00:00,988.1014542616497
2023-05-07 08:00:00,988.1014542616497
2023-05-07 12:00:00,988.1014542616497
2023-05-07 16:00:00,988.1014542616497
2023-05-07 20:00:00,988.1014542616497
2023-05-08 00:00:00,988.1014542616497
2023-05-08 04:00:00,988.1014542616497
2023-05-08 08:00:00,988.1014542616497
2023-05-08 12:00:00,988.1014542616497
2023-05-08 16:00:00,988.1014542616497
2023-05-08 20:00:00,988.1014542616497
2023-05-09 00:00:00,988.1014542616497
2023-05-09 04:00:00,988.1014542616497
2023-05-09 08:00:00,988.1014542616497
2023-05-09 12:00:00,988.1014542616497
2023-05-09 16:00:00,988.1014542616497
2023-05-09 20:00:00,988.1014542616497
2023-05-10 00:00:00,988.1014542616497
2023-05-10 04:00:00,988.1014542616497
2023-05-10 08:00:00,988.1014542616497
2023-05-10 12:00:00,988.1014542616497
2023-05-10 16:00:00,988.1014542616497
2023-05-10 20:00:00,988.1014542616497
2023-05-11 00:00:00,988.1014542616497
2023-05-11 04:00:00,988.1014542616497
2023-05-11 08:00:00,988.1014542616497
2023-05-11 12:00:00,988.1014542616497
2023-05-11 16:00:00,988.1014542616497
2023-05-11 20:00:00,988.1014542616497
2023-05-12 00:00:00,988.1014542616497
2023-05-12 04:00:00,988.1014542616497
2023-05-12 08:00:00,988.1014542616497
2023-05-12 12:00:00,988.1014542616497
2023-05-12 16:00:00,988.1014542616497
2023-05-12 20:00:00,988.1014542616497
2023-05-13 00:00:00,988.1014542616497
2023-05-13 04:00:00,988.1014542616497
2023-05-13 08:00:00,988.1014542616497
2023-05-13 12:00:00,988.1014542616497
2023-05-13 16:00:00,988.1014542616497
2023-05-13 20:00:00,988.1014542616497
2023-05-14 00:00:00,988.1014542616497
2023-05-14 04:00:00,988.1014542616497
2023-05-14 08:00:00,988.1014542616497
2023-05-14 12:00:00,988.1014542616497
2023-05-14 16:00:00,988.1014542616497
2023-05-14 20:00:00,988.1014542616497
2023-05-15 00:00:00,988.1014542616497
2023-05-15 04:00:00,988.1014542616497
2023-05-15 08:00:00,988.1014542616497
2023-05-15 12:00:00,988.1014542616497
2023-05-15 16:00:00,988.1014542616497
2023-05-15 20:00:00,988.1014542616497
2023-05-16 00:00:00,988.1014542616497
2023-05-16 04:00:00,988.1014542616497
2023-05-16 08:00:00,988.1014542616497
2023-05-16 12:00:00,988.1014542616497
2023-05-16 16:00:00,988.1014542616497
2023-05-16 20:00:00,988.1014542616497
2023-05-17 00:00:00,988.1014542616497
2023-05-17 04:00:00,988.1014542616497
2023-05-17 08:00:00,988.1014542616497
2023-05-17 12:00:00,988.1014542616497
2023-05-17 16:00:00,988.1014542616497
2023-05-17 20:00:00,988.1014542616497
2023-05-18 00:00:00,988.1014542616497
2023-05-18 04:00:00,988.1014542616497
2023-05-18 08:00:00,988.1014542616497
2023-05-18 12:00:00,988.1014542616497
2023-05-18 16:00:00,988.1014542616497
2023-05-18 20:00:00,988.1014542616497
2023-05-19 00:00:00,988.1014542616497
2023-05-19 04:00:00,988.1014542616497
2023-05-19 08:00:00,988.1014542616497
2023-05-19 12:00:00,988.1014542616497
2023-05-19 16:00:00,988.1014542616497
2023-05-19 20:00:00,988.1014542616497
2023-05-20 00:00:00,988.1014542616497
2023-05-20 04:00:00,988.1014542616497
2023-05-20 08:00:00,988.1014542616497
2023-05-20 12:00:00,988.1014542616497
2023-05-20 16:00:00,988.1014542616497
2023-05-20 20:00:00,988.1014542616497
2023-05-21 00:00:00,988.1014542616497
2023-05-21 04:00:00,988.1014542616497
2023-05-21 08:00:00,988.1014542616497
2023-05-21 12:00:00,988.1014542616497
2023-05-21 16:00:00,988.1014542616497
2023-05-21 20:00:00,988.1014542616497
2023-05-22 00:00:00,988.1014542616497
2023-05-22 04:00:00,988.1014542616497
2023-05-22 08:00:00,988.1014542616497
2023-05-22 12:00:00,988.1014542616497
2023-05-22 16:00:00,988.1014542616497
2023-05-22 20:00:00,988.1014542616497
2023-05-23 00:00:00,988.1014542616497
2023-05-23 04:00:00,988.1014542616497
2023-05-23 08:00:00,988.1014542616497
2023-05-23 12:00:00,988.1014542616497
2023-05-23 16:00:00,988.1014542616497
2023-05-23 20:00:00,988.1014542616497
2023-05-24 00:00:00,988.1014542616497
2023-05-24 04:00:00,988.1014542616497
2023-05-24 08:00:00,988.1014542616497
2023-05-24 12:00:00,988.1014542616497
2023-05-24 16:00:00,988.1014542616497
2023-05-24 20:00:00,988.1014542616497
2023-05-25 00:00:00,988.1014542616497
2023-05-25 04:00:00,988.1014542616497
2023-05-25 08:00:00,988.1014542616497
2023-05-25 12:00:00,988.1014542616497
2023-05-25 16:00:00,988.1014542616497
2023-05-25 20:00:00,988.1014542616497
2023-05-26 00:00:00,988.1014542616497
2023-05-26 04:00:00,988.1014542616497
2023-05-26 08:00:00,988.1014542616497
2023-05-26 12:00:00,988.1014542616497
2023-05-26 16:00:00,988.1014542616497
2023-05-26 20:00:00,988.1014542616497
2023-05-27 00:00:00,988.1014542616497
2023-05-27 04:00:00,988.1014542616497
2023-05-27 08:00:00,988.1014542616497
2023-05-27 12:00:00,988.1014542616497
2023-05-27 16:00:00,988.1014542616497
2023-05-27 20:00:00,988.1014542616497
2023-05-28 00:00:00,988.1014542616497
2023-05-28 04:00:00,988.1014542616497
2023-05-28 08:00:00,988.1014542616497
2023-05-28 12:00:00,988.1014542616497
2023-05-28 16:00:00,988.1014542616497
2023-05-28 20:00:00,988.1014542616497
2023-05-29 00:00:00,988.1014542616497
2023-05-29 04:00:00,988.1014542616497
2023-05-29 08:00:00,988.1014542616497
2023-05-29 12:00:00,988.1014542616497
2023-05-29 16:00:00,988.1014542616497
2023-05-29 20:00:00,988.1014542616497
2023-05-30 00:00:00,988.1014542616497
2023-05-30 04:00:00,988.1014542616497
2023-05-30 08:00:00,988.1014542616497
2023-05-30 12:00:00,988.1014542616497
2023-05-30 16:00:00,988.1014542616497
2023-05-30 20:00:00,988.1014542616497
2023-05-31 00:00:00,988.1014542616497
2023-05-31 04:00:00,988.1014542616497
2023-05-31 08:00:00,988.1014542616497
2023-05-31 12:00:00,988.1014542616497
2023-05-31 16:00:00,988.1014542616497
2023-05-31 20:00:00,988.1014542616497
2023-06-01 00:00:00,988.1014542616497
2023-06-01 04:00:00,988.1014542616497
2023-06-01 08:00:00,988.1014542616497
2023-06-01 12:00:00,988.1014542616497
2023-06-01 16:00:00,988.1014542616497
2023-06-01 20:00:00,988.1014542616497
2023-06-02 00:00:00,988.1014542616497
2023-06-02 04:00:00,988.1014542616497
2023-06-02 08:00:00,988.1014542616497
2023-06-02 12:00:00,988.1014542616497
2023-06-02 16:00:00,988.1014542616497
2023-06-02 20:00:00,988.1014542616497
2023-06-03 00:00:00,988.1014542616497
2023-06-03 04:00:00,988.1014542616497
2023-06-03 08:00:00,988.1014542616497
2023-06-03 12:00:00,988.1014542616497
2023-06-03 16:00:00,988.1014542616497
2023-06-03 20:00:00,988.1014542616497
2023-06-04 00:00:00,988.1014542616497
2023-06-04 04:00:00,988.1014542616497
2023-06-04 08:00:00,988.1014542616497
2023-06-04 12:00:00,988.1014542616497
2023-06-04 16:00:00,988.1014542616497
2023-06-04 20:00:00,988.1014542616497
2023-06-05 00:00:00,988.1014542616497
2023-06-05 04:00:00,988.1014542616497
2023-06-05 08:00:00,988.1014542616497
2023-06-05 12:00:00,988.1014542616497
2023-06-05 16:00:00,988.1014542616497
2023-06-05 20:00:00,988.1014542616497
2023-06-06 00:00:00,988.1014542616497
2023-06-06 04:00:00,988.1014542616497
2023-06-06 08:00:00,988.1014542616497
2023-06-06 12:00:00,988.1014542616497
2023-06-06 16:00:00,988.1014542616497
2023-06-06 20:00:00,988.1014542616497
2023-06-07 00:00:00,988.1014542616497
2023-06-07 04:00:00,988.1014542616497
2023-06-07 08:00:00,988.1014542616497
2023-06-07 12:00:00,988.1014542616497
2023-06-07 16:00:00,988.1014542616497
2023-06-07 20:00:00,988.1014542616497
2023-06-08 00:00:00,988.1014542616497
2023-06-08 04:00:00,988.1014542616497
2023-06-08 08:00:00,988.1014542616497
2023-06-08 12:00:00,988.1014542616497
2023-06-08 16:00:00,988.1014542616497
2023-06-08 20:00:00,988.1014542616497
2023-06-09 00:00:00,988.1014542616497
2023-06-09 04:00:00,988.1014542616497
2023-06-09 08:00:00,988.1014542616497
2023-06-09 12:00:00,988.1014542616497
2023-06-09 16:00:00,988.1014542616497
2023-06-09 20:00:00,988.1014542616497
2023-06-10 00:00:00,988.1014542616497
2023-06-10 04:00:00,988.1014542616497
2023-06-10 08:00:00,988.1014542616497
2023-06-10 12:00:00,988.1014542616497
2023-06-10 16:00:00,988.1014542616497
2023-06-10 20:00:00,988.1014542616497
2023-06-11 00:00:00,988.1014542616497
2023-06-11 04:00:00,988.1014542616497
2023-06-11 08:00:00,988.1014542616497
2023-06-11 12:00:00,988.1014542616497
2023-06-11 16:00:00,988.1014542616497
2023-06-11 20:00:00,988.1014542616497
2023-06-12 00:00:00,988.1014542616497
2023-06-12 04:00:00,988.1014542616497
2023-06-12 08:00:00,988.1014542616497
2023-06-12 12:00:00,988.1014542616497
2023-06-12 16:00:00,988.1014542616497
2023-06-12 20:00:00,988.1014542616497
2023-06-13 00:00:00,988.1014542616497
2023-06-13 04:00:00,988.1014542616497
2023-06-13 08:00:00,988.1014542616497
2023-06-13 12:00:00,988.1014542616497
2023-06-13 16:00:00,988.1014542616497
2023-06-13 20:00:00,988.1014542616497
2023-06-14 00:00:00,988.1014542616497
2023-06-14 04:00:00,988.1014542616497
2023-06-14 08:00:00,988.1014542616497
2023-06-14 12:00:00,988.1014542616497
2023-06-14 16:00:00,988.1014542616497
2023-06-14 20:00:00,988.1014542616497
2023-06-15 00:00:00,988.1014542616497
2023-06-15 04:00:00,988.1014542616497
2023-06-15 08:00:00,988.1014542616497
2023-06-15 12:00:00,988.1014542616497
2023-06-15 16:00:00,988.1014542616497
2023-06-15 20:00:00,988.1014542616497
2023-06-16 00:00:00,988.1014542616497
2023-06-16 04:00:00,988.1014542616497
2023-06-16 08:00:00,988.1014542616497
2023-06-16 12:00:00,988.1014542616497
2023-06-16 16:00:00,988.1014542616497
2023-06-16 20:00:00,988.1014542616497
2023-06-17 00:00:00,988.1014542616497
2023-06-17 04:00:00,988.1014542616497
2023-06-17 08:00:00,988.1014542616497
2023-06-17 12:00:00,988.1014542616497
2023-06-17 16:00:00,988.1014542616497
2023-06-17 20:00:00,988.1014542616497
2023-06-18 00:00:00,988.1014542616497
2023-06-18 04:00:00,988.1014542616497
2023-06-18 08:00:00,988.1014542616497
2023-06-18 12:00:00,988.1014542616497
2023-06-18 16:00:00,988.1014542616497
2023-06-18 20:00:00,988.1014542616497
2023-06-19 00:00:00,988.1014542616497
2023-06-19 04:00:00,988.1014542616497
2023-06-19 08:00:00,988.1014542616497
2023-06-19 12:00:00,988.1014542616497
2023-06-19 16:00:00,988.1014542616497
2023-06-19 20:00:00,988.1014542616497
2023-06-20 00:00:00,988.1014542616497
2023-06-20 04:00:00,988.1014542616497
2023-06-20 08:00:00,988.1014542616497
2023-06-20 12:00:00,988.1014542616497
2023-06-20 16:00:00,988.1014542616497
2023-06-20 20:00:00,988.1014542616497
2023-06-21 00:00:00,988.1014542616497
2023-06-21 04:00:00,988.1014542616497
2023-06-21 08:00:00,988.1014542616497
2023-06-21 12:00:00,1876.6818987415506
2023-06-21 16:00:00,1884.4346132298554
2023-06-21 20:00:00,1880.9179855099537
2023-06-22 00:00:00,1889.9110747831605
2023-06-22 04:00:00,1884.0988458294787
2023-06-22 08:00:00,1878.9566633458749
2023-06-22 12:00:00,1876.6542157909876
2023-06-22 16:00:00,1887.4434225233008
2023-06-22 20:00:00,1877.674317635926
2023-06-23 00:00:00,1881.3368017620194
2023-06-23 04:00:00,1879.075432133774
2023-06-23 08:00:00,1885.2930823634422
2023-06-23 12:00:00,1917.9509270420904
2023-06-23 16:00:00,1907.3203763597776
2023-06-23 20:00:00,1901.5941729191359
2023-06-24 00:00:00,1902.8297850458762
2023-06-24 04:00:00,1897.9947940136806
2023-06-24 08:00:00,1901.4715344714805
2023-06-24 12:00:00,1892.9681059904897
2023-06-24 16:00:00,1899.7885301437063
2023-06-24 20:00:00,1896.7996644813118
2023-06-25 00:00:00,1903.378979065109
2023-06-25 04:00:00,1902.6443390437178
2023-06-25 08:00:00,1902.4136477890265
2023-06-25 12:00:00,1898.518091079161
2023-06-25 16:00:00,1893.8929546722006
2023-06-25 20:00:00,1894.8716809243622
2023-06-26 00:00:00,990.5182771372646
2023-06-26 04:00:00,990.5182771372646
2023-06-26 08:00:00,990.5182771372646
2023-06-26 12:00:00,990.5182771372646
2023-06-26 16:00:00,990.5182771372646
2023-06-26 20:00:00,990.5182771372646
2023-06-27 00:00:00,990.5182771372646
2023-06-27 04:00:00,990.5182771372646
2023-06-27 08:00:00,990.5182771372646
2023-06-27 12:00:00,990.5182771372646
2023-06-27 16:00:00,990.5182771372646
2023-06-27 20:00:00,990.5182771372646
2023-06-28 00:00:00,990.5182771372646
2023-06-28 04:00:00,990.5182771372646
2023-06-28 08:00:00,990.5182771372646
2023-06-28 12:00:00,990.5182771372646
2023-06-28 16:00:00,990.5182771372646
2023-06-28 20:00:00,990.5182771372646
2023-06-29 00:00:00,990.5182771372646
2023-06-29 04:00:00,990.5182771372646
2023-06-29 08:00:00,990.5182771372646
2023-06-29 12:00:00,990.5182771372646
2023-06-29 16:00:00,990.5182771372646
2023-06-29 20:00:00,990.5182771372646
2023-06-30 00:00:00,990.5182771372646
2023-06-30 04:00:00,1000.0
2023-07-08 12:00:00,1000.0
2023-07-08 16:00:00,1000.0
2023-07-08 20:00:00,1000.0
2023-07-09 00:00:00,1000.0
2023-07-09 04:00:00,1000.0
2023-07-09 08:00:00,1000.0
2023-07-09 12:00:00,1000.0
2023-07-09 16:00:00,1000.0
2023-07-09 20:00:00,1000.0
2023-07-10 00:00:00,1000.0
2023-07-10 04:00:00,1000.0
2023-07-10 08:00:00,1000.0
2023-07-10 12:00:00,1000.0
2023-07-10 16:00:00,1899.2805755395684
2023-07-10 20:00:00,1886.8625167057494
2023-07-11 00:00:00,1888.7414250275278
2023-07-11 04:00:00,1890.4730651974364
2023-07-11 08:00:00,1886.6508005111798
2023-07-11 12:00:00,1892.2539891647034
2023-07-11 16:00:00,1891.832306496181
2023-07-11 20:00:00,1893.0019947281617
2023-07-12 00:00:00,1892.016902021198
2023-07-12 04:00:00,1896.4401957391456
2023-07-12 08:00:00,1897.4973186114796
2023-07-12 12:00:00,1890.15957358702
2023-07-12 16:00:00,1883.2435112310834
2023-07-12 20:00:00,1885.9418720414849
2023-07-13 00:00:00,1883.5508788193426
2023-07-13 04:00:00,1885.5341871378923
2023-07-13 08:00:00,1890.7241501058722
2023-07-13 12:00:00,1901.6158693220925
2023-07-13 16:00:00,1921.6947882541767
2023-07-13 20:00:00,1917.268578335202
2023-07-14 00:00:00,1917.4368431344674
2023-07-14 04:00:00,1906.9017753038647
2023-07-14 08:00:00,1910.134384142436
2023-07-14 12:00:00,1911.0351986397159
2023-07-14 16:00:00,977.5163217438528
2023-07-14 20:00:00,977.5163217438528
2023-07-15 00:00:00,977.5163217438528
2023-07-15 04:00:00,977.5163217438528
2023-07-15 08:00:00,977.5163217438528
2023-07-15 12:00:00,977.5163217438528
2023-07-15 16:00:00,977.5163217438528
2023-07-15 20:00:00,977.5163217438528
2023-07-16 00:00:00,977.5163217438528
2023-07-16 04:00:00,977.5163217438528
2023-07-16 08:00:00,977.5163217438528
2023-07-16 12:00:00,977.5163217438528
2023-07-16 16:00:00,977.5163217438528
2023-07-16 20:00:00,977.5163217438528
2023-07-17 00:00:00,977.5163217438528
2023-07-17 04:00:00,977.5163217438528
2023-07-17 08:00:00,977.5163217438528
2023-07-17 12:00:00,977.5163217438528
2023-07-17 16:00:00,977.5163217438528
2023-07-17 20:00:00,977.5163217438528
2023-07-18 00:00:00,977.5163217438528
2023-07-18 04:00:00,977.5163217438528
2023-07-18 08:00:00,977.5163217438528
2023-07-18 12:00:00,977.5163217438528
2023-07-18 16:00:00,977.5163217438528
2023-07-18 20:00:00,977.5163217438528
2023-07-19 00:00:00,977.5163217438528
2023-07-19 04:00:00,977.5163217438528
2023-07-19 08:00:00,977.5163217438528
2023-07-19 12:00:00,977.5163217438528
2023-07-19 16:00:00,977.5163217438528
2023-07-19 20:00:00,977.5163217438528
2023-07-20 00:00:00,977.5163217438528
2023-07-20 04:00:00,977.5163217438528
2023-07-20 08:00:00,977.5163217438528
2023-07-20 12:00:00,977.5163217438528
2023-07-20 16:00:00,977.5163217438528
2023-07-20 20:00:00,977.5163217438528
2023-07-21 00:00:00,977.5163217438528
2023-07-21 04:00:00,977.5163217438528
2023-07-21 08:00:00,977.5163217438528
2023-07-21 12:00:00,977.5163217438528
2023-07-21 16:00:00,977.5163217438528
2023-07-21 20:00:00,977.5163217438528
2023-07-22 00:00:00,977.5163217438528
2023-07-22 04:00:00,977.5163217438528
2023-07-22 08:00:00,977.5163217438528
2023-07-22 12:00:00,977.5163217438528
2023-07-22 16:00:00,977.5163217438528
2023-07-22 20:00:00,977.5163217438528
2023-07-23 00:00:00,977.5163217438528
2023-07-23 04:00:00,977.5163217438528
2023-07-23 08:00:00,977.5163217438528
2023-07-23 12:00:00,977.5163217438528
2023-07-23 16:00:00,977.5163217438528
2023-07-23 20:00:00,977.5163217438528
2023-07-24 00:00:00,977.5163217438528
2023-07-24 04:00:00,977.5163217438528
2023-07-24 08:00:00,977.5163217438528
2023-07-24 12:00:00,977.5163217438528
2023-07-24 16:00:00,977.5163217438528
2023-07-24 20:00:00,977.5163217438528
2023-07-25 00:00:00,977.5163217438528
2023-07-25 04:00:00,977.5163217438528
2023-07-25 08:00:00,977.5163217438528
2023-07-25 12:00:00,977.5163217438528
2023-07-25 16:00:00,977.5163217438528
2023-07-25 20:00:00,977.5163217438528
2023-07-26 00:00:00,977.5163217438528
2023-07-26 04:00:00,977.5163217438528
2023-07-26 08:00:00,977.5163217438528
2023-07-26 12:00:00,977.5163217438528
2023-07-26 16:00:00,977.5163217438528
2023-07-26 20:00:00,977.5163217438528
2023-07-27 00:00:00,977.5163217438528
2023-07-27 04:00:00,977.5163217438528
2023-07-27 08:00:00,977.5163217438528
2023-07-27 12:00:00,977.5163217438528
2023-07-27 16:00:00,977.5163217438528
2023-07-27 20:00:00,977.5163217438528
2023-07-28 00:00:00,977.5163217438528
2023-07-28 04:00:00,977.5163217438528
2023-07-28 08:00:00,977.5163217438528
2023-07-28 12:00:00,977.5163217438528
2023-07-28 16:00:00,977.5163217438528
2023-07-28 20:00:00,977.5163217438528
2023-07-29 00:00:00,977.5163217438528
2023-07-29 04:00:00,977.5163217438528
2023-07-29 08:00:00,977.5163217438528
2023-07-29 12:00:00,977.5163217438528
2023-07-29 16:00:00,977.5163217438528
2023-07-29 20:00:00,977.5163217438528
2023-07-30 00:00:00,977.5163217438528
2023-07-30 04:00:00,977.5163217438528
2023-07-30 08:00:00,977.5163217438528
2023-07-30 12:00:00,977.5163217438528
2023-07-30 16:00:00,977.5163217438528
2023-07-30 20:00:00,977.5163217438528
2023-07-31 00:00:00,977.5163217438528
2023-07-31 04:00:00,977.5163217438528
2023-07-31 08:00:00,977.5163217438528
2023-07-31 12:00:00,977.5163217438528
2023-07-31 16:00:00,977.5163217438528
2023-07-31 20:00:00,977.5163217438528
2023-08-01 00:00:00,977.5163217438528
2023-08-01 04:00:00,977.5163217438528
2023-08-01 08:00:00,977.5163217438528
2023-08-01 12:00:00,977.5163217438528
2023-08-01 16:00:00,977.5163217438528
2023-08-01 20:00:00,977.5163217438528
2023-08-02 00:00:00,977.5163217438528
2023-08-02 04:00:00,977.5163217438528
2023-08-02 08:00:00,977.5163217438528
2023-08-02 12:00:00,977.5163217438528
2023-08-02 16:00:00,977.5163217438528
2023-08-02 20:00:00,977.5163217438528
2023-08-03 00:00:00,977.5163217438528
2023-08-03 04:00:00,977.5163217438528
2023-08-03 08:00:00,977.5163217438528
2023-08-03 12:00:00,977.5163217438528
2023-08-03 16:00:00,977.5163217438528
2023-08-03 20:00:00,977.5163217438528
2023-08-04 00:00:00,977.5163217438528
2023-08-04 04:00:00,977.5163217438528
2023-08-04 08:00:00,977.5163217438528
2023-08-04 12:00:00,977.5163217438528
2023-08-04 16:00:00,977.5163217438528
2023-08-04 20:00:00,977.5163217438528
2023-08-05 00:00:00,977.5163217438528
2023-08-05 04:00:00,977.5163217438528
2023-08-05 08:00:00,977.5163217438528
2023-08-05 12:00:00,977.5163217438528
2023-08-05 16:00:00,977.5163217438528
2023-08-05 20:00:00,977.5163217438528
2023-08-06 00:00:00,977.5163217438528
2023-08-06 04:00:00,977.5163217438528
2023-08-06 08:00:00,977.5163217438528
2023-08-06 12:00:00,977.5163217438528
2023-08-06 16:00:00,977.5163217438528
2023-08-06 20:00:00,977.5163217438528
2023-08-07 00:00:00,977.5163217438528
2023-08-07 04:00:00,977.5163217438528
2023-08-07 08:00:00,977.5163217438528
2023-08-07 12:00:00,977.5163217438528
2023-08-07 16:00:00,977.5163217438528
2023-08-07 20:00:00,977.5163217438528
2023-08-08 00:00:00,977.5163217438528
2023-08-08 04:00:00,977.5163217438528
2023-08-08 08:00:00,977.5163217438528
2023-08-08 12:00:00,977.5163217438528
2023-08-08 16:00:00,977.5163217438528
2023-08-08 20:00:00,977.5163217438528
2023-08-09 00:00:00,977.5163217438528
2023-08-09 04:00:00,977.5163217438528
2023-08-09 08:00:00,977.5163217438528
2023-08-09 12:00:00,977.5163217438528
2023-08-09 16:00:00,977.5163217438528
2023-08-09 20:00:00,977.5163217438528
2023-08-10 00:00:00,977.5163217438528
2023-08-10 04:00:00,977.5163217438528
2023-08-10 08:00:00,977.5163217438528
2023-08-10 12:00:00,977.5163217438528
2023-08-10 16:00:00,977.5163217438528
2023-08-10 20:00:00,977.5163217438528
2023-08-11 00:00:00,977.5163217438528
2023-08-11 04:00:00,977.5163217438528
2023-08-11 08:00:00,977.5163217438528
2023-08-11 12:00:00,977.5163217438528
2023-08-11 16:00:00,977.5163217438528
2023-08-11 20:00:00,977.5163217438528
2023-08-12 00:00:00,977.5163217438528
2023-08-12 04:00:00,977.5163217438528
2023-08-12 08:00:00,977.5163217438528
2023-08-12 12:00:00,977.5163217438528
2023-08-12 16:00:00,977.5163217438528
2023-08-12 20:00:00,977.5163217438528
2023-08-13 00:00:00,977.5163217438528
2023-08-13 04:00:00,977.5163217438528
2023-08-13 08:00:00,977.5163217438528
2023-08-13 12:00:00,977.5163217438528
2023-08-13 16:00:00,977.5163217438528
2023-08-13 20:00:00,977.5163217438528
2023-08-14 00:00:00,977.5163217438528
2023-08-14 04:00:00,977.5163217438528
2023-08-14 08:00:00,977.5163217438528
2023-08-14 12:00:00,977.5163217438528
2023-08-14 16:00:00,977.5163217438528
2023-08-14 20:00:00,977.5163217438528
2023-08-15 00:00:00,977.5163217438528
2023-08-15 04:00:00,977.5163217438528
2023-08-15 08:00:00,977.5163217438528
2023-08-15 12:00:00,977.5163217438528
2023-08-15 16:00:00,977.5163217438528
2023-08-15 20:00:00,977.5163217438528
2023-08-16 00:00:00,977.5163217438528
2023-08-16 04:00:00,977.5163217438528
2023-08-16 08:00:00,977.5163217438528
2023-08-16 12:00:00,977.5163217438528
2023-08-16 16:00:00,977.5163217438528
2023-08-16 20:00:00,977.5163217438528
2023-08-17 00:00:00,977.5163217438528
2023-08-17 04:00:00,977.5163217438528
2023-08-17 08:00:00,977.5163217438528
2023-08-17 12:00:00,977.5163217438528
2023-08-17 16:00:00,977.5163217438528
2023-08-17 20:00:00,977.5163217438528
2023-08-18 00:00:00,977.5163217438528
2023-08-18 04:00:00,977.5163217438528
2023-08-18 08:00:00,977.5163217438528
2023-08-18 12:00:00,977.5163217438528
2023-08-18 16:00:00,977.5163217438528
2023-08-18 20:00:00,977.5163217438528
2023-08-19 00:00:00,977.5163217438528
2023-08-19 04:00:00,977.5163217438528
2023-08-19 08:00:00,977.5163217438528
2023-08-19 12:00:00,977.5163217438528
2023-08-19 16:00:00,977.5163217438528
2023-08-19 20:00:00,977.5163217438528
2023-08-20 00:00:00,977.5163217438528
2023-08-20 04:00:00,977.5163217438528
2023-08-20 08:00:00,977.5163217438528
2023-08-20 12:00:00,977.5163217438528
2023-08-20 16:00:00,977.5163217438528
2023-08-20 20:00:00,977.5163217438528
2023-08-21 00:00:00,977.5163217438528
2023-08-21 04:00:00,977.5163217438528
2023-08-21 08:00:00,977.5163217438528
2023-08-21 12:00:00,977.5163217438528
2023-08-21 16:00:00,977.5163217438528
2023-08-21 20:00:00,977.5163217438528
2023-08-22 00:00:00,977.5163217438528
2023-08-22 04:00:00,977.5163217438528
2023-08-22 08:00:00,977.5163217438528
2023-08-22 12:00:00,977.5163217438528
2023-08-22 16:00:00,977.5163217438528
2023-08-22 20:00:00,977.5163217438528
2023-08-23 00:00:00,977.5163217438528
2023-08-23 04:00:00,977.5163217438528
2023-08-23 08:00:00,977.5163217438528
2023-08-23 12:00:00,977.5163217438528
2023-08-23 16:00:00,977.5163217438528
2023-08-23 20:00:00,977.5163217438528
2023-08-24 00:00:00,977.5163217438528
2023-08-24 04:00:00,977.5163217438528
2023-08-24 08:00:00,977.5163217438528
2023-08-24 12:00:00,977.5163217438528
2023-08-24 16:00:00,977.5163217438528
2023-08-24 20:00:00,977.5163217438528
2023-08-25 00:00:00,977.5163217438528
2023-08-25 04:00:00,977.5163217438528
2023-08-25 08:00:00,977.5163217438528
2023-08-25 12:00:00,977.5163217438528
2023-08-25 16:00:00,977.5163217438528
2023-08-25 20:00:00,977.5163217438528
2023-08-26 00:00:00,977.5163217438528
2023-08-26 04:00:00,977.5163217438528
2023-08-26 08:00:00,977.5163217438528
2023-08-26 12:00:00,977.5163217438528
2023-08-26 16:00:00,977.5163217438528
2023-08-26 20:00:00,977.5163217438528
2023-08-27 00:00:00,977.5163217438528
2023-08-27 04:00:00,977.5163217438528
2023-08-27 08:00:00,977.5163217438528
2023-08-27 12:00:00,977.5163217438528
2023-08-27 16:00:00,977.5163217438528
2023-08-27 20:00:00,977.5163217438528
2023-08-28 00:00:00,977.5163217438528
2023-08-28 04:00:00,977.5163217438528
2023-08-28 08:00:00,977.5163217438528
2023-08-28 12:00:00,977.5163217438528
2023-08-28 16:00:00,977.5163217438528
2023-08-28 20:00:00,977.5163217438528
2023-08-29 00:00:00,977.5163217438528
2023-08-29 04:00:00,977.5163217438528
2023-08-29 08:00:00,977.5163217438528
2023-08-29 12:00:00,977.5163217438528
2023-08-29 16:00:00,977.5163217438528
2023-08-29 20:00:00,977.5163217438528
2023-08-30 00:00:00,977.5163217438528
2023-08-30 04:00:00,977.5163217438528
2023-08-30 08:00:00,977.5163217438528
2023-08-30 12:00:00,977.5163217438528
2023-08-30 16:00:00,977.5163217438528
2023-08-30 20:00:00,977.5163217438528
2023-08-31 00:00:00,977.5163217438528
2023-08-31 04:00:00,977.5163217438528
2023-08-31 08:00:00,977.5163217438528
2023-08-31 12:00:00,977.5163217438528
2023-08-31 16:00:00,977.5163217438528
2023-08-31 20:00:00,977.5163217438528
2023-09-01 00:00:00,977.5163217438528
2023-09-01 04:00:00,977.5163217438528
2023-09-01 08:00:00,977.5163217438528
2023-09-01 12:00:00,977.5163217438528
2023-09-01 16:00:00,977.5163217438528
2023-09-01 20:00:00,977.5163217438528
2023-09-02 00:00:00,977.5163217438528
2023-09-02 04:00:00,977.5163217438528
2023-09-02 08:00:00,977.5163217438528
2023-09-02 12:00:00,977.5163217438528
2023-09-02 16:00:00,977.5163217438528
2023-09-02 20:00:00,977.5163217438528
2023-09-03 00:00:00,977.5163217438528
2023-09-03 04:00:00,977.5163217438528
2023-09-03 08:00:00,977.5163217438528
2023-09-03 12:00:00,977.5163217438528
2023-09-03 16:00:00,977.5163217438528
2023-09-03 20:00:00,977.5163217438528
2023-09-04 00:00:00,977.5163217438528
2023-09-04 04:00:00,977.5163217438528
2023-09-04 08:00:00,977.5163217438528
2023-09-04 12:00:00,977.5163217438528
2023-09-04 16:00:00,977.5163217438528
2023-09-04 20:00:00,977.5163217438528
2023-09-05 00:00:00,977.5163217438528
2023-09-05 04:00:00,977.5163217438528
2023-09-05 08:00:00,977.5163217438528
2023-09-05 12:00:00,977.5163217438528
2023-09-05 16:00:00,977.5163217438528
2023-09-05 20:00:00,977.5163217438528
2023-09-06 00:00:00,977.5163217438528
2023-09-06 04:00:00,977.5163217438528
2023-09-06 08:00:00,977.5163217438528
2023-09-06 12:00:00,977.5163217438528
2023-09-06 16:00:00,977.5163217438528
2023-09-06 20:00:00,977.5163217438528
2023-09-07 00:00:00,977.5163217438528
2023-09-07 04:00:00,977.5163217438528
2023-09-07 08:00:00,977.5163217438528
2023-09-07 12:00:00,977.5163217438528
2023-09-07 16:00:00,977.5163217438528
2023-09-07 20:00:00,977.5163217438528
2023-09-08 00:00:00,977.5163217438528
2023-09-08 04:00:00,977.5163217438528
2023-09-08 08:00:00,977.5163217438528
2023-09-08 12:00:00,977.5163217438528
2023-09-08 16:00:00,977.5163217438528
2023-09-08 20:00:00,977.5163217438528
2023-09-09 00:00:00,977.5163217438528
2023-09-09 04:00:00,977.5163217438528
2023-09-09 08:00:00,977.5163217438528
2023-09-09 12:00:00,977.5163217438528
2023-09-09 16:00:00,977.5163217438528
2023-09-09 20:00:00,977.5163217438528
2023-09-10 00:00:00,977.5163217438528
2023-09-10 04:00:00,977.5163217438528
2023-09-10 08:00:00,977.5163217438528
2023-09-10 12:00:00,977.5163217438528
2023-09-10 16:00:00,977.5163217438528
2023-09-10 20:00:00,977.5163217438528
2023-09-11 00:00:00,977.5163217438528
2023-09-11 04:00:00,977.5163217438528
2023-09-11 08:00:00,977.5163217438528
2023-09-11 12:00:00,977.5163217438528
2023-09-11 16:00:00,977.5163217438528
2023-09-11 20:00:00,977.5163217438528
2023-09-12 00:00:00,977.5163217438528
2023-09-12 04:00:00,977.5163217438528
2023-09-12 08:00:00,977.5163217438528
2023-09-12 12:00:00,977.5163217438528
2023-09-12 16:00:00,977.5163217438528
2023-09-12 20:00:00,977.5163217438528
2023-09-13 00:00:00,977.5163217438528
2023-09-13 04:00:00,977.5163217438528
2023-09-13 08:00:00,977.5163217438528
2023-09-13 12:00:00,977.5163217438528
2023-09-13 16:00:00,977.5163217438528
2023-09-13 20:00:00,977.5163217438528
2023-09-14 00:00:00,977.5163217438528
2023-09-14 04:00:00,977.5163217438528
2023-09-14 08:00:00,977.5163217438528
2023-09-14 12:00:00,977.5163217438528
2023-09-14 16:00:00,977.5163217438528
2023-09-14 20:00:00,977.5163217438528
2023-09-15 00:00:00,977.5163217438528
2023-09-15 04:00:00,977.5163217438528
2023-09-15 08:00:00,977.5163217438528
2023-09-15 12:00:00,977.5163217438528
2023-09-15 16:00:00,977.5163217438528
2023-09-15 20:00:00,977.5163217438528
2023-09-16 00:00:00,977.5163217438528
2023-09-16 04:00:00,977.5163217438528
2023-09-16 08:00:00,977.5163217438528
2023-09-16 12:00:00,977.5163217438528
2023-09-16 16:00:00,977.5163217438528
2023-09-16 20:00:00,977.5163217438528
2023-09-17 00:00:00,977.5163217438528
2023-09-17 04:00:00,977.5163217438528
2023-09-17 08:00:00,977.5163217438528
2023-09-17 12:00:00,977.5163217438528
2023-09-17 16:00:00,977.5163217438528
2023-09-17 20:00:00,977.5163217438528
2023-09-18 00:00:00,977.5163217438528
2023-09-18 04:00:00,977.5163217438528
2023-09-18 08:00:00,977.5163217438528
2023-09-18 12:00:00,977.5163217438528
2023-09-18 16:00:00,977.5163217438528
2023-09-18 20:00:00,977.5163217438528
2023-09-19 00:00:00,977.5163217438528
2023-09-19 04:00:00,977.5163217438528
2023-09-19 08:00:00,977.5163217438528
2023-09-19 12:00:00,977.5163217438528
2023-09-19 16:00:00,977.5163217438528
2023-09-19 20:00:00,977.5163217438528
2023-09-20 00:00:00,977.5163217438528
2023-09-20 04:00:00,977.5163217438528
2023-09-20 08:00:00,977.5163217438528
2023-09-20 12:00:00,977.5163217438528
2023-09-20 16:00:00,977.5163217438528
2023-09-20 20:00:00,977.5163217438528
2023-09-21 00:00:00,977.5163217438528
2023-09-21 04:00:00,977.5163217438528
2023-09-21 08:00:00,977.5163217438528
2023-09-21 12:00:00,977.5163217438528
2023-09-21 16:00:00,977.5163217438528
2023-09-21 20:00:00,977.5163217438528
2023-09-22 00:00:00,977.5163217438528
2023-09-22 04:00:00,977.5163217438528
2023-09-22 08:00:00,977.5163217438528
2023-09-22 12:00:00,977.5163217438528
2023-09-22 16:00:00,977.5163217438528
2023-09-22 20:00:00,977.5163217438528
2023-09-23 00:00:00,977.5163217438528
2023-09-23 04:00:00,977.5163217438528
2023-09-23 08:00:00,977.5163217438528
2023-09-23 12:00:00,977.5163217438528
2023-09-23 16:00:00,977.5163217438528
2023-09-23 20:00:00,977.5163217438528
2023-09-24 00:00:00,977.5163217438528
2023-09-24 04:00:00,977.5163217438528
2023-09-24 08:00:00,977.5163217438528
2023-09-24 12:00:00,977.5163217438528
2023-09-24 16:00:00,977.5163217438528
2023-09-24 20:00:00,977.5163217438528
2023-09-25 00:00:00,977.5163217438528
2023-09-25 04:00:00,977.5163217438528
2023-09-25 08:00:00,977.5163217438528
2023-09-25 12:00:00,977.5163217438528
2023-09-25 16:00:00,977.5163217438528
2023-09-25 20:00:00,977.5163217438528
2023-09-26 00:00:00,977.5163217438528
2023-09-26 04:00:00,977.5163217438528
2023-09-26 08:00:00,977.5163217438528
2023-09-26 12:00:00,977.5163217438528
2023-09-26 16:00:00,977.5163217438528
2023-09-26 20:00:00,977.5163217438528
2023-09-27 00:00:00,977.5163217438528
2023-09-27 04:00:00,977.5163217438528
2023-09-27 08:00:00,977.5163217438528
2023-09-27 12:00:00,977.5163217438528
2023-09-27 16:00:00,977.5163217438528
2023-09-27 20:00:00,977.5163217438528
2023-09-28 00:00:00,977.5163217438528
2023-09-28 04:00:00,1000.0
2023-10-06 12:00:00,1000.0
2023-10-06 16:00:00,1000.0
2023-10-06 20:00:00,1000.0
2023-10-07 00:00:00,1000.0
2023-10-07 04:00:00,1000.0
2023-10-07 08:00:00,1000.0
2023-10-07 12:00:00,1000.0
2023-10-07 16:00:00,1000.0
2023-10-07 20:00:00,1000.0
2023-10-08 00:00:00,1000.0
2023-10-08 04:00:00,1000.0
2023-10-08 08:00:00,1000.0
2023-10-08 12:00:00,1000.0
2023-10-08 16:00:00,1000.0
2023-10-08 20:00:00,1000.0
2023-10-09 00:00:00,1000.0
2023-10-09 04:00:00,1000.0
2023-10-09 08:00:00,1000.0
2023-10-09 12:00:00,1000.0
2023-10-09 16:00:00,1000.0
2023-10-09 20:00:00,1000.0
2023-10-10 00:00:00,1000.0
2023-10-10 04:00:00,1000.0
2023-10-10 08:00:00,1000.0
2023-10-10 12:00:00,1000.0
2023-10-10 16:00:00,1000.0
2023-10-10 20:00:00,1000.0
2023-10-11 00:00:00,1000.0
2023-10-11 04:00:00,1000.0
2023-10-11 08:00:00,1000.0
2023-10-11 12:00:00,1000.0
2023-10-11 16:00:00,1000.0
2023-10-11 20:00:00,1000.0
2023-10-12 00:00:00,1000.0
2023-10-12 04:00:00,1000.0
2023-10-12 08:00:00,1000.0
2023-10-12 12:00:00,1000.0
2023-10-12 16:00:00,1000.0
2023-10-12 20:00:00,1000.0
2023-10-13 00:00:00,1000.0
2023-10-13 04:00:00,1000.0
2023-10-13 08:00:00,1000.0
2023-10-13 12:00:00,1000.0
2023-10-13 16:00:00,1000.0
2023-10-13 20:00:00,1000.0
2023-10-14 00:00:00,1000.0
2023-10-14 04:00:00,1000.0
2023-10-14 08:00:00,1000.0
2023-10-14 12:00:00,1000.0
2023-10-14 16:00:00,1000.0
2023-10-14 20:00:00,1000.0
2023-10-15 00:00:00,1000.0
2023-10-15 04:00:00,1000.0
2023-10-15 08:00:00,1000.0
2023-10-15 12:00:00,1000.0
2023-10-15 16:00:00,1000.0
2023-10-15 20:00:00,1899.2805755395684
2023-10-16 00:00:00,1901.9886025874366
2023-10-16 04:00:00,1001.3354057863944
2023-10-16 08:00:00,1001.3354057863944
2023-10-16 12:00:00,1901.8168858101303
2023-10-16 16:00:00,1914.8019831781185
2023-10-16 20:00:00,1915.8265060449053
2023-10-17 00:00:00,1908.4212560472329
2023-10-17 04:00:00,1913.5756360447463
2023-10-17 08:00:00,1913.3189438137942
2023-10-17 12:00:00,1914.5732062272828
2023-10-17 16:00:00,1916.3299436828597
2023-10-17 20:00:00,1912.461591762415
2023-10-18 00:00:00,1916.264166298678
2023-10-18 04:00:00,1915.6266069700514
2023-10-18 08:00:00,1910.6881693118264
2023-10-18 12:00:00,1907.6980256865259
2023-10-18 16:00:00,1907.6393073386957
2023-10-18 20:00:00,1910.0259033559705
2023-10-19 00:00:00,1908.1007116238316
2023-10-19 04:00:00,1910.3730795983329
2023-10-19 08:00:00,1914.219291813858
2023-10-19 12:00:00,1921.5799415364024
2023-10-19 16:00:00,1923.8471756662848
2023-10-19 20:00:00,1922.6586906369776
2023-10-20 00:00:00,1939.3972701520597
2023-10-20 04:00:00,1939.5618740451573
2023-10-20 08:00:00,1958.797106371535
2023-10-20 12:00:00,1949.5237786631103
2023-10-20 16:00:00,1949.8584411592137
2023-10-20 20:00:00,1953.3119142613823
2023-10-21 00:00:00,1951.2388036311575
2023-10-21 04:00:00,1954.1705497739163
2023-10-21 08:00:00,1957.6740778611206
2023-10-21 12:00:00,1961.9213716875079
2023-10-21 16:00:00,1968.585102003018
2023-10-21 20:00:00,1961.0370669518784
2023-10-22 00:00:00,1960.9594175520156
2023-10-22 04:00:00,1958.035693041474
2023-10-22 08:00:00,1961.0328957031256
2023-10-22 12:00:00,1958.3353812211103
2023-10-22 16:00:00,1958.8856651912133
2023-10-22 20:00:00,1963.6893394281888
2023-10-23 00:00:00,1987.5690968083513
2023-10-23 04:00:00,1980.552735540571
2023-10-23 08:00:00,1985.013404783937
2023-10-23 12:00:00,1992.2742654016988
2023-10-23 16:00:00,2007.3899082865876
2023-10-23 20:00:00,1142.5109658136544
2023-10-24 00:00:00,1142.5109658136544
2023-10-24 04:00:00,1142.5109658136544
2023-10-24 08:00:00,1142.5109658136544
2023-10-24 12:00:00,1142.5109658136544
2023-10-24 16:00:00,1142.5109658136544
2023-10-24 20:00:00,1142.5109658136544
2023-10-25 00:00:00,1142.5109658136544
2023-10-25 04:00:00,1142.5109658136544
2023-10-25 08:00:00,1142.5109658136544
2023-10-25 12:00:00,1142.5109658136544
2023-10-25 16:00:00,1142.5109658136544
2023-10-25 20:00:00,1142.5109658136544
2023-10-26 00:00:00,1142.5109658136544
2023-10-26 04:00:00,1142.5109658136544
2023-10-26 08:00:00,1142.5109658136544
2023-10-26 12:00:00,1142.5109658136544
2023-10-26 16:00:00,1142.5109658136544
2023-10-26 20:00:00,1142.5109658136544
2023-10-27 00:00:00,1142.5109658136544
2023-10-27 04:00:00,1142.5109658136544
2023-10-27 08:00:00,1142.5109658136544
2023-10-27 12:00:00,1142.5109658136544
2023-10-27 16:00:00,1142.5109658136544
2023-10-27 20:00:00,1142.5109658136544
2023-10-28 00:00:00,1142.5109658136544
2023-10-28 04:00:00,1142.5109658136544
2023-10-28 08:00:00,1142.5109658136544
2023-10-28 12:00:00,1142.5109658136544
2023-10-28 16:00:00,1142.5109658136544
2023-10-28 20:00:00,1142.5109658136544
2023-10-29 00:00:00,1142.5109658136544
2023-10-29 04:00:00,1142.5109658136544
2023-10-29 08:00:00,1142.5109658136544
2023-10-29 12:00:00,1142.5109658136544
2023-10-29 16:00:00,1142.5109658136544
2023-10-29 20:00:00,1142.5109658136544
2023-10-30 00:00:00,1142.5109658136544
2023-10-30 04:00:00,1142.5109658136544
2023-10-30 08:00:00,1142.5109658136544
2023-10-30 12:00:00,1142.5109658136544
2023-10-30 16:00:00,1142.5109658136544
2023-10-30 20:00:00,1142.5109658136544
2023-10-31 00:00:00,1142.5109658136544
2023-10-31 04:00:00,1142.5109658136544
2023-10-31 08:00:00,1142.5109658136544
2023-10-31 12:00:00,1142.5109658136544
2023-10-31 16:00:00,1142.5109658136544
2023-10-31 20:00:00,1142.5109658136544
2023-11-01 00:00:00,1142.5109658136544
2023-11-01 04:00:00,1142.5109658136544
2023-11-01 08:00:00,1142.5109658136544
2023-11-01 12:00:00,1142.5109658136544
2023-11-01 16:00:00,1142.5109658136544
2023-11-01 20:00:00,2169.948884710826
2023-11-02 00:00:00,2174.3070528399585
2023-11-02 04:00:00,2165.842199561258
2023-11-02 08:00:00,2168.5603621927453
2023-11-02 12:00:00,2147.2829297060553
2023-11-02 16:00:00,2157.7251295495676
2023-11-02 20:00:00,2156.030592563851
2023-11-03 00:00:00,2148.498575804504
2023-11-03 04:00:00,2142.205700093254
2023-11-03 08:00:00,1106.6301945557218
2023-11-03 12:00:00,1106.6301945557218
2023-11-03 16:00:00,1106.6301945557218
2023-11-03 20:00:00,1106.6301945557218
2023-11-04 00:00:00,1106.6301945557218
2023-11-04 04:00:00,1106.6301945557218
2023-11-04 08:00:00,1106.6301945557218
2023-11-04 12:00:00,1106.6301945557218
2023-11-04 16:00:00,1106.6301945557218
2023-11-04 20:00:00,1106.6301945557218
2023-11-05 00:00:00,1106.6301945557218
2023-11-05 04:00:00,1106.6301945557218
2023-11-05 08:00:00,1106.6301945557218
2023-11-05 12:00:00,1106.6301945557218
2023-11-05 16:00:00,1106.6301945557218
2023-11-05 20:00:00,1106.6301945557218
2023-11-06 00:00:00,1106.6301945557218
2023-11-06 04:00:00,1106.6301945557218
2023-11-06 08:00:00,1106.6301945557218
2023-11-06 12:00:00,1106.6301945557218
2023-11-06 16:00:00,1106.6301945557218
2023-11-06 20:00:00,1106.6301945557218
2023-11-07 00:00:00,1106.6301945557218
2023-11-07 04:00:00,1106.6301945557218
2023-11-07 08:00:00,1106.6301945557218
2023-11-07 12:00:00,1106.6301945557218
2023-11-07 16:00:00,2101.801232825256
2023-11-07 20:00:00,2100.261346946168
2023-11-08 00:00:00,2096.6280471250025
2023-11-08 04:00:00,2095.413204601362
2023-11-08 08:00:00,2098.343366594034
2023-11-08 12:00:00,2095.3929946518
2023-11-08 16:00:00,2106.5171684166808
2023-11-08 20:00:00,2106.593797808768
2023-11-09 00:00:00,2129.432444281971
2023-11-09 04:00:00,2132.0897719555633
2023-11-09 08:00:00,2139.7434482707454
2023-11-09 12:00:00,2147.5554358574927
2023-11-09 16:00:00,1117.212651830325
2023-11-09 20:00:00,1117.212651830325
2023-11-10 00:00:00,1117.212651830325
2023-11-10 04:00:00,1117.212651830325
2023-11-10 08:00:00,1117.212651830325
2023-11-10 12:00:00,1117.212651830325
2023-11-10 16:00:00,1117.212651830325
2023-11-10 20:00:00,1117.212651830325
2023-11-11 00:00:00,1117.212651830325
2023-11-11 04:00:00,1117.212651830325
2023-11-11 08:00:00,1117.212651830325
2023-11-11 12:00:00,1117.212651830325
2023-11-11 16:00:00,1117.212651830325
2023-11-11 20:00:00,1117.212651830325
2023-11-12 00:00:00,1117.212651830325
2023-11-12 04:00:00,1117.212651830325
2023-11-12 08:00:00,1117.212651830325
2023-11-12 12:00:00,1117.212651830325
2023-11-12 16:00:00,1117.212651830325
2023-11-12 20:00:00,1117.212651830325
2023-11-13 00:00:00,1117.212651830325
2023-11-13 04:00:00,1117.212651830325
2023-11-13 08:00:00,1117.212651830325
2023-11-13 12:00:00,1117.212651830325
2023-11-13 16:00:00,1117.212651830325
2023-11-13 20:00:00,1117.212651830325
2023-11-14 00:00:00,1117.212651830325
2023-11-14 04:00:00,1117.212651830325
2023-11-14 08:00:00,1117.212651830325
2023-11-14 12:00:00,1117.212651830325
2023-11-14 16:00:00,1117.212651830325
2023-11-14 20:00:00,1117.212651830325
2023-11-15 00:00:00,1117.212651830325
2023-11-15 04:00:00,1117.212651830325
2023-11-15 08:00:00,1117.212651830325
2023-11-15 12:00:00,1117.212651830325
2023-11-15 16:00:00,2121.900288368387
2023-11-15 20:00:00,2131.497335148514
2023-11-16 00:00:00,2120.6943949662673
2023-11-16 04:00:00,2120.2193785250406
2023-11-16 08:00:00,2115.1351218949503
2023-11-16 12:00:00,2092.590461152533
2023-11-16 16:00:00,1070.1167052957232
2023-11-16 20:00:00,1070.1167052957232
2023-11-17 00:00:00,1070.1167052957232
2023-11-17 04:00:00,1070.1167052957232
2023-11-17 08:00:00,1070.1167052957232
2023-11-17 12:00:00,1070.1167052957232
2023-11-17 16:00:00,1070.1167052957232
2023-11-17 20:00:00,1070.1167052957232
2023-11-18 00:00:00,1070.1167052957232
2023-11-18 04:00:00,1070.1167052957232
2023-11-18 08:00:00,1070.1167052957232
2023-11-18 12:00:00,1070.1167052957232
2023-11-18 16:00:00,1070.1167052957232
2023-11-18 20:00:00,1070.1167052957232
2023-11-19 00:00:00,1070.1167052957232
2023-11-19 04:00:00,1070.1167052957232
2023-11-19 08:00:00,1070.1167052957232
2023-11-19 12:00:00,1070.1167052957232
2023-11-19 16:00:00,1070.1167052957232
2023-11-19 20:00:00,2032.451871928568
2023-11-20 00:00:00,2026.1276370381881
2023-11-20 04:00:00,2029.4795948676324
2023-11-20 08:00:00,2026.9817899746702
2023-11-20 12:00:00,2035.0728026067047
2023-11-20 16:00:00,2037.8449358704008
2023-11-20 20:00:00,2034.7423206352012
2023-11-21 00:00:00,2035.1565178372102
2023-11-21 04:00:00,2030.3924772581304
2023-11-21 08:00:00,2027.689376861436
2023-11-21 12:00:00,2022.5394734660563
2023-11-21 16:00:00,2022.667235787074
2023-11-21 20:00:00,1026.9276003835928
2023-11-22 00:00:00,1026.9276003835928
2023-11-22 04:00:00,1026.9276003835928
2023-11-22 08:00:00,1026.9276003835928
2023-11-22 12:00:00,1026.9276003835928
2023-11-22 16:00:00,1026.9276003835928
2023-11-22 20:00:00,1026.9276003835928
2023-11-23 00:00:00,1026.9276003835928
2023-11-23 04:00:00,1026.9276003835928
2023-11-23 08:00:00,1026.9276003835928
2023-11-23 12:00:00,1026.9276003835928
2023-11-23 16:00:00,1026.9276003835928
2023-11-23 20:00:00,1026.9276003835928
2023-11-24 00:00:00,1026.9276003835928
2023-11-24 04:00:00,1026.9276003835928
2023-11-24 08:00:00,1026.9276003835928
2023-11-24 12:00:00,1950.4236438940181
2023-11-24 16:00:00,1939.4299626587729
2023-11-24 20:00:00,1938.1604945003119
2023-11-25 00:00:00,1940.2004868227114
2023-11-25 04:00:00,1940.3067993445466
2023-11-25 08:00:00,1936.6851666404787
2023-11-25 12:00:00,1937.9384463012966
2023-11-25 16:00:00,1940.718277127923
2023-11-25 20:00:00,1939.7817604583006
2023-11-26 00:00:00,1938.5666566575965
2023-11-26 04:00:00,1940.0018757023736
2023-11-26 08:00:00,1937.332706546203
2023-11-26 12:00:00,1931.4806854579033
2023-11-26 16:00:00,1000.0074781571051
2023-11-26 20:00:00,1000.0074781571051
2023-11-27 00:00:00,1000.0074781571051
2023-11-27 04:00:00,1000.0074781571051
2023-11-27 08:00:00,1000.0074781571051
2023-11-27 12:00:00,1000.0074781571051
2023-11-27 16:00:00,1000.0074781571051
2023-11-27 20:00:00,1000.0074781571051
2023-11-28 00:00:00,1000.0074781571051
2023-11-28 04:00:00,1000.0074781571051
2023-11-28 08:00:00,1000.0074781571051
2023-11-28 12:00:00,1000.0074781571051
2023-11-28 16:00:00,1899.2947786580992
2023-11-28 20:00:00,1892.325196257838
2023-11-29 00:00:00,1895.1947606016536
2023-11-29 04:00:00,1898.8802231119648
2023-11-29 08:00:00,1899.0680354140268
2023-11-29 12:00:00,1892.6054990403122
2023-11-29 16:00:00,1893.6306805132508
2023-11-29 20:00:00,1893.169171891601
2023-11-30 00:00:00,1897.8220093245932
2023-11-30 04:00:00,1891.7143343859302
2023-11-30 08:00:00,1893.8890404011377
2023-11-30 12:00:00,1887.6291808709793
2023-11-30 16:00:00,1890.6846699560326
2023-11-30 20:00:00,1890.085841284383
2023-12-01 00:00:00,1897.6146135789745
2023-12-01 04:00:00,1902.3578179864512
2023-12-01 08:00:00,1910.2876969563008
2023-12-01 12:00:00,1906.3551999230513
2023-12-01 16:00:00,1914.5873245699631
2023-12-01 20:00:00,1912.7025950864568
2023-12-02 00:00:00,1915.0561474898086
2023-12-02 04:00:00,1913.1735415122303
2023-12-02 08:00:00,1914.0625826606843
2023-12-02 12:00:00,1915.7517136537265
2023-12-02 16:00:00,1930.1030745493526
2023-12-02 20:00:00,1930.8191679372396
2023-12-03 00:00:00,1929.1854840434244
2023-12-03 04:00:00,1931.4885441947142
2023-12-03 08:00:00,1931.511666814817
2023-12-03 12:00:00,1938.1351177488414
2023-12-03 16:00:00,1933.547637109406
2023-12-03 20:00:00,1943.1333788127617
2023-12-04 00:00:00,1960.5345661109668
2023-12-04 04:00:00,1977.7899393354605
2023-12-04 08:00:00,1981.444964927473
2023-12-04 12:00:00,1973.760704809943
2023-12-04 16:00:00,1990.676788976189
2023-12-04 20:00:00,1990.7669200055705
2023-12-05 00:00:00,1986.9656084496405
2023-12-05 04:00:00,1979.840302281338
2023-12-05 08:00:00,1984.514138828505
2023-12-05 12:00:00,1997.307082318203
2023-12-05 16:00:00,2033.7858468720883
2023-12-05 20:00:00,2039.8958812617823
2023-12-06 00:00:00,2031.938396714871
2023-12-06 04:00:00,2030.8249717733754
2023-12-06 08:00:00,2034.372170453274
2023-12-06 12:00:00,2033.0978309514692
2023-12-06 16:00:00,2037.8051717032756
2023-12-06 20:00:00,2032.5667185244072
2023-12-07 00:00:00,2036.439757391677
2023-12-07 04:00:00,2035.4292045151303
2023-12-07 08:00:00,2019.00789723007
2023-12-07 12:00:00,2030.1435623156428
2023-12-07 16:00:00,2019.3747918653794
2023-12-07 20:00:00,2021.0160260024938
2023-12-08 00:00:00,2023.2072481749176
2023-12-08 04:00:00,2018.4883461130592
2023-12-08 08:00:00,2029.9979841870347
2023-12-08 12:00:00,2032.525428131366
2023-12-08 16:00:00,2036.870829095028
2023-12-08 20:00:00,2042.2003570836905
2023-12-09 00:00:00,2041.4545346128139
2023-12-09 04:00:00,2042.4181344138456
2023-12-09 08:00:00,2033.8563944579132
2023-12-09 12:00:00,2039.230044180854
2023-12-09 16:00:00,2036.3819508414194
2023-12-09 20:00:00,2031.4084640133242
2023-12-10 00:00:00,2034.5163329112638
2023-12-10 04:00:00,2037.374099999925
2023-12-10 08:00:00,2031.9846419550772
2023-12-10 12:00:00,2035.8944882584296
2023-12-10 16:00:00,2033.37860562415
2023-12-10 20:00:00,2033.1995232909023
2023-12-11 00:00:00,1097.4759502502855
2023-12-11 04:00:00,1097.4759502502855
2023-12-11 08:00:00,1097.4759502502855
2023-12-11 12:00:00,1097.4759502502855
2023-12-11 16:00:00,1097.4759502502855
2023-12-11 20:00:00,1097.4759502502855
2023-12-12 00:00:00,1097.4759502502855
2023-12-12 04:00:00,1097.4759502502855
2023-12-12 08:00:00,1097.4759502502855
2023-12-12 12:00:00,1097.4759502502855
2023-12-12 16:00:00,1097.4759502502855
2023-12-12 20:00:00,1097.4759502502855
2023-12-13 00:00:00,1097.4759502502855
2023-12-13 04:00:00,1097.4759502502855
2023-12-13 08:00:00,1097.4759502502855
2023-12-13 12:00:00,1097.4759502502855
2023-12-13 16:00:00,1097.4759502502855
2023-12-13 20:00:00,1097.4759502502855
2023-12-14 00:00:00,1097.4759502502855
2023-12-14 04:00:00,1097.4759502502855
2023-12-14 08:00:00,1097.4759502502855
2023-12-14 12:00:00,1097.4759502502855
2023-12-14 16:00:00,1097.4759502502855
2023-12-14 20:00:00,1097.4759502502855
2023-12-15 00:00:00,1097.4759502502855
2023-12-15 04:00:00,1097.4759502502855
2023-12-15 08:00:00,1097.4759502502855
2023-12-15 12:00:00,1097.4759502502855
2023-12-15 16:00:00,1097.4759502502855
2023-12-15 20:00:00,1097.4759502502855
2023-12-16 00:00:00,1097.4759502502855
2023-12-16 04:00:00,1097.4759502502855
2023-12-16 08:00:00,1097.4759502502855
2023-12-16 12:00:00,1097.4759502502855
2023-12-16 16:00:00,1097.4759502502855
2023-12-16 20:00:00,1097.4759502502855
2023-12-17 00:00:00,1097.4759502502855
2023-12-17 04:00:00,1097.4759502502855
2023-12-17 08:00:00,1097.4759502502855
2023-12-17 12:00:00,1097.4759502502855
2023-12-17 16:00:00,1097.4759502502855
2023-12-17 20:00:00,1097.4759502502855
2023-12-18 00:00:00,1097.4759502502855
2023-12-18 04:00:00,1097.4759502502855
2023-12-18 08:00:00,1097.4759502502855
2023-12-18 12:00:00,1097.4759502502855
2023-12-18 16:00:00,1097.4759502502855
2023-12-18 20:00:00,1097.4759502502855
2023-12-19 00:00:00,2084.414754432197
2023-12-19 04:00:00,2083.3600575377827
2023-12-19 08:00:00,2081.9844157369666
2023-12-19 12:00:00,2070.7765431133307
2023-12-19 16:00:00,2067.4571343383386
2023-12-19 20:00:00,2065.945875560656
2023-12-20 00:00:00,2069.239168904292
2023-12-20 04:00:00,2080.7959345275353
2023-12-20 08:00:00,2079.4262488777304
2023-12-20 12:00:00,2106.0630725299707
2023-12-20 16:00:00,2099.4382290265894
2023-12-20 20:00:00,2097.8557255195055
2023-12-21 00:00:00,2097.4076396972914
2023-12-21 04:00:00,2100.045069181521
2023-12-21 08:00:00,2103.873041619762
2023-12-21 12:00:00,2101.40788234939
2023-12-21 16:00:00,2096.020085594453
2023-12-21 20:00:00,2102.2740441560322
2023-12-22 00:00:00,2105.6232336860794
2023-12-22 04:00:00,2095.9186019445347
2023-12-22 08:00:00,2099.8031578173805
2023-12-22 12:00:00,2097.9054364721746
2023-12-22 16:00:00,2097.2110867139277
2023-12-22 20:00:00,2104.73072736535
2023-12-23 00:00:00,2094.5912966
2023-12-23 04:00:00,2095.413474522253
2023-12-23 08:00:00,2095.080388231098
2023-12-23 12:00:00,2099.855846845555
2023-12-23 16:00:00,2098.6547660859082
2023-12-23 20:00:00,2098.6169674352614
2023-12-24 00:00:00,2101.6481901344123
2023-12-24 04:00:00,2097.448874588906
2023-12-24 08:00:00,2097.060121194071
2023-12-24 12:00:00,2098.114589005754
2023-12-24 16:00:00,2096.690610748656
2023-12-24 20:00:00,1088.1346981398508
2023-12-25 00:00:00,1088.1346981398508
2023-12-25 04:00:00,1088.1346981398508
2023-12-25 08:00:00,1088.1346981398508
2023-12-25 12:00:00,1088.1346981398508
2023-12-25 16:00:00,1088.1346981398508
2023-12-25 20:00:00,1088.1346981398508
2023-12-26 00:00:00,1088.1346981398508
2023-12-26 04:00:00,1088.1346981398508
2023-12-26 08:00:00,1088.1346981398508
2023-12-26 12:00:00,1088.1346981398508
2023-12-26 16:00:00,1088.1346981398508
2023-12-26 20:00:00,1088.1346981398508
2023-12-27 00:00:00,1088.1346981398508
2023-12-27 04:00:00,1000.0
2024-01-04 12:00:00,1000.0
2024-01-04 16:00:00,1000.0
2024-01-04 20:00:00,1000.0
2024-01-05 00:00:00,1000.0
2024-01-05 04:00:00,1000.0
2024-01-05 08:00:00,1000.0
2024-01-05 12:00:00,1000.0
2024-01-05 16:00:00,1000.0
2024-01-05 20:00:00,1000.0
2024-01-06 00:00:00,1000.0
2024-01-06 04:00:00,1000.0
2024-01-06 08:00:00,1000.0
2024-01-06 12:00:00,1000.0
2024-01-06 16:00:00,1000.0
2024-01-06 20:00:00,1000.0
2024-01-07 00:00:00,1000.0
2024-01-07 04:00:00,1000.0
2024-01-07 08:00:00,1000.0
2024-01-07 12:00:00,1000.0
2024-01-07 16:00:00,1000.0
2024-01-07 20:00:00,1000.0
2024-01-08 00:00:00,1000.0
2024-01-08 04:00:00,1000.0
2024-01-08 08:00:00,1899.2805755395684
2024-01-08 12:00:00,1905.8696466508
2024-01-08 16:00:00,1946.4922119230428
2024-01-08 20:00:00,1945.9218508065196
2024-01-09 00:00:00,1945.436711432239
2024-01-09 04:00:00,1943.3927999072903
2024-01-09 08:00:00,1939.171603823434
2024-01-09 12:00:00,1944.2506584852333
2024-01-09 16:00:00,1944.4102225983688
2024-01-09 20:00:00,1928.977431398508
2024-01-10 00:00:00,1929.1204749847786
2024-01-10 04:00:00,1921.8852900972524
2024-01-10 08:00:00,1917.0079067451106
2024-01-10 12:00:00,999.537951646397
2024-01-10 16:00:00,999.537951646397
2024-01-10 20:00:00,999.537951646397
2024-01-11 00:00:00,999.537951646397
2024-01-11 04:00:00,999.537951646397
2024-01-11 08:00:00,999.537951646397
2024-01-11 12:00:00,999.537951646397
2024-01-11 16:00:00,999.537951646397
2024-01-11 20:00:00,999.537951646397
2024-01-12 00:00:00,999.537951646397
2024-01-12 04:00:00,999.537951646397
2024-01-12 08:00:00,999.537951646397
2024-01-12 12:00:00,999.537951646397
2024-01-12 16:00:00,999.537951646397
2024-01-12 20:00:00,999.537951646397
2024-01-13 00:00:00,999.537951646397
2024-01-13 04:00:00,999.537951646397
2024-01-13 08:00:00,999.537951646397
2024-01-13 12:00:00,999.537951646397
2024-01-13 16:00:00,999.537951646397
2024-01-13 20:00:00,999.537951646397
2024-01-14 00:00:00,999.537951646397
2024-01-14 04:00:00,999.537951646397
2024-01-14 08:00:00,999.537951646397
2024-01-14 12:00:00,999.537951646397
2024-01-14 16:00:00,999.537951646397
2024-01-14 20:00:00,999.537951646397
2024-01-15 00:00:00,999.537951646397
2024-01-15 04:00:00,999.537951646397
2024-01-15 08:00:00,999.537951646397
2024-01-15 12:00:00,999.537951646397
2024-01-15 16:00:00,999.537951646397
2024-01-15 20:00:00,999.537951646397
2024-01-16 00:00:00,999.537951646397
2024-01-16 04:00:00,999.537951646397
2024-01-16 08:00:00,999.537951646397
2024-01-16 12:00:00,999.537951646397
2024-01-16 16:00:00,999.537951646397
2024-01-16 20:00:00,999.537951646397
2024-01-17 00:00:00,999.537951646397
2024-01-17 04:00:00,999.537951646397
2024-01-17 08:00:00,999.537951646397
2024-01-17 12:00:00,999.537951646397
2024-01-17 16:00:00,999.537951646397
2024-01-17 20:00:00,999.537951646397
2024-01-18 00:00:00,999.537951646397
2024-01-18 04:00:00,999.537951646397
2024-01-18 08:00:00,999.537951646397
2024-01-18 12:00:00,999.537951646397
2024-01-18 16:00:00,999.537951646397
2024-01-18 20:00:00,999.537951646397
2024-01-19 00:00:00,999.537951646397
2024-01-19 04:00:00,999.537951646397
2024-01-19 08:00:00,999.537951646397
2024-01-19 12:00:00,999.537951646397
2024-01-19 16:00:00,999.537951646397
2024-01-19 20:00:00,999.537951646397
2024-01-20 00:00:00,999.537951646397
2024-01-20 04:00:00,999.537951646397
2024-01-20 08:00:00,999.537951646397
2024-01-20 12:00:00,999.537951646397
2024-01-20 16:00:00,999.537951646397
2024-01-20 20:00:00,999.537951646397
2024-01-21 00:00:00,999.537951646397
2024-01-21 04:00:00,999.537951646397
2024-01-21 08:00:00,999.537951646397
2024-01-21 12:00:00,999.537951646397
2024-01-21 16:00:00,999.537951646397
2024-01-21 20:00:00,999.537951646397
2024-01-22 00:00:00,999.537951646397
2024-01-22 04:00:00,999.537951646397
2024-01-22 08:00:00,999.537951646397
2024-01-22 12:00:00,999.537951646397
2024-01-22 16:00:00,999.537951646397
2024-01-22 20:00:00,999.537951646397
2024-01-23 00:00:00,999.537951646397
2024-01-23 04:00:00,999.537951646397
2024-01-23 08:00:00,999.537951646397
2024-01-23 12:00:00,999.537951646397
2024-01-23 16:00:00,999.537951646397
2024-01-23 20:00:00,999.537951646397
2024-01-24 00:00:00,999.537951646397
2024-01-24 04:00:00,999.537951646397
2024-01-24 08:00:00,999.537951646397
2024-01-24 12:00:00,999.537951646397
2024-01-24 16:00:00,999.537951646397
2024-01-24 20:00:00,999.537951646397
2024-01-25 00:00:00,999.537951646397
2024-01-25 04:00:00,999.537951646397
2024-01-25 08:00:00,999.537951646397
2024-01-25 12:00:00,999.537951646397
2024-01-25 16:00:00,999.537951646397
2024-01-25 20:00:00,999.537951646397
2024-01-26 00:00:00,999.537951646397
2024-01-26 04:00:00,999.537951646397
2024-01-26 08:00:00,999.537951646397
2024-01-26 12:00:00,999.537951646397
2024-01-26 16:00:00,999.537951646397
2024-01-26 20:00:00,999.537951646397
2024-01-27 00:00:00,999.537951646397
2024-01-27 04:00:00,999.537951646397
2024-01-27 08:00:00,999.537951646397
2024-01-27 12:00:00,999.537951646397
2024-01-27 16:00:00,999.537951646397
2024-01-27 20:00:00,999.537951646397
2024-01-28 00:00:00,999.537951646397
2024-01-28 04:00:00,999.537951646397
2024-01-28 08:00:00,999.537951646397
2024-01-28 12:00:00,999.537951646397
2024-01-28 16:00:00,999.537951646397
2024-01-28 20:00:00,999.537951646397
2024-01-29 00:00:00,999.537951646397
2024-01-29 04:00:00,999.537951646397
2024-01-29 08:00:00,999.537951646397
2024-01-29 12:00:00,999.537951646397
2024-01-29 16:00:00,999.537951646397
2024-01-29 20:00:00,999.537951646397
2024-01-30 00:00:00,999.537951646397
2024-01-30 04:00:00,999.537951646397
2024-01-30 08:00:00,999.537951646397
2024-01-30 12:00:00,999.537951646397
2024-01-30 16:00:00,999.537951646397
2024-01-30 20:00:00,999.537951646397
2024-01-31 00:00:00,999.537951646397
2024-01-31 04:00:00,999.537951646397
2024-01-31 08:00:00,999.537951646397
2024-01-31 12:00:00,999.537951646397
2024-01-31 16:00:00,999.537951646397
2024-01-31 20:00:00,999.537951646397
2024-02-01 00:00:00,999.537951646397
2024-02-01 04:00:00,999.537951646397
2024-02-01 08:00:00,999.537951646397
2024-02-01 12:00:00,999.537951646397
2024-02-01 16:00:00,999.537951646397
2024-02-01 20:00:00,999.537951646397
2024-02-02 00:00:00,999.537951646397
2024-02-02 04:00:00,999.537951646397
2024-02-02 08:00:00,999.537951646397
2024-02-02 12:00:00,999.537951646397
2024-02-02 16:00:00,999.537951646397
2024-02-02 20:00:00,999.537951646397
2024-02-03 00:00:00,999.537951646397
2024-02-03 04:00:00,999.537951646397
2024-02-03 08:00:00,999.537951646397
2024-02-03 12:00:00,999.537951646397
2024-02-03 16:00:00,999.537951646397
2024-02-03 20:00:00,999.537951646397
2024-02-04 00:00:00,999.537951646397
2024-02-04 04:00:00,999.537951646397
2024-02-04 08:00:00,999.537951646397
2024-02-04 12:00:00,999.537951646397
2024-02-04 16:00:00,999.537951646397
2024-02-04 20:00:00,999.537951646397
2024-02-05 00:00:00,999.537951646397
2024-02-05 04:00:00,999.537951646397
2024-02-05 08:00:00,999.537951646397
2024-02-05 12:00:00,999.537951646397
2024-02-05 16:00:00,999.537951646397
2024-02-05 20:00:00,999.537951646397
2024-02-06 00:00:00,999.537951646397
2024-02-06 04:00:00,999.537951646397
2024-02-06 08:00:00,999.537951646397
2024-02-06 12:00:00,999.537951646397
2024-02-06 16:00:00,999.537951646397
2024-02-06 20:00:00,999.537951646397
2024-02-07 00:00:00,999.537951646397
2024-02-07 04:00:00,999.537951646397
2024-02-07 08:00:00,999.537951646397
2024-02-07 12:00:00,999.537951646397
2024-02-07 16:00:00,1898.4030160766101
2024-02-07 20:00:00,1913.5325976161453
2024-02-08 00:00:00,1917.4769271093573
2024-02-08 04:00:00,1916.9050312765726
2024-02-08 08:00:00,1920.7327146287555
2024-02-08 12:00:00,1935.8458090812196
2024-02-08 16:00:00,1932.792400555621
2024-02-08 20:00:00,1932.8853465089853
2024-02-09 00:00:00,1948.797240330052
2024-02-09 04:00:00,1951.7084477296607
2024-02-09 08:00:00,1971.8643238514596
2024-02-09 12:00:00,1971.451528408913
2024-02-09 16:00:00,1978.6541184845837
2024-02-09 20:00:00,1970.8905552713131
2024-02-10 00:00:00,1975.9160254992235
2024-02-10 04:00:00,1971.2810931463137
2024-02-10 08:00:00,1971.905129391961
2024-02-10 12:00:00,1975.439136505687
2024-02-10 16:00:00,1979.0994759240962
2024-02-10 20:00:00,1983.6334248686942
2024-02-11 00:00:00,1999.4717450637054
2024-02-11 04:00:00,1992.4628782611221
2024-02-11 08:00:00,1997.2480491949686
2024-02-11 12:00:00,1991.8633665574932
2024-02-11 16:00:00,1994.6160918326295
2024-02-11 20:00:00,1994.9456274854663
2024-02-12 00:00:00,1991.751460453997
2024-02-12 04:00:00,1992.966970948326
2024-02-12 08:00:00,1986.7647348807043
2024-02-12 12:00:00,2028.2868454039215
2024-02-12 16:00:00,2020.336565929569
2024-02-12 20:00:00,2028.2759227087367
2024-02-13 00:00:00,2025.652827155698
2024-02-13 04:00:00,2029.632397797525
2024-02-13 08:00:00,2029.736060357486
2024-02-13 12:00:00,2003.7555024619974
2024-02-13 16:00:00,2010.1289981465716
2024-02-13 20:00:00,2023.7897863166454
2024-02-14 00:00:00,2020.0599950439484
2024-02-14 04:00:00,2026.661424707283
2024-02-14 08:00:00,2062.030142158327
2024-02-14 12:00:00,2062.748979154634
2024-02-14 16:00:00,2064.5625587324735
2024-02-14 20:00:00,2066.977298722649
2024-02-15 00:00:00,2078.274044695291
2024-02-15 04:00:00,2066.5947983025953
2024-02-15 08:00:00,2077.9995346955548
2024-02-15 12:00:00,2070.131690656559
2024-02-15 16:00:00,2071.240035084925
2024-02-15 20:00:00,2068.725548217968
2024-02-16 00:00:00,2076.9742439683105
2024-02-16 04:00:00,2065.6752310211955
2024-02-16 08:00:00,2075.606021829984
2024-02-16 12:00:00,2068.890625177269
2024-02-16 16:00:00,2066.176026290985
2024-02-16 20:00:00,2073.7563767491765
2024-02-17 00:00:00,2070.5545844399367
2024-02-17 04:00:00,2069.3712237653963
2024-02-17 08:00:00,2064.819757290785
2024-02-17 12:00:00,2050.2715516591006
2024-02-17 16:00:00,2058.7185046314753
2024-02-17 20:00:00,2063.8338294839236
2024-02-18 00:00:00,2060.481798593747
2024-02-18 04:00:00,2064.420357606484
2024-02-18 08:00:00,2067.736529082281
2024-02-18 12:00:00,2066.5408030924373
2024-02-18 16:00:00,2066.2137405026606
2024-02-18 20:00:00,2074.0358328750344
2024-02-19 00:00:00,2072.5136625611794
2024-02-19 04:00:00,2079.3193260156095
2024-02-19 08:00:00,2078.127721797534
2024-02-19 12:00:00,2073.8363391214716
2024-02-19 16:00:00,2067.5015880915153
2024-02-19 20:00:00,2066.556053647978
2024-02-20 00:00:00,2062.5476306037763
2024-02-20 04:00:00,2067.886355486041
2024-02-20 08:00:00,2077.1092319937065
2024-02-20 12:00:00,2064.6037764501516
2024-02-20 16:00:00,2073.2823729958773
2024-02-20 20:00:00,2076.5325961233893
2024-02-21 00:00:00,2071.2396229077476
2024-02-21 04:00:00,2062.3087739298317
2024-02-21 08:00:00,2049.879365075393
2024-02-21 12:00:00,2053.8047344184724
2024-02-21 16:00:00,2051.785066252243
2024-02-21 20:00:00,2068.0947110489037
2024-02-22 00:00:00,2062.668604605162
2024-02-22 04:00:00,2067.646262280565
2024-02-22 08:00:00,2063.4092869918386
2024-02-22 12:00:00,2063.004529004239
2024-02-22 16:00:00,2061.1000643589196
2024-02-22 20:00:00,2056.5337595059436
2024-02-23 00:00:00,2052.650638323484
2024-02-23 04:00:00,2048.8577839427394
2024-02-23 08:00:00,2055.102062082393
2024-02-23 12:00:00,2048.75783097737
2024-02-23 16:00:00,1144.66300493826
2024-02-23 20:00:00,1144.66300493826
2024-02-24 00:00:00,1144.66300493826
2024-02-24 04:00:00,1144.66300493826
2024-02-24 08:00:00,1144.66300493826
2024-02-24 12:00:00,1144.66300493826
2024-02-24 16:00:00,1144.66300493826
2024-02-24 20:00:00,1144.66300493826
2024-02-25 00:00:00,1144.66300493826
2024-02-25 04:00:00,1144.66300493826
2024-02-25 08:00:00,1144.66300493826
2024-02-25 12:00:00,1144.66300493826
2024-02-25 16:00:00,1144.66300493826
2024-02-25 20:00:00,1144.66300493826
2024-02-26 00:00:00,1144.66300493826
2024-02-26 04:00:00,1144.66300493826
2024-02-26 08:00:00,1144.66300493826
2024-02-26 12:00:00,2174.0362108179906
2024-02-26 16:00:00,2206.076869806826
2024-02-26 20:00:00,2205.8696016378553
2024-02-27 00:00:00,2229.0729225124787
2024-02-27 04:00:00,2236.698988564041
2024-02-27 08:00:00,2245.8295020488367
2024-02-27 12:00:00,2250.073629489968
2024-02-27 16:00:00,2261.645193186578
2024-02-27 20:00:00,2255.7555824528768
2024-02-28 00:00:00,2253.399660239032
2024-02-28 04:00:00,2279.204936877697
2024-02-28 08:00:00,2292.841195426676
2024-02-28 12:00:00,2332.290522650748
2024-02-28 16:00:00,1271.0994127339259
2024-02-28 20:00:00,1271.0994127339259
2024-02-29 00:00:00,1271.0994127339259
2024-02-29 04:00:00,1271.0994127339259
2024-02-29 08:00:00,1271.0994127339259
2024-02-29 12:00:00,1271.0994127339259
2024-02-29 16:00:00,1271.0994127339259
2024-02-29 20:00:00,1271.0994127339259
2024-03-01 00:00:00,1271.0994127339259
2024-03-01 04:00:00,1271.0994127339259
2024-03-01 08:00:00,1271.0994127339259
2024-03-01 12:00:00,1271.0994127339259
2024-03-01 16:00:00,1271.0994127339259
2024-03-01 20:00:00,1271.0994127339259
2024-03-02 00:00:00,1271.0994127339259
2024-03-02 04:00:00,1271.0994127339259
2024-03-02 08:00:00,1271.0994127339259
2024-03-02 12:00:00,1271.0994127339259
2024-03-02 16:00:00,1271.0994127339259
2024-03-02 20:00:00,1271.0994127339259
2024-03-03 00:00:00,1271.0994127339259
2024-03-03 04:00:00,1271.0994127339259
2024-03-03 08:00:00,1271.0994127339259
2024-03-03 12:00:00,1271.0994127339259
2024-03-03 16:00:00,1271.0994127339259
2024-03-03 20:00:00,1271.0994127339259
2024-03-04 00:00:00,2414.1744241852984
2024-03-04 04:00:00,2425.1244606729756
2024-03-04 08:00:00,2446.0802978979036
2024-03-04 12:00:00,2468.0857462860777
2024-03-04 16:00:00,2485.263019349104
2024-03-04 20:00:00,2500.4019536574906
2024-03-05 00:00:00,2498.0283949998475
2024-03-05 04:00:00,2462.28541522933
2024-03-05 08:00:00,2471.772264574559
2024-03-05 12:00:00,2473.8750894792665
2024-03-05 16:00:00,1232.41428370902
2024-03-05 20:00:00,1232.41428370902
2024-03-06 00:00:00,1232.41428370902
2024-03-06 04:00:00,1232.41428370902
2024-03-06 08:00:00,1232.41428370902
2024-03-06 12:00:00,1232.41428370902
2024-03-06 16:00:00,1232.41428370902
2024-03-06 20:00:00,1232.41428370902
2024-03-07 00:00:00,1232.41428370902
2024-03-07 04:00:00,1232.41428370902
2024-03-07 08:00:00,1232.41428370902
2024-03-07 12:00:00,1232.41428370902
2024-03-07 16:00:00,1232.41428370902
2024-03-07 20:00:00,1232.41428370902
2024-03-08 00:00:00,1232.41428370902
2024-03-08 04:00:00,1232.41428370902
2024-03-08 08:00:00,1232.41428370902
2024-03-08 12:00:00,1232.41428370902
2024-03-08 16:00:00,1232.41428370902
2024-03-08 20:00:00,1232.41428370902
2024-03-09 00:00:00,1232.41428370902
2024-03-09 04:00:00,1232.41428370902
2024-03-09 08:00:00,1232.41428370902
2024-03-09 12:00:00,1232.41428370902
2024-03-09 16:00:00,1232.41428370902
2024-03-09 20:00:00,1232.41428370902
2024-03-10 00:00:00,1232.41428370902
2024-03-10 04:00:00,1232.41428370902
2024-03-10 08:00:00,1232.41428370902
2024-03-10 12:00:00,1232.41428370902
2024-03-10 16:00:00,1232.41428370902
2024-03-10 20:00:00,1232.41428370902
2024-03-11 00:00:00,1232.41428370902
2024-03-11 04:00:00,2340.7005100660526
2024-03-11 08:00:00,2347.9914489667235
2024-03-11 12:00:00,2356.1498849104555
2024-03-11 16:00:00,2355.525674050185
2024-03-11 20:00:00,2357.212603900065
2024-03-12 00:00:00,2350.0482237513143
2024-03-12 04:00:00,2357.8836305748555
2024-03-12 08:00:00,2356.3655497626787
2024-03-12 12:00:00,2351.3654647191993
2024-03-12 16:00:00,2345.850249663282
2024-03-12 20:00:00,2347.442299462401
2024-03-13 00:00:00,2356.8900429380205
2024-03-13 04:00:00,2369.3388361771044
2024-03-13 08:00:00,2372.6198445113996
2024-03-13 12:00:00,2365.9023993386018
2024-03-13 16:00:00,2377.0490887231617
2024-03-13 20:00:00,2372.729081411947
2024-03-14 00:00:00,2375.766959616167
2024-03-14 04:00:00,2375.094684519656
2024-03-14 08:00:00,2369.788892207359
2024-03-14 12:00:00,2337.9542943862934
2024-03-14 16:00:00,1197.4360540790017
2024-03-14 20:00:00,1197.4360540790017
2024-03-15 00:00:00,1197.4360540790017
2024-03-15 04:00:00,1197.4360540790017
2024-03-15 08:00:00,1197.4360540790017
2024-03-15 12:00:00,1197.4360540790017
2024-03-15 16:00:00,1197.4360540790017
2024-03-15 20:00:00,1197.4360540790017
2024-03-16 00:00:00,1197.4360540790017
2024-03-16 04:00:00,1197.4360540790017
2024-03-16 08:00:00,1197.4360540790017
2024-03-16 12:00:00,1197.4360540790017
2024-03-16 16:00:00,1197.4360540790017
2024-03-16 20:00:00,1197.4360540790017
2024-03-17 00:00:00,1197.4360540790017
2024-03-17 04:00:00,1197.4360540790017
2024-03-17 08:00:00,1197.4360540790017
2024-03-17 12:00:00,1197.4360540790017
2024-03-17 16:00:00,1197.4360540790017
2024-03-17 20:00:00,1197.4360540790017
2024-03-18 00:00:00,1197.4360540790017
2024-03-18 04:00:00,1197.4360540790017
2024-03-18 08:00:00,1197.4360540790017
2024-03-18 12:00:00,1197.4360540790017
2024-03-18 16:00:00,1197.4360540790017
2024-03-18 20:00:00,1197.4360540790017
2024-03-19 00:00:00,1197.4360540790017
2024-03-19 04:00:00,1197.4360540790017
2024-03-19 08:00:00,1197.4360540790017
2024-03-19 12:00:00,1197.4360540790017
2024-03-19 16:00:00,1197.4360540790017
2024-03-19 20:00:00,1197.4360540790017
2024-03-20 00:00:00,1197.4360540790017
2024-03-20 04:00:00,1197.4360540790017
2024-03-20 08:00:00,1197.4360540790017
2024-03-20 12:00:00,1197.4360540790017
2024-03-20 16:00:00,1197.4360540790017
2024-03-20 20:00:00,1197.4360540790017
2024-03-21 00:00:00,1197.4360540790017
2024-03-21 04:00:00,1197.4360540790017
2024-03-21 08:00:00,1197.4360540790017
2024-03-21 12:00:00,1197.4360540790017
2024-03-21 16:00:00,1197.4360540790017
2024-03-21 20:00:00,1197.4360540790017
2024-03-22 00:00:00,1197.4360540790017
2024-03-22 04:00:00,1197.4360540790017
2024-03-22 08:00:00,1197.4360540790017
2024-03-22 12:00:00,1197.4360540790017
2024-03-22 16:00:00,1197.4360540790017
2024-03-22 20:00:00,1197.4360540790017
2024-03-23 00:00:00,1197.4360540790017
2024-03-23 04:00:00,1197.4360540790017
2024-03-23 08:00:00,1197.4360540790017
2024-03-23 12:00:00,1197.4360540790017
2024-03-23 16:00:00,1197.4360540790017
2024-03-23 20:00:00,1197.4360540790017
2024-03-24 00:00:00,1197.4360540790017
2024-03-24 04:00:00,1197.4360540790017
2024-03-24 08:00:00,1197.4360540790017
2024-03-24 12:00:00,1197.4360540790017
2024-03-24 16:00:00,1197.4360540790017
2024-03-24 20:00:00,1197.4360540790017
2024-03-25 00:00:00,1197.4360540790017
2024-03-25 04:00:00,1197.4360540790017
2024-03-25 08:00:00,1197.4360540790017
2024-03-25 12:00:00,2274.2670379629963
2024-03-25 16:00:00,2292.3012284933357
2024-03-25 20:00:00,2275.6241847059623
2024-03-26 00:00:00,2284.0037480996066
2024-03-26 04:00:00,1000.0
2024-04-03 12:00:00,1000.0
2024-04-03 16:00:00,1000.0
2024-04-03 20:00:00,1000.0
2024-04-04 00:00:00,1000.0
2024-04-04 04:00:00,1000.0
2024-04-04 08:00:00,1000.0
2024-04-04 12:00:00,1000.0
2024-04-04 16:00:00,1000.0
2024-04-04 20:00:00,1000.0
2024-04-05 00:00:00,1000.0
2024-04-05 04:00:00,1000.0
2024-04-05 08:00:00,1000.0
2024-04-05 12:00:00,1000.0
2024-04-05 16:00:00,1000.0
2024-04-05 20:00:00,1000.0
2024-04-06 00:00:00,1000.0
2024-04-06 04:00:00,1000.0
2024-04-06 08:00:00,1000.0
2024-04-06 12:00:00,1000.0
2024-04-06 16:00:00,1000.0
2024-04-06 20:00:00,1000.0
2024-04-07 00:00:00,1000.0
2024-04-07 04:00:00,1000.0
2024-04-07 08:00:00,1000.0
2024-04-07 12:00:00,1000.0
2024-04-07 16:00:00,1000.0
2024-04-07 20:00:00,1000.0
2024-04-08 00:00:00,1000.0
2024-04-08 04:00:00,1899.2805755395684
2024-04-08 08:00:00,1920.972737256251
2024-04-08 12:00:00,1912.9589363070468
2024-04-08 16:00:00,1912.8574313840688
2024-04-08 20:00:00,1911.0003237706856
2024-04-09 00:00:00,1906.7391521920317
2024-04-09 04:00:00,1895.2783814335758
2024-04-09 08:00:00,1900.5044857762791
2024-04-09 12:00:00,973.2494603530135
2024-04-09 16:00:00,973.2494603530135
2024-04-09 20:00:00,973.2494603530135
2024-04-10 00:00:00,973.2494603530135
2024-04-10 04:00:00,973.2494603530135
2024-04-10 08:00:00,973.2494603530135
2024-04-10 12:00:00,973.2494603530135
2024-04-10 16:00:00,973.2494603530135
2024-04-10 20:00:00,973.2494603530135
2024-04-11 00:00:00,973.2494603530135
2024-04-11 04:00:00,973.2494603530135
2024-04-11 08:00:00,973.2494603530135
2024-04-11 12:00:00,973.2494603530135
2024-04-11 16:00:00,973.2494603530135
2024-04-11 20:00:00,973.2494603530135
2024-04-12 00:00:00,973.2494603530135
2024-04-12 04:00:00,973.2494603530135
2024-04-12 08:00:00,973.2494603530135
2024-04-12 12:00:00,973.2494603530135
2024-04-12 16:00:00,973.2494603530135
2024-04-12 20:00:00,973.2494603530135
2024-04-13 00:00:00,973.2494603530135
2024-04-13 04:00:00,973.2494603530135
2024-04-13 08:00:00,973.2494603530135
2024-04-13 12:00:00,973.2494603530135
2024-04-13 16:00:00,973.2494603530135
2024-04-13 20:00:00,973.2494603530135
2024-04-14 00:00:00,973.2494603530135
2024-04-14 04:00:00,973.2494603530135
2024-04-14 08:00:00,973.2494603530135
2024-04-14 12:00:00,973.2494603530135
2024-04-14 16:00:00,973.2494603530135
2024-04-14 20:00:00,973.2494603530135
2024-04-15 00:00:00,973.2494603530135
2024-04-15 04:00:00,973.2494603530135
2024-04-15 08:00:00,973.2494603530135
2024-04-15 12:00:00,973.2494603530135
2024-04-15 16:00:00,973.2494603530135
2024-04-15 20:00:00,973.2494603530135
2024-04-16 00:00:00,973.2494603530135
2024-04-16 04:00:00,973.2494603530135
2024-04-16 08:00:00,973.2494603530135
2024-04-16 12:00:00,973.2494603530135
2024-04-16 16:00:00,973.2494603530135
2024-04-16 20:00:00,973.2494603530135
2024-04-17 00:00:00,973.2494603530135
2024-04-17 04:00:00,973.2494603530135
2024-04-17 08:00:00,973.2494603530135
2024-04-17 12:00:00,973.2494603530135
2024-04-17 16:00:00,973.2494603530135
2024-04-17 20:00:00,973.2494603530135
2024-04-18 00:00:00,973.2494603530135
2024-04-18 04:00:00,973.2494603530135
2024-04-18 08:00:00,973.2494603530135
2024-04-18 12:00:00,973.2494603530135
2024-04-18 16:00:00,973.2494603530135
2024-04-18 20:00:00,973.2494603530135
2024-04-19 00:00:00,973.2494603530135
2024-04-19 04:00:00,973.2494603530135
2024-04-19 08:00:00,973.2494603530135
2024-04-19 12:00:00,973.2494603530135
2024-04-19 16:00:00,973.2494603530135
2024-04-19 20:00:00,973.2494603530135
2024-04-20 00:00:00,973.2494603530135
2024-04-20 04:00:00,973.2494603530135
2024-04-20 08:00:00,973.2494603530135
2024-04-20 12:00:00,973.2494603530135
2024-04-20 16:00:00,973.2494603530135
2024-04-20 20:00:00,973.2494603530135
2024-04-21 00:00:00,973.2494603530135
2024-04-21 04:00:00,973.2494603530135
2024-04-21 08:00:00,973.2494603530135
2024-04-21 12:00:00,973.2494603530135
2024-04-21 16:00:00,973.2494603530135
2024-04-21 20:00:00,973.2494603530135
2024-04-22 00:00:00,973.2494603530135
2024-04-22 04:00:00,973.2494603530135
2024-04-22 08:00:00,973.2494603530135
2024-04-22 12:00:00,973.2494603530135
2024-04-22 16:00:00,973.2494603530135
2024-04-22 20:00:00,973.2494603530135
2024-04-23 00:00:00,973.2494603530135
2024-04-23 04:00:00,973.2494603530135
2024-04-23 08:00:00,973.2494603530135
2024-04-23 12:00:00,973.2494603530135
2024-04-23 16:00:00,973.2494603530135
2024-04-23 20:00:00,973.2494603530135
2024-04-24 00:00:00,973.2494603530135
2024-04-24 04:00:00,973.2494603530135
2024-04-24 08:00:00,973.2494603530135
2024-04-24 12:00:00,973.2494603530135
2024-04-24 16:00:00,973.2494603530135
2024-04-24 20:00:00,973.2494603530135
2024-04-25 00:00:00,973.2494603530135
2024-04-25 04:00:00,973.2494603530135
2024-04-25 08:00:00,973.2494603530135
2024-04-25 12:00:00,973.2494603530135
2024-04-25 16:00:00,973.2494603530135
2024-04-25 20:00:00,973.2494603530135
2024-04-26 00:00:00,973.2494603530135
2024-04-26 04:00:00,973.2494603530135
2024-04-26 08:00:00,973.2494603530135
2024-04-26 12:00:00,973.2494603530135
2024-04-26 16:00:00,973.2494603530135
2024-04-26 20:00:00,973.2494603530135
2024-04-27 00:00:00,973.2494603530135
2024-04-27 04:00:00,973.2494603530135
2024-04-27 08:00:00,973.2494603530135
2024-04-27 12:00:00,973.2494603530135
2024-04-27 16:00:00,973.2494603530135
2024-04-27 20:00:00,973.2494603530135
2024-04-28 00:00:00,973.2494603530135
2024-04-28 04:00:00,973.2494603530135
2024-04-28 08:00:00,973.2494603530135
2024-04-28 12:00:00,973.2494603530135
2024-04-28 16:00:00,973.2494603530135
2024-04-28 20:00:00,973.2494603530135
2024-04-29 00:00:00,973.2494603530135
2024-04-29 04:00:00,973.2494603530135
2024-04-29 08:00:00,973.2494603530135
2024-04-29 12:00:00,973.2494603530135
2024-04-29 16:00:00,973.2494603530135
2024-04-29 20:00:00,973.2494603530135
2024-04-30 00:00:00,973.2494603530135
2024-04-30 04:00:00,973.2494603530135
2024-04-30 08:00:00,973.2494603530135
2024-04-30 12:00:00,973.2494603530135
2024-04-30 16:00:00,973.2494603530135
2024-04-30 20:00:00,973.2494603530135
2024-05-01 00:00:00,973.2494603530135
2024-05-01 04:00:00,973.2494603530135
2024-05-01 08:00:00,973.2494603530135
2024-05-01 12:00:00,973.2494603530135
2024-05-01 16:00:00,973.2494603530135
2024-05-01 20:00:00,973.2494603530135
2024-05-02 00:00:00,973.2494603530135
2024-05-02 04:00:00,973.2494603530135
2024-05-02 08:00:00,973.2494603530135
2024-05-02 12:00:00,973.2494603530135
2024-05-02 16:00:00,973.2494603530135
2024-05-02 20:00:00,973.2494603530135
2024-05-03 00:00:00,973.2494603530135
2024-05-03 04:00:00,973.2494603530135
2024-05-03 08:00:00,973.2494603530135
2024-05-03 12:00:00,973.2494603530135
2024-05-03 16:00:00,973.2494603530135
2024-05-03 20:00:00,973.2494603530135
2024-05-04 00:00:00,973.2494603530135
2024-05-04 04:00:00,973.2494603530135
2024-05-04 08:00:00,973.2494603530135
2024-05-04 12:00:00,973.2494603530135
2024-05-04 16:00:00,973.2494603530135
2024-05-04 20:00:00,973.2494603530135
2024-05-05 00:00:00,973.2494603530135
2024-05-05 04:00:00,973.2494603530135
2024-05-05 08:00:00,973.2494603530135
2024-05-05 12:00:00,973.2494603530135
2024-05-05 16:00:00,973.2494603530135
2024-05-05 20:00:00,973.2494603530135
2024-05-06 00:00:00,973.2494603530135
2024-05-06 04:00:00,973.2494603530135
2024-05-06 08:00:00,973.2494603530135
2024-05-06 12:00:00,973.2494603530135
2024-05-06 16:00:00,973.2494603530135
2024-05-06 20:00:00,973.2494603530135
2024-05-07 00:00:00,973.2494603530135
2024-05-07 04:00:00,973.2494603530135
2024-05-07 08:00:00,973.2494603530135
2024-05-07 12:00:00,973.2494603530135
2024-05-07 16:00:00,973.2494603530135
2024-05-07 20:00:00,973.2494603530135
2024-05-08 00:00:00,973.2494603530135
2024-05-08 04:00:00,973.2494603530135
2024-05-08 08:00:00,973.2494603530135
2024-05-08 12:00:00,973.2494603530135
2024-05-08 16:00:00,973.2494603530135
2024-05-08 20:00:00,973.2494603530135
2024-05-09 00:00:00,973.2494603530135
2024-05-09 04:00:00,973.2494603530135
2024-05-09 08:00:00,973.2494603530135
2024-05-09 12:00:00,973.2494603530135
2024-05-09 16:00:00,973.2494603530135
2024-05-09 20:00:00,973.2494603530135
2024-05-10 00:00:00,973.2494603530135
2024-05-10 04:00:00,973.2494603530135
2024-05-10 08:00:00,973.2494603530135
2024-05-10 12:00:00,973.2494603530135
2024-05-10 16:00:00,973.2494603530135
2024-05-10 20:00:00,973.2494603530135
2024-05-11 00:00:00,973.2494603530135
2024-05-11 04:00:00,973.2494603530135
2024-05-11 08:00:00,973.2494603530135
2024-05-11 12:00:00,973.2494603530135
2024-05-11 16:00:00,973.2494603530135
2024-05-11 20:00:00,973.2494603530135
2024-05-12 00:00:00,973.2494603530135
2024-05-12 04:00:00,973.2494603530135
2024-05-12 08:00:00,973.2494603530135
2024-05-12 12:00:00,973.2494603530135
2024-05-12 16:00:00,973.2494603530135
2024-05-12 20:00:00,973.2494603530135
2024-05-13 00:00:00,973.2494603530135
2024-05-13 04:00:00,973.2494603530135
2024-05-13 08:00:00,973.2494603530135
2024-05-13 12:00:00,973.2494603530135
2024-05-13 16:00:00,973.2494603530135
2024-05-13 20:00:00,973.2494603530135
2024-05-14 00:00:00,973.2494603530135
2024-05-14 04:00:00,973.2494603530135
2024-05-14 08:00:00,973.2494603530135
2024-05-14 12:00:00,973.2494603530135
2024-05-14 16:00:00,973.2494603530135
2024-05-14 20:00:00,973.2494603530135
2024-05-15 00:00:00,973.2494603530135
2024-05-15 04:00:00,973.2494603530135
2024-05-15 08:00:00,973.2494603530135
2024-05-15 12:00:00,973.2494603530135
2024-05-15 16:00:00,973.2494603530135
2024-05-15 20:00:00,973.2494603530135
2024-05-16 00:00:00,973.2494603530135
2024-05-16 04:00:00,973.2494603530135
2024-05-16 08:00:00,973.2494603530135
2024-05-16 12:00:00,973.2494603530135
2024-05-16 16:00:00,973.2494603530135
2024-05-16 20:00:00,973.2494603530135
2024-05-17 00:00:00,973.2494603530135
2024-05-17 04:00:00,973.2494603530135
2024-05-17 08:00:00,973.2494603530135
2024-05-17 12:00:00,1848.473795202846
2024-05-17 16:00:00,1846.5576695939883
2024-05-17 20:00:00,1846.2451969316505
2024-05-18 00:00:00,1845.2168635972794
2024-05-18 04:00:00,1844.4607553001265
2024-05-18 08:00:00,1848.4180476832626
2024-05-18 12:00:00,1843.635353357136
2024-05-18 16:00:00,1844.7944589103427
2024-05-18 20:00:00,1844.8280637235496
2024-05-19 00:00:00,1848.1495999312501
2024-05-19 04:00:00,1850.1584644044615
2024-05-19 08:00:00,1850.2308840794344
2024-05-19 12:00:00,1844.4982676497525
2024-05-19 16:00:00,1833.350456998858
2024-05-19 20:00:00,1836.4764861343747
2024-05-20 00:00:00,1841.702295090461
2024-05-20 04:00:00,1843.655021290447
2024-05-20 08:00:00,1845.8570483139906
2024-05-20 12:00:00,1851.4030147540393
2024-05-20 16:00:00,1885.007827960844
2024-05-20 20:00:00,1903.8503593288128
2024-05-21 00:00:00,1901.7322140870724
2024-05-21 04:00:00,1896.4477920846953
2024-05-21 08:00:00,1899.7263453917826
2024-05-21 12:00:00,1882.7544819589923
2024-05-21 16:00:00,1875.7078912826819
2024-05-21 20:00:00,1886.940104720235
2024-05-22 00:00:00,1884.431205836555
2024-05-22 04:00:00,1881.2957986136316
2024-05-22 08:00:00,1881.5710194287713
2024-05-22 12:00:00,1890.9461110573998
2024-05-22 16:00:00,1880.2859609516458
2024-05-22 20:00:00,1874.1530825414038
2024-05-23 00:00:00,1877.793864474569
2024-05-23 04:00:00,1881.5437969250493
2024-05-23 08:00:00,1884.7828841143007
2024-05-23 12:00:00,983.3137517931884
2024-05-23 16:00:00,983.3137517931884
2024-05-23 20:00:00,983.3137517931884
2024-05-24 00:00:00,983.3137517931884
2024-05-24 04:00:00,983.3137517931884
2024-05-24 08:00:00,983.3137517931884
2024-05-24 12:00:00,983.3137517931884
2024-05-24 16:00:00,983.3137517931884
2024-05-24 20:00:00,983.3137517931884
2024-05-25 00:00:00,983.3137517931884
2024-05-25 04:00:00,983.3137517931884
2024-05-25 08:00:00,983.3137517931884
2024-05-25 12:00:00,983.3137517931884
2024-05-25 16:00:00,983.3137517931884
2024-05-25 20:00:00,983.3137517931884
2024-05-26 00:00:00,983.3137517931884
2024-05-26 04:00:00,983.3137517931884
2024-05-26 08:00:00,983.3137517931884
2024-05-26 12:00:00,983.3137517931884
2024-05-26 16:00:00,983.3137517931884
2024-05-26 20:00:00,983.3137517931884
2024-05-27 00:00:00,983.3137517931884
2024-05-27 04:00:00,983.3137517931884
2024-05-27 08:00:00,983.3137517931884
2024-05-27 12:00:00,1867.588708441739
2024-05-27 16:00:00,1853.5928730893543
2024-05-27 20:00:00,1855.8096594077374
2024-05-28 00:00:00,1838.392393681061
2024-05-28 04:00:00,1833.9153447906865
2024-05-28 08:00:00,1842.6592235763865
2024-05-28 12:00:00,1842.460816049081
2024-05-28 16:00:00,1843.0917243420522
2024-05-28 20:00:00,1842.7662807095496
2024-05-29 00:00:00,1848.1823412855197
2024-05-29 04:00:00,1837.0931322292936
2024-05-29 08:00:00,1834.7897703654303
2024-05-29 12:00:00,944.2991873419226
2024-05-29 16:00:00,944.2991873419226
2024-05-29 20:00:00,944.2991873419226
2024-05-30 00:00:00,944.2991873419226
2024-05-30 04:00:00,944.2991873419226
2024-05-30 08:00:00,944.2991873419226
2024-05-30 12:00:00,944.2991873419226
2024-05-30 16:00:00,944.2991873419226
2024-05-30 20:00:00,944.2991873419226
2024-05-31 00:00:00,944.2991873419226
2024-05-31 04:00:00,944.2991873419226
2024-05-31 08:00:00,944.2991873419226
2024-05-31 12:00:00,944.2991873419226
2024-05-31 16:00:00,944.2991873419226
2024-05-31 20:00:00,944.2991873419226
2024-06-01 00:00:00,944.2991873419226
2024-06-01 04:00:00,944.2991873419226
2024-06-01 08:00:00,944.2991873419226
2024-06-01 12:00:00,944.2991873419226
2024-06-01 16:00:00,944.2991873419226
2024-06-01 20:00:00,944.2991873419226
2024-06-02 00:00:00,944.2991873419226
2024-06-02 04:00:00,944.2991873419226
2024-06-02 08:00:00,944.2991873419226
2024-06-02 12:00:00,944.2991873419226
2024-06-02 16:00:00,944.2991873419226
2024-06-02 20:00:00,944.2991873419226
2024-06-03 00:00:00,944.2991873419226
2024-06-03 04:00:00,944.2991873419226
2024-06-03 08:00:00,944.2991873419226
2024-06-03 12:00:00,1793.4891040163134
2024-06-03 16:00:00,1788.4721762824906
2024-06-03 20:00:00,1783.6648157983932
2024-06-04 00:00:00,1788.0601168124251
2024-06-04 04:00:00,1786.149980861639
2024-06-04 08:00:00,1785.4451615549374
2024-06-04 12:00:00,1803.610299501889
2024-06-04 16:00:00,1803.3492553142216
2024-06-04 20:00:00,1804.74279213661
2024-06-05 00:00:00,1809.7409344475823
2024-06-05 04:00:00,1812.8200360294036
2024-06-05 08:00:00,1810.035280066667
2024-06-05 12:00:00,1817.4554001094773
2024-06-05 16:00:00,1813.795292235198
2024-06-05 20:00:00,1811.6977899889648
2024-06-06 00:00:00,1810.9902870504272
2024-06-06 04:00:00,1810.642268794626
2024-06-06 08:00:00,1812.4542082168737
2024-06-06 12:00:00,1814.0398686820545
2024-06-06 16:00:00,1804.0310197837885
2024-06-06 20:00:00,1807.9292389918648
2024-06-07 00:00:00,1810.254483994348
2024-06-07 04:00:00,1811.7221866420177
2024-06-07 08:00:00,1818.9190773093933
2024-06-07 12:00:00,1811.7409720648684
2024-06-07 16:00:00,934.4151610010248
2024-06-07 20:00:00,934.4151610010248
2024-06-08 00:00:00,934.4151610010248
2024-06-08 04:00:00,934.4151610010248
2024-06-08 08:00:00,934.4151610010248
2024-06-08 12:00:00,934.4151610010248
2024-06-08 16:00:00,934.4151610010248
2024-06-08 20:00:00,934.4151610010248
2024-06-09 00:00:00,934.4151610010248
2024-06-09 04:00:00,934.4151610010248
2024-06-09 08:00:00,934.4151610010248
2024-06-09 12:00:00,934.4151610010248
2024-06-09 16:00:00,934.4151610010248
2024-06-09 20:00:00,934.4151610010248
2024-06-10 00:00:00,934.4151610010248
2024-06-10 04:00:00,934.4151610010248
2024-06-10 08:00:00,934.4151610010248
2024-06-10 12:00:00,934.4151610010248
2024-06-10 16:00:00,934.4151610010248
2024-06-10 20:00:00,934.4151610010248
2024-06-11 00:00:00,934.4151610010248
2024-06-11 04:00:00,934.4151610010248
2024-06-11 08:00:00,934.4151610010248
2024-06-11 12:00:00,934.4151610010248
2024-06-11 16:00:00,934.4151610010248
2024-06-11 20:00:00,934.4151610010248
2024-06-12 00:00:00,934.4151610010248
2024-06-12 04:00:00,934.4151610010248
2024-06-12 08:00:00,934.4151610010248
2024-06-12 12:00:00,934.4151610010248
2024-06-12 16:00:00,934.4151610010248
2024-06-12 20:00:00,934.4151610010248
2024-06-13 00:00:00,934.4151610010248
2024-06-13 04:00:00,934.4151610010248
2024-06-13 08:00:00,934.4151610010248
2024-06-13 12:00:00,934.4151610010248
2024-06-13 16:00:00,934.4151610010248
2024-06-13 20:00:00,934.4151610010248
2024-06-14 00:00:00,934.4151610010248
2024-06-14 04:00:00,934.4151610010248
2024-06-14 08:00:00,934.4151610010248
2024-06-14 12:00:00,934.4151610010248
2024-06-14 16:00:00,934.4151610010248
2024-06-14 20:00:00,934.4151610010248
2024-06-15 00:00:00,934.4151610010248
2024-06-15 04:00:00,934.4151610010248
2024-06-15 08:00:00,934.4151610010248
2024-06-15 12:00:00,934.4151610010248
2024-06-15 16:00:00,934.4151610010248
2024-06-15 20:00:00,934.4151610010248
2024-06-16 00:00:00,934.4151610010248
2024-06-16 04:00:00,934.4151610010248
2024-06-16 08:00:00,934.4151610010248
2024-06-16 12:00:00,934.4151610010248
2024-06-16 16:00:00,934.4151610010248
2024-06-16 20:00:00,934.4151610010248
2024-06-17 00:00:00,934.4151610010248
2024-06-17 04:00:00,934.4151610010248
2024-06-17 08:00:00,934.4151610010248
2024-06-17 12:00:00,934.4151610010248
2024-06-17 16:00:00,934.4151610010248
2024-06-17 20:00:00,934.4151610010248
2024-06-18 00:00:00,934.4151610010248
2024-06-18 04:00:00,934.4151610010248
2024-06-18 08:00:00,934.4151610010248
2024-06-18 12:00:00,934.4151610010248
2024-06-18 16:00:00,934.4151610010248
2024-06-18 20:00:00,934.4151610010248
2024-06-19 00:00:00,934.4151610010248
2024-06-19 04:00:00,934.4151610010248
2024-06-19 08:00:00,934.4151610010248
2024-06-19 12:00:00,934.4151610010248
2024-06-19 16:00:00,934.4151610010248
2024-06-19 20:00:00,934.4151610010248
2024-06-20 00:00:00,934.4151610010248
2024-06-20 04:00:00,934.4151610010248
2024-06-20 08:00:00,934.4151610010248
2024-06-20 12:00:00,934.4151610010248
2024-06-20 16:00:00,934.4151610010248
2024-06-20 20:00:00,934.4151610010248
2024-06-21 00:00:00,934.4151610010248
2024-06-21 04:00:00,934.4151610010248
2024-06-21 08:00:00,934.4151610010248
2024-06-21 12:00:00,934.4151610010248
2024-06-21 16:00:00,934.4151610010248
2024-06-21 20:00:00,934.4151610010248
2024-06-22 00:00:00,934.4151610010248
2024-06-22 04:00:00,934.4151610010248
2024-06-22 08:00:00,934.4151610010248
2024-06-22 12:00:00,934.4151610010248
2024-06-22 16:00:00,934.4151610010248
2024-06-22 20:00:00,934.4151610010248
2024-06-23 00:00:00,934.4151610010248
2024-06-23 04:00:00,934.4151610010248
2024-06-23 08:00:00,934.4151610010248
2024-06-23 12:00:00,934.4151610010248
2024-06-23 16:00:00,934.4151610010248
2024-06-23 20:00:00,934.4151610010248
2024-06-24 00:00:00,934.4151610010248
2024-06-24 04:00:00,1000.0
2024-07-02 12:00:00,1000.0
2024-07-02 16:00:00,1000.0
2024-07-02 20:00:00,1000.0
2024-07-03 00:00:00,1000.0
2024-07-03 04:00:00,1000.0
2024-07-03 08:00:00,1000.0
2024-07-03 12:00:00,1000.0
2024-07-03 16:00:00,1000.0
2024-07-03 20:00:00,1000.0
2024-07-04 00:00:00,1000.0
2024-07-04 04:00:00,1000.0
2024-07-04 08:00:00,1000.0
2024-07-04 12:00:00,1000.0
2024-07-04 16:00:00,1000.0
2024-07-04 20:00:00,1000.0
2024-07-05 00:00:00,1000.0
2024-07-05 04:00:00,1000.0
2024-07-05 08:00:00,1000.0
2024-07-05 12:00:00,1000.0
2024-07-05 16:00:00,1000.0
2024-07-05 20:00:00,1000.0
2024-07-06 00:00:00,1000.0
2024-07-06 04:00:00,1000.0
2024-07-06 08:00:00,1000.0
2024-07-06 12:00:00,1000.0
2024-07-06 16:00:00,1000.0
2024-07-06 20:00:00,1000.0
2024-07-07 00:00:00,1000.0
2024-07-07 04:00:00,1000.0
2024-07-07 08:00:00,1000.0
2024-07-07 12:00:00,1000.0
2024-07-07 16:00:00,1000.0
2024-07-07 20:00:00,1000.0
2024-07-08 00:00:00,1000.0
2024-07-08 04:00:00,1000.0
2024-07-08 08:00:00,1000.0
2024-07-08 12:00:00,1000.0
2024-07-08 16:00:00,1000.0
2024-07-08 20:00:00,1000.0
2024-07-09 00:00:00,1000.0
2024-07-09 04:00:00,1000.0
2024-07-09 08:00:00,1000.0
2024-07-09 12:00:00,1000.0
2024-07-09 16:00:00,1000.0
2024-07-09 20:00:00,1000.0
2024-07-10 00:00:00,1000.0
2024-07-10 04:00:00,1000.0
2024-07-10 08:00:00,1000.0
2024-07-10 12:00:00,1000.0
2024-07-10 16:00:00,1000.0
2024-07-10 20:00:00,1000.0
2024-07-11 00:00:00,1000.0
2024-07-11 04:00:00,1000.0
2024-07-11 08:00:00,1000.0
2024-07-11 12:00:00,1000.0
2024-07-11 16:00:00,1000.0
2024-07-11 20:00:00,1000.0
2024-07-12 00:00:00,1000.0
2024-07-12 04:00:00,1000.0
2024-07-12 08:00:00,1000.0
2024-07-12 12:00:00,1000.0
2024-07-12 16:00:00,1000.0
2024-07-12 20:00:00,1000.0
2024-07-13 00:00:00,1000.0
2024-07-13 04:00:00,1000.0
2024-07-13 08:00:00,1000.0
2024-07-13 12:00:00,1000.0
2024-07-13 16:00:00,1000.0
2024-07-13 20:00:00,1000.0
2024-07-14 00:00:00,1000.0
2024-07-14 04:00:00,1000.0
2024-07-14 08:00:00,1000.0
2024-07-14 12:00:00,1000.0
2024-07-14 16:00:00,1000.0
2024-07-14 20:00:00,1000.0
2024-07-15 00:00:00,1000.0
2024-07-15 04:00:00,1000.0
2024-07-15 08:00:00,1000.0
2024-07-15 12:00:00,1000.0
2024-07-15 16:00:00,1000.0
2024-07-15 20:00:00,1000.0
2024-07-16 00:00:00,1000.0
2024-07-16 04:00:00,1000.0
2024-07-16 08:00:00,1000.0
2024-07-16 12:00:00,1000.0
2024-07-16 16:00:00,1000.0
2024-07-16 20:00:00,1000.0
2024-07-17 00:00:00,1000.0
2024-07-17 04:00:00,1000.0
2024-07-17 08:00:00,1000.0
2024-07-17 12:00:00,1000.0
2024-07-17 16:00:00,1000.0
2024-07-17 20:00:00,1000.0
2024-07-18 00:00:00,1000.0
2024-07-18 04:00:00,1000.0
2024-07-18 08:00:00,1000.0
2024-07-18 12:00:00,1000.0
2024-07-18 16:00:00,1000.0
2024-07-18 20:00:00,1000.0
2024-07-19 00:00:00,1000.0
2024-07-19 04:00:00,1000.0
2024-07-19 08:00:00,1000.0
2024-07-19 12:00:00,1000.0
2024-07-19 16:00:00,1899.2805755395684
2024-07-19 20:00:00,1892.6219319470097
2024-07-20 00:00:00,1891.8454071070216
2024-07-20 04:00:00,1891.3133958655537
2024-07-20 08:00:00,1890.2610232638178
2024-07-20 12:00:00,1894.8313921746014
2024-07-20 16:00:00,1900.1742687249593
2024-07-20 20:00:00,1899.0489169823727
2024-07-21 00:00:00,1899.468982238976
2024-07-21 04:00:00,1893.1842060982617
2024-07-21 08:00:00,1895.5677450104515
2024-07-21 12:00:00,1899.3708286421988
2024-07-21 16:00:00,1902.82588881143
2024-07-21 20:00:00,1912.77944018339
2024-07-22 00:00:00,1908.958680869822
2024-07-22 04:00:00,1900.3349567415114
2024-07-22 08:00:00,1904.0844777010745
2024-07-22 12:00:00,1898.0300210507517
2024-07-22 16:00:00,1913.6729994621005
2024-07-22 20:00:00,1904.2987283898105
2024-07-23 00:00:00,1903.5218018297815
2024-07-23 04:00:00,1891.497115831145
2024-07-23 08:00:00,1892.8363165424262
2024-07-23 12:00:00,1891.6043750821934
2024-07-23 16:00:00,1877.5709549699752
2024-07-23 20:00:00,1882.9272221883791
2024-07-24 00:00:00,1884.4899131493485
2024-07-24 04:00:00,1884.8285631442322
2024-07-24 08:00:00,1888.7117229708947
2024-07-24 12:00:00,1886.1408486127411
2024-07-24 16:00:00,1879.1241385566318
2024-07-24 20:00:00,973.2764514563314
2024-07-25 00:00:00,973.2764514563314
2024-07-25 04:00:00,973.2764514563314
2024-07-25 08:00:00,973.2764514563314
2024-07-25 12:00:00,973.2764514563314
2024-07-25 16:00:00,973.2764514563314
2024-07-25 20:00:00,973.2764514563314
2024-07-26 00:00:00,973.2764514563314
2024-07-26 04:00:00,973.2764514563314
2024-07-26 08:00:00,973.2764514563314
2024-07-26 12:00:00,1848.52505888109
2024-07-26 16:00:00,1854.0956345619784
2024-07-26 20:00:00,1853.0331844780471
2024-07-27 00:00:00,1851.608249900171
2024-07-27 04:00:00,1854.7003799578802
2024-07-27 08:00:00,1856.9442082048859
2024-07-27 12:00:00,1865.1593142556426
2024-07-27 16:00:00,1857.4121474443882
2024-07-27 20:00:00,1852.884330052192
2024-07-28 00:00:00,1853.460185511657
2024-07-28 04:00:00,1848.53607074027
2024-07-28 08:00:00,1852.1005447811535
2024-07-28 12:00:00,1849.6261152477932
2024-07-28 16:00:00,1855.6761602325018
2024-07-28 20:00:00,1857.4624133427624
2024-07-29 00:00:00,1871.6844238004992
2024-07-29 04:00:00,1874.0207516646155
2024-07-29 08:00:00,1874.6944183438552
2024-07-29 12:00:00,1855.5725192049265
2024-07-29 16:00:00,1845.1961090753712
2024-07-29 20:00:00,1838.480688693629
2024-07-30 00:00:00,956.5502473812318
2024-07-30 04:00:00,956.5502473812318
2024-07-30 08:00:00,956.5502473812318
2024-07-30 12:00:00,956.5502473812318
2024-07-30 16:00:00,956.5502473812318
2024-07-30 20:00:00,956.5502473812318
2024-07-31 00:00:00,956.5502473812318
2024-07-31 04:00:00,956.5502473812318
2024-07-31 08:00:00,956.5502473812318
2024-07-31 12:00:00,956.5502473812318
2024-07-31 16:00:00,956.5502473812318
2024-07-31 20:00:00,956.5502473812318
2024-08-01 00:00:00,956.5502473812318
2024-08-01 04:00:00,956.5502473812318
2024-08-01 08:00:00,956.5502473812318
2024-08-01 12:00:00,956.5502473812318
2024-08-01 16:00:00,956.5502473812318
2024-08-01 20:00:00,956.5502473812318
2024-08-02 00:00:00,956.5502473812318
2024-08-02 04:00:00,956.5502473812318
2024-08-02 08:00:00,956.5502473812318
2024-08-02 12:00:00,956.5502473812318
2024-08-02 16:00:00,956.5502473812318
2024-08-02 20:00:00,956.5502473812318
2024-08-03 00:00:00,956.5502473812318
2024-08-03 04:00:00,956.5502473812318
2024-08-03 08:00:00,956.5502473812318
2024-08-03 12:00:00,956.5502473812318
2024-08-03 16:00:00,956.5502473812318
2024-08-03 20:00:00,956.5502473812318
2024-08-04 00:00:00,956.5502473812318
2024-08-04 04:00:00,956.5502473812318
2024-08-04 08:00:00,956.5502473812318
2024-08-04 12:00:00,956.5502473812318
2024-08-04 16:00:00,956.5502473812318
2024-08-04 20:00:00,956.5502473812318
2024-08-05 00:00:00,956.5502473812318
2024-08-05 04:00:00,956.5502473812318
2024-08-05 08:00:00,956.5502473812318
2024-08-05 12:00:00,956.5502473812318
2024-08-05 16:00:00,956.5502473812318
2024-08-05 20:00:00,956.5502473812318
2024-08-06 00:00:00,956.5502473812318
2024-08-06 04:00:00,956.5502473812318
2024-08-06 08:00:00,956.5502473812318
2024-08-06 12:00:00,956.5502473812318
2024-08-06 16:00:00,956.5502473812318
2024-08-06 20:00:00,956.5502473812318
2024-08-07 00:00:00,956.5502473812318
2024-08-07 04:00:00,956.5502473812318
2024-08-07 08:00:00,956.5502473812318
2024-08-07 12:00:00,956.5502473812318
2024-08-07 16:00:00,956.5502473812318
2024-08-07 20:00:00,956.5502473812318
2024-08-08 00:00:00,956.5502473812318
2024-08-08 04:00:00,956.5502473812318
2024-08-08 08:00:00,956.5502473812318
2024-08-08 12:00:00,956.5502473812318
2024-08-08 16:00:00,956.5502473812318
2024-08-08 20:00:00,956.5502473812318
2024-08-09 00:00:00,956.5502473812318
2024-08-09 04:00:00,956.5502473812318
2024-08-09 08:00:00,956.5502473812318
2024-08-09 12:00:00,956.5502473812318
2024-08-09 16:00:00,956.5502473812318
2024-08-09 20:00:00,956.5502473812318
2024-08-10 00:00:00,956.5502473812318
2024-08-10 04:00:00,956.5502473812318
2024-08-10 08:00:00,956.5502473812318
2024-08-10 12:00:00,956.5502473812318
2024-08-10 16:00:00,956.5502473812318
2024-08-10 20:00:00,956.5502473812318
2024-08-11 00:00:00,956.5502473812318
2024-08-11 04:00:00,956.5502473812318
2024-08-11 08:00:00,956.5502473812318
2024-08-11 12:00:00,956.5502473812318
2024-08-11 16:00:00,956.5502473812318
2024-08-11 20:00:00,956.5502473812318
2024-08-12 00:00:00,956.5502473812318
2024-08-12 04:00:00,956.5502473812318
2024-08-12 08:00:00,956.5502473812318
2024-08-12 12:00:00,956.5502473812318
2024-08-12 16:00:00,956.5502473812318
2024-08-12 20:00:00,956.5502473812318
2024-08-13 00:00:00,956.5502473812318
2024-08-13 04:00:00,956.5502473812318
2024-08-13 08:00:00,956.5502473812318
2024-08-13 12:00:00,956.5502473812318
2024-08-13 16:00:00,956.5502473812318
2024-08-13 20:00:00,956.5502473812318
2024-08-14 00:00:00,956.5502473812318
2024-08-14 04:00:00,956.5502473812318
2024-08-14 08:00:00,956.5502473812318
2024-08-14 12:00:00,956.5502473812318
2024-08-14 16:00:00,956.5502473812318
2024-08-14 20:00:00,956.5502473812318
2024-08-15 00:00:00,956.5502473812318
2024-08-15 04:00:00,956.5502473812318
2024-08-15 08:00:00,956.5502473812318
2024-08-15 12:00:00,956.5502473812318
2024-08-15 16:00:00,956.5502473812318
2024-08-15 20:00:00,956.5502473812318
2024-08-16 00:00:00,956.5502473812318
2024-08-16 04:00:00,956.5502473812318
2024-08-16 08:00:00,956.5502473812318
2024-08-16 12:00:00,956.5502473812318
2024-08-16 16:00:00,956.5502473812318
2024-08-16 20:00:00,956.5502473812318
2024-08-17 00:00:00,956.5502473812318
2024-08-17 04:00:00,956.5502473812318
2024-08-17 08:00:00,956.5502473812318
2024-08-17 12:00:00,956.5502473812318
2024-08-17 16:00:00,956.5502473812318
2024-08-17 20:00:00,956.5502473812318
2024-08-18 00:00:00,956.5502473812318
2024-08-18 04:00:00,956.5502473812318
2024-08-18 08:00:00,956.5502473812318
2024-08-18 12:00:00,956.5502473812318
2024-08-18 16:00:00,956.5502473812318
2024-08-18 20:00:00,956.5502473812318
2024-08-19 00:00:00,956.5502473812318
2024-08-19 04:00:00,956.5502473812318
2024-08-19 08:00:00,956.5502473812318
2024-08-19 12:00:00,956.5502473812318
2024-08-19 16:00:00,956.5502473812318
2024-08-19 20:00:00,956.5502473812318
2024-08-20 00:00:00,956.5502473812318
2024-08-20 04:00:00,956.5502473812318
2024-08-20 08:00:00,956.5502473812318
2024-08-20 12:00:00,956.5502473812318
2024-08-20 16:00:00,956.5502473812318
2024-08-20 20:00:00,956.5502473812318
2024-08-21 00:00:00,956.5502473812318
2024-08-21 04:00:00,956.5502473812318
2024-08-21 08:00:00,956.5502473812318
2024-08-21 12:00:00,956.5502473812318
2024-08-21 16:00:00,956.5502473812318
2024-08-21 20:00:00,956.5502473812318
2024-08-22 00:00:00,956.5502473812318
2024-08-22 04:00:00,956.5502473812318
2024-08-22 08:00:00,956.5502473812318
2024-08-22 12:00:00,956.5502473812318
2024-08-22 16:00:00,956.5502473812318
2024-08-22 20:00:00,956.5502473812318
2024-08-23 00:00:00,956.5502473812318
2024-08-23 04:00:00,956.5502473812318
2024-08-23 08:00:00,956.5502473812318
2024-08-23 12:00:00,956.5502473812318
2024-08-23 16:00:00,956.5502473812318
2024-08-23 20:00:00,956.5502473812318
2024-08-24 00:00:00,956.5502473812318
2024-08-24 04:00:00,956.5502473812318
2024-08-24 08:00:00,956.5502473812318
2024-08-24 12:00:00,956.5502473812318
2024-08-24 16:00:00,956.5502473812318
2024-08-24 20:00:00,956.5502473812318
2024-08-25 00:00:00,956.5502473812318
2024-08-25 04:00:00,956.5502473812318
2024-08-25 08:00:00,956.5502473812318
2024-08-25 12:00:00,956.5502473812318
2024-08-25 16:00:00,956.5502473812318
2024-08-25 20:00:00,956.5502473812318
2024-08-26 00:00:00,956.5502473812318
2024-08-26 04:00:00,956.5502473812318
2024-08-26 08:00:00,956.5502473812318
2024-08-26 12:00:00,956.5502473812318
2024-08-26 16:00:00,956.5502473812318
2024-08-26 20:00:00,956.5502473812318
2024-08-27 00:00:00,956.5502473812318
2024-08-27 04:00:00,956.5502473812318
2024-08-27 08:00:00,956.5502473812318
2024-08-27 12:00:00,956.5502473812318
2024-08-27 16:00:00,956.5502473812318
2024-08-27 20:00:00,956.5502473812318
2024-08-28 00:00:00,956.5502473812318
2024-08-28 04:00:00,956.5502473812318
2024-08-28 08:00:00,956.5502473812318
2024-08-28 12:00:00,956.5502473812318
2024-08-28 16:00:00,956.5502473812318
2024-08-28 20:00:00,956.5502473812318
2024-08-29 00:00:00,956.5502473812318
2024-08-29 04:00:00,956.5502473812318
2024-08-29 08:00:00,956.5502473812318
2024-08-29 12:00:00,956.5502473812318
2024-08-29 16:00:00,956.5502473812318
2024-08-29 20:00:00,956.5502473812318
2024-08-30 00:00:00,956.5502473812318
2024-08-30 04:00:00,956.5502473812318
2024-08-30 08:00:00,956.5502473812318
2024-08-30 12:00:00,956.5502473812318
2024-08-30 16:00:00,956.5502473812318
2024-08-30 20:00:00,956.5502473812318
2024-08-31 00:00:00,956.5502473812318
2024-08-31 04:00:00,956.5502473812318
2024-08-31 08:00:00,956.5502473812318
2024-08-31 12:00:00,956.5502473812318
2024-08-31 16:00:00,956.5502473812318
2024-08-31 20:00:00,956.5502473812318
2024-09-01 00:00:00,956.5502473812318
2024-09-01 04:00:00,956.5502473812318
2024-09-01 08:00:00,956.5502473812318
2024-09-01 12:00:00,956.5502473812318
2024-09-01 16:00:00,956.5502473812318
2024-09-01 20:00:00,956.5502473812318
2024-09-02 00:00:00,956.5502473812318
2024-09-02 04:00:00,956.5502473812318
2024-09-02 08:00:00,956.5502473812318
2024-09-02 12:00:00,956.5502473812318
2024-09-02 16:00:00,956.5502473812318
2024-09-02 20:00:00,956.5502473812318
2024-09-03 00:00:00,956.5502473812318
2024-09-03 04:00:00,956.5502473812318
2024-09-03 08:00:00,956.5502473812318
2024-09-03 12:00:00,956.5502473812318
2024-09-03 16:00:00,956.5502473812318
2024-09-03 20:00:00,956.5502473812318
2024-09-04 00:00:00,956.5502473812318
2024-09-04 04:00:00,956.5502473812318
2024-09-04 08:00:00,956.5502473812318
2024-09-04 12:00:00,956.5502473812318
2024-09-04 16:00:00,956.5502473812318
2024-09-04 20:00:00,956.5502473812318
2024-09-05 00:00:00,956.5502473812318
2024-09-05 04:00:00,956.5502473812318
2024-09-05 08:00:00,956.5502473812318
2024-09-05 12:00:00,956.5502473812318
2024-09-05 16:00:00,956.5502473812318
2024-09-05 20:00:00,956.5502473812318
2024-09-06 00:00:00,956.5502473812318
2024-09-06 04:00:00,956.5502473812318
2024-09-06 08:00:00,956.5502473812318
2024-09-06 12:00:00,956.5502473812318
2024-09-06 16:00:00,956.5502473812318
2024-09-06 20:00:00,956.5502473812318
2024-09-07 00:00:00,956.5502473812318
2024-09-07 04:00:00,956.5502473812318
2024-09-07 08:00:00,956.5502473812318
2024-09-07 12:00:00,956.5502473812318
2024-09-07 16:00:00,956.5502473812318
2024-09-07 20:00:00,956.5502473812318
2024-09-08 00:00:00,956.5502473812318
2024-09-08 04:00:00,956.5502473812318
2024-09-08 08:00:00,956.5502473812318
2024-09-08 12:00:00,956.5502473812318
2024-09-08 16:00:00,956.5502473812318
2024-09-08 20:00:00,956.5502473812318
2024-09-09 00:00:00,956.5502473812318
2024-09-09 04:00:00,956.5502473812318
2024-09-09 08:00:00,956.5502473812318
2024-09-09 12:00:00,956.5502473812318
2024-09-09 16:00:00,956.5502473812318
2024-09-09 20:00:00,956.5502473812318
2024-09-10 00:00:00,956.5502473812318
2024-09-10 04:00:00,956.5502473812318
2024-09-10 08:00:00,956.5502473812318
2024-09-10 12:00:00,956.5502473812318
2024-09-10 16:00:00,956.5502473812318
2024-09-10 20:00:00,956.5502473812318
2024-09-11 00:00:00,956.5502473812318
2024-09-11 04:00:00,956.5502473812318
2024-09-11 08:00:00,956.5502473812318
2024-09-11 12:00:00,956.5502473812318
2024-09-11 16:00:00,956.5502473812318
2024-09-11 20:00:00,956.5502473812318
2024-09-12 00:00:00,956.5502473812318
2024-09-12 04:00:00,956.5502473812318
2024-09-12 08:00:00,956.5502473812318
2024-09-12 12:00:00,956.5502473812318
2024-09-12 16:00:00,956.5502473812318
2024-09-12 20:00:00,956.5502473812318
2024-09-13 00:00:00,956.5502473812318
2024-09-13 04:00:00,956.5502473812318
2024-09-13 08:00:00,956.5502473812318
2024-09-13 12:00:00,956.5502473812318
2024-09-13 16:00:00,956.5502473812318
2024-09-13 20:00:00,956.5502473812318
2024-09-14 00:00:00,956.5502473812318
2024-09-14 04:00:00,956.5502473812318
2024-09-14 08:00:00,956.5502473812318
2024-09-14 12:00:00,956.5502473812318
2024-09-14 16:00:00,956.5502473812318
2024-09-14 20:00:00,956.5502473812318
2024-09-15 00:00:00,956.5502473812318
2024-09-15 04:00:00,956.5502473812318
2024-09-15 08:00:00,956.5502473812318
2024-09-15 12:00:00,956.5502473812318
2024-09-15 16:00:00,956.5502473812318
2024-09-15 20:00:00,956.5502473812318
2024-09-16 00:00:00,956.5502473812318
2024-09-16 04:00:00,956.5502473812318
2024-09-16 08:00:00,956.5502473812318
2024-09-16 12:00:00,956.5502473812318
2024-09-16 16:00:00,956.5502473812318
2024-09-16 20:00:00,956.5502473812318
2024-09-17 00:00:00,956.5502473812318
2024-09-17 04:00:00,956.5502473812318
2024-09-17 08:00:00,956.5502473812318
2024-09-17 12:00:00,956.5502473812318
2024-09-17 16:00:00,956.5502473812318
2024-09-17 20:00:00,956.5502473812318
2024-09-18 00:00:00,956.5502473812318
2024-09-18 04:00:00,956.5502473812318
2024-09-18 08:00:00,956.5502473812318
2024-09-18 12:00:00,956.5502473812318
2024-09-18 16:00:00,956.5502473812318
2024-09-18 20:00:00,1816.7573043787424
2024-09-19 00:00:00,1821.7436090462968
2024-09-19 04:00:00,1821.409331638416
2024-09-19 08:00:00,1829.0900514957425
2024-09-19 12:00:00,1836.1739468977485
2024-09-19 16:00:00,1837.5382165686615
2024-09-19 20:00:00,1833.3040360688387
2024-09-20 00:00:00,1844.365414777866
2024-09-20 04:00:00,1841.3379757204925
2024-09-20 08:00:00,1840.1568622126474
2024-09-20 12:00:00,1836.173250486482
2024-09-20 16:00:00,1831.3699626997422
2024-09-20 20:00:00,1836.8287127704348
2024-09-21 00:00:00,1832.490349145156
2024-09-21 04:00:00,1835.2961901375547
2024-09-21 08:00:00,1835.2787798558943
2024-09-21 12:00:00,1836.3681063588258
2024-09-21 16:00:00,1836.8640904627687
2024-09-21 20:00:00,1838.888836578753
2024-09-22 00:00:00,1835.5048349529739
2024-09-22 04:00:00,1000.0
2024-09-30 12:00:00,1000.0
2024-09-30 16:00:00,1000.0
2024-09-30 20:00:00,1000.0
2024-10-01 00:00:00,1000.0
2024-10-01 04:00:00,1000.0
2024-10-01 08:00:00,1000.0
2024-10-01 12:00:00,1000.0
2024-10-01 16:00:00,1000.0
2024-10-01 20:00:00,1000.0
2024-10-02 00:00:00,1000.0
2024-10-02 04:00:00,1000.0
2024-10-02 08:00:00,1000.0
2024-10-02 12:00:00,1000.0
2024-10-02 16:00:00,1000.0
2024-10-02 20:00:00,1000.0
2024-10-03 00:00:00,1000.0
2024-10-03 04:00:00,1000.0
2024-10-03 08:00:00,1000.0
2024-10-03 12:00:00,1000.0
2024-10-03 16:00:00,1000.0
2024-10-03 20:00:00,1000.0
2024-10-04 00:00:00,1000.0
2024-10-04 04:00:00,1000.0
2024-10-04 08:00:00,1000.0
2024-10-04 12:00:00,1000.0
2024-10-04 16:00:00,1000.0
2024-10-04 20:00:00,1000.0
2024-10-05 00:00:00,1000.0
2024-10-05 04:00:00,1000.0
2024-10-05 08:00:00,1000.0
2024-10-05 12:00:00,1000.0
2024-10-05 16:00:00,1000.0
2024-10-05 20:00:00,1000.0
2024-10-06 00:00:00,1000.0
2024-10-06 04:00:00,1000.0
2024-10-06 08:00:00,1000.0
2024-10-06 12:00:00,1899.2805755395684
2024-10-06 16:00:00,1898.0097970844936
2024-10-06 20:00:00,1900.7129434472968
2024-10-07 00:00:00,1910.9015383945618
2024-10-07 04:00:00,1910.9227586598615
2024-10-07 08:00:00,1905.237017981086
2024-10-07 12:00:00,1912.6377288845201
2024-10-07 16:00:00,1908.7721994758758
2024-10-07 20:00:00,1892.168775680586
2024-10-08 00:00:00,1897.9871430174844
2024-10-08 04:00:00,1893.545081941475
2024-10-08 08:00:00,1897.904125898508
2024-10-08 12:00:00,1893.0865521547971
2024-10-08 16:00:00,1892.4774731886278
2024-10-08 20:00:00,1891.2581682149219
2024-10-09 00:00:00,1894.607242247827
2024-10-09 04:00:00,1892.925536222827
2024-10-09 08:00:00,1891.8246632703208
2024-10-09 12:00:00,988.3322917550536
2024-10-09 16:00:00,988.3322917550536
2024-10-09 20:00:00,988.3322917550536
2024-10-10 00:00:00,988.3322917550536
2024-10-10 04:00:00,988.3322917550536
2024-10-10 08:00:00,988.3322917550536
2024-10-10 12:00:00,988.3322917550536
2024-10-10 16:00:00,988.3322917550536
2024-10-10 20:00:00,988.3322917550536
2024-10-11 00:00:00,988.3322917550536
2024-10-11 04:00:00,988.3322917550536
2024-10-11 08:00:00,988.3322917550536
2024-10-11 12:00:00,988.3322917550536
2024-10-11 16:00:00,988.3322917550536
2024-10-11 20:00:00,988.3322917550536
2024-10-12 00:00:00,988.3322917550536
2024-10-12 04:00:00,988.3322917550536
2024-10-12 08:00:00,988.3322917550536
2024-10-12 12:00:00,988.3322917550536
2024-10-12 16:00:00,988.3322917550536
2024-10-12 20:00:00,988.3322917550536
2024-10-13 00:00:00,988.3322917550536
2024-10-13 04:00:00,988.3322917550536
2024-10-13 08:00:00,988.3322917550536
2024-10-13 12:00:00,988.3322917550536
2024-10-13 16:00:00,988.3322917550536
2024-10-13 20:00:00,988.3322917550536
2024-10-14 00:00:00,1877.1203239088788
2024-10-14 04:00:00,1881.5556947970783
2024-10-14 08:00:00,1885.6912551811483
2024-10-14 12:00:00,1898.8218218152056
2024-10-14 16:00:00,1899.7811048482429
2024-10-14 20:00:00,1901.7797033172183
2024-10-15 00:00:00,1892.3252364329637
2024-10-15 04:00:00,1895.6252253567009
2024-10-15 08:00:00,1892.320951451116
2024-10-15 12:00:00,1900.9228451728668
2024-10-15 16:00:00,1914.0290841680455
2024-10-15 20:00:00,1915.4660735645093
2024-10-16 00:00:00,1915.767957446952
2024-10-16 04:00:00,1914.061567094957
2024-10-16 08:00:00,1926.8085587410199
2024-10-16 12:00:00,1924.8080251189522
2024-10-16 16:00:00,1924.5040678581959
2024-10-16 20:00:00,1923.01137369771
2024-10-17 00:00:00,1922.7541365616173
2024-10-17 04:00:00,1918.6319840239744
2024-10-17 08:00:00,1912.67793263376
2024-10-17 12:00:00,1922.605682674372
2024-10-17 16:00:00,1912.2296682423855
2024-10-17 20:00:00,1920.2713351438338
2024-10-18 00:00:00,1922.118300545483
2024-10-18 04:00:00,1927.8449714473188
2024-10-18 08:00:00,1924.1446822838589
2024-10-18 12:00:00,1938.4281854854326
2024-10-18 16:00:00,1936.6680255225078
2024-10-18 20:00:00,1934.179833321109
2024-10-19 00:00:00,1934.4840670323072
2024-10-19 04:00:00,1933.0538506716675
2024-10-19 08:00:00,1929.511967611358
2024-10-19 12:00:00,1931.4005388044975
2024-10-19 16:00:00,1930.7792164365578
2024-10-19 20:00:00,1933.4887072166152
2024-10-20 00:00:00,1930.8624280195388
2024-10-20 04:00:00,1933.4887072166152
2024-10-20 08:00:00,1934.069391369611
2024-10-20 12:00:00,1936.916554469684
2024-10-20 16:00:00,1935.2896436197052
2024-10-20 20:00:00,1942.5284984381735
2024-10-21 00:00:00,1941.256826405905
2024-10-21 04:00:00,1935.3685702208386
2024-10-21 08:00:00,1931.5536923492534
2024-10-21 12:00:00,1027.1822295110915
2024-10-21 16:00:00,1027.1822295110915
2024-10-21 20:00:00,1027.1822295110915
2024-10-22 00:00:00,1027.1822295110915
2024-10-22 04:00:00,1027.1822295110915
2024-10-22 08:00:00,1027.1822295110915
2024-10-22 12:00:00,1027.1822295110915
2024-10-22 16:00:00,1027.1822295110915
2024-10-22 20:00:00,1027.1822295110915
2024-10-23 00:00:00,1027.1822295110915
2024-10-23 04:00:00,1027.1822295110915
2024-10-23 08:00:00,1027.1822295110915
2024-10-23 12:00:00,1027.1822295110915
2024-10-23 16:00:00,1027.1822295110915
2024-10-23 20:00:00,1027.1822295110915
2024-10-24 00:00:00,1027.1822295110915
2024-10-24 04:00:00,1027.1822295110915
2024-10-24 08:00:00,1027.1822295110915
2024-10-24 12:00:00,1027.1822295110915
2024-10-24 16:00:00,1027.1822295110915
2024-10-24 20:00:00,1027.1822295110915
2024-10-25 00:00:00,1027.1822295110915
2024-10-25 04:00:00,1027.1822295110915
2024-10-25 08:00:00,1027.1822295110915
2024-10-25 12:00:00,1027.1822295110915
2024-10-25 16:00:00,1027.1822295110915
2024-10-25 20:00:00,1027.1822295110915
2024-10-26 00:00:00,1027.1822295110915
2024-10-26 04:00:00,1027.1822295110915
2024-10-26 08:00:00,1027.1822295110915
2024-10-26 12:00:00,1027.1822295110915
2024-10-26 16:00:00,1027.1822295110915
2024-10-26 20:00:00,1027.1822295110915
2024-10-27 00:00:00,1027.1822295110915
2024-10-27 04:00:00,1027.1822295110915
2024-10-27 08:00:00,1027.1822295110915
2024-10-27 12:00:00,1027.1822295110915
2024-10-27 16:00:00,1027.1822295110915
2024-10-27 20:00:00,1027.1822295110915
2024-10-28 00:00:00,1027.1822295110915
2024-10-28 04:00:00,1027.1822295110915
2024-10-28 08:00:00,1027.1822295110915
2024-10-28 12:00:00,1027.1822295110915
2024-10-28 16:00:00,1950.9072560498428
2024-10-28 20:00:00,1955.3146846541163
2024-10-29 00:00:00,1968.2615642187802
2024-10-29 04:00:00,1969.3206047192741
2024-10-29 08:00:00,1975.0786648324447
2024-10-29 12:00:00,1987.681551910853
2024-10-29 16:00:00,1989.4612122282933
2024-10-29 20:00:00,1992.1179008244217
2024-10-30 00:00:00,1985.4526981655442
2024-10-30 04:00:00,1985.3729683220272
2024-10-30 08:00:00,1982.136016272415
2024-10-30 12:00:00,1983.1621566045358
2024-10-30 16:00:00,1979.9871576945616
2024-10-30 20:00:00,1986.9217968129788
2024-10-31 00:00:00,1987.0411925853007
2024-10-31 04:00:00,1987.882932780169
2024-10-31 08:00:00,1985.346568590147
2024-10-31 12:00:00,1038.531141933034
2024-10-31 16:00:00,1038.531141933034
2024-10-31 20:00:00,1038.531141933034
2024-11-01 00:00:00,1038.531141933034
2024-11-01 04:00:00,1038.531141933034
2024-11-01 08:00:00,1038.531141933034
2024-11-01 12:00:00,1038.531141933034
2024-11-01 16:00:00,1038.531141933034
2024-11-01 20:00:00,1038.531141933034
2024-11-02 00:00:00,1038.531141933034
2024-11-02 04:00:00,1038.531141933034
2024-11-02 08:00:00,1038.531141933034
2024-11-02 12:00:00,1038.531141933034
2024-11-02 16:00:00,1038.531141933034
2024-11-02 20:00:00,1038.531141933034
2024-11-03 00:00:00,1038.531141933034
2024-11-03 04:00:00,1038.531141933034
2024-11-03 08:00:00,1038.531141933034
2024-11-03 12:00:00,1038.531141933034
2024-11-03 16:00:00,1038.531141933034
2024-11-03 20:00:00,1038.531141933034
2024-11-04 00:00:00,1038.531141933034
2024-11-04 04:00:00,1038.531141933034
2024-11-04 08:00:00,1038.531141933034
2024-11-04 12:00:00,1038.531141933034
2024-11-04 16:00:00,1038.531141933034
2024-11-04 20:00:00,1038.531141933034
2024-11-05 00:00:00,1038.531141933034
2024-11-05 04:00:00,1038.531141933034
2024-11-05 08:00:00,1038.531141933034
2024-11-05 12:00:00,1038.531141933034
2024-11-05 16:00:00,1038.531141933034
2024-11-05 20:00:00,1038.531141933034
2024-11-06 00:00:00,1972.462024966338
2024-11-06 04:00:00,1960.1813761291833
2024-11-06 08:00:00,1971.5008171096433
2024-11-06 12:00:00,1971.8272911320623
2024-11-06 16:00:00,1990.9905248720092
2024-11-06 20:00:00,1987.830547762363
2024-11-07 00:00:00,1981.2485601414671
2024-11-07 04:00:00,1977.6003165735128
2024-11-07 08:00:00,1977.454854119507
2024-11-07 12:00:00,1993.9568032734717
2024-11-07 16:00:00,1999.8695128676463
2024-11-07 20:00:00,1991.4218876242164
2024-11-08 00:00:00,1991.8351617811068
2024-11-08 04:00:00,1995.0722666513402
2024-11-08 08:00:00,1992.3837235571377
2024-11-08 12:00:00,1998.5798211446086
2024-11-08 16:00:00,2004.6704019260649
2024-11-08 20:00:00,1999.6106198471748
2024-11-09 00:00:00,1997.49638965428
2024-11-09 04:00:00,1999.8530572705176
2024-11-09 08:00:00,1999.3258500861807
2024-11-09 12:00:00,1997.225437570264
2024-11-09 16:00:00,1995.7811134803167
2024-11-09 20:00:00,2001.7169362796183
2024-11-10 00:00:00,2008.3557019913699
2024-11-10 04:00:00,2028.7858910949633
2024-11-10 08:00:00,2041.4936317659863
2024-11-10 12:00:00,2039.609654317645
2024-11-10 16:00:00,2040.300035705569
2024-11-10 20:00:00,2048.1009936664236
2024-11-11 00:00:00,2063.705170662548
2024-11-11 04:00:00,2057.3850908280097
2024-11-11 08:00:00,2070.259397314242
2024-11-11 12:00:00,2094.447115249162
2024-11-11 16:00:00,2120.1061645517593
2024-11-11 20:00:00,2152.085042458404
2024-11-12 00:00:00,2144.5414701350783
2024-11-12 04:00:00,2156.2976753232915
2024-11-12 08:00:00,2133.337720795498
2024-11-12 12:00:00,2126.7611346301483
2024-11-12 16:00:00,2152.792130673947
2024-11-12 20:00:00,2143.3424726191147
2024-11-13 00:00:00,2133.092142991024
2024-11-13 04:00:00,2135.8556783866443
2024-11-13 08:00:00,2139.7923345577046
2024-11-13 12:00:00,2200.9747471423207
2024-11-13 16:00:00,2171.4991298431264
2024-11-13 20:00:00,2173.781433234173
2024-11-14 00:00:00,2168.2772244175694
2024-11-14 04:00:00,2178.7334374326338
2024-11-14 08:00:00,2187.8083852108693
2024-11-14 12:00:00,2143.291975290522
2024-11-14 16:00:00,2162.33524647125
2024-11-14 20:00:00,2135.473682425822
2024-11-15 00:00:00,2146.686350447815
2024-11-15 04:00:00,2139.0714286651837
2024-11-15 08:00:00,2165.818054761203
2024-11-15 12:00:00,2149.5403288200196
2024-11-15 16:00:00,2173.815223735147
2024-11-15 20:00:00,2182.0327218492685
2024-11-16 00:00:00,2184.795754783908
2024-11-16 04:00:00,2183.106229735222
2024-11-16 08:00:00,2183.7614388544744
2024-11-16 12:00:00,2175.615415814903
2024-11-16 16:00:00,2182.8890409761752
2024-11-16 20:00:00,2176.4409592067213
2024-11-17 00:00:00,2172.1818487010896
2024-11-17 04:00:00,2175.9872369408586
2024-11-17 08:00:00,2177.662818697321
2024-11-17 12:00:00,2172.334471224075
2024-11-17 16:00:00,2169.621056311312
2024-11-17 20:00:00,2167.259364085264
2024-11-18 00:00:00,2177.4667332994777
2024-11-18 04:00:00,2190.6729152636744
2024-11-18 08:00:00,2172.5244014749014
2024-11-18 12:00:00,2198.0793157391818
2024-11-18 16:00:00,2176.7090221400967
2024-11-18 20:00:00,2174.8979015340037
2024-11-19 00:00:00,2187.0062062546676
2024-11-19 04:00:00,2189.418144578818
2024-11-19 08:00:00,2189.8202389788808
2024-11-19 12:00:00,2199.1153902820492
2024-11-19 16:00:00,2209.6153174024626
2024-11-19 20:00:00,2198.095394490575
2024-11-20 00:00:00,2194.693733649057
2024-11-20 04:00:00,2204.8734675093147
2024-11-20 08:00:00,2212.4640199343658
2024-11-20 12:00:00,2228.6095986375412
2024-11-20 16:00:00,2219.3144473343727
2024-11-20 20:00:00,2222.914077802413
2024-11-21 00:00:00,2241.9015758142477
2024-11-21 04:00:00,2255.8937323680084
2024-11-21 08:00:00,2269.2463817081734
2024-11-21 12:00:00,2252.878840866632
2024-11-21 16:00:00,2267.4229508080452
2024-11-21 20:00:00,2273.5440560940983
2024-11-22 00:00:00,2280.0682607021763
2024-11-22 04:00:00,2284.3040067721904
2024-11-22 08:00:00,2280.4938451531025
2024-11-22 12:00:00,2277.90139772152
2024-11-22 16:00:00,2283.1237259277705
2024-11-22 20:00:00,2280.765425313344
2024-11-23 00:00:00,2277.934936992003
2024-11-23 04:00:00,2276.60567646671
2024-11-23 08:00:00,2274.9618753672967
2024-11-23 12:00:00,2274.5851552467757
2024-11-23 16:00:00,2263.3300292718864
2024-11-23 20:00:00,2265.445390001988
2024-11-24 00:00:00,2272.0741064941194
2024-11-24 04:00:00,2274.9751905832936
2024-11-24 08:00:00,2260.5166246238996
2024-11-24 12:00:00,2243.200311834944
2024-11-24 16:00:00,2248.45743546413
2024-11-24 20:00:00,2268.3048954449837
2024-11-25 00:00:00,2268.289319154572
2024-11-25 04:00:00,2270.1552080075962
2024-11-25 08:00:00,2271.923242584567
2024-11-25 12:00:00,1292.6278925025388
2024-11-25 16:00:00,1292.6278925025388
2024-11-25 20:00:00,1292.6278925025388
2024-11-26 00:00:00,1292.6278925025388
2024-11-26 04:00:00,1292.6278925025388
2024-11-26 08:00:00,1292.6278925025388
2024-11-26 12:00:00,1292.6278925025388
2024-11-26 16:00:00,1292.6278925025388
2024-11-26 20:00:00,1292.6278925025388
2024-11-27 00:00:00,1292.6278925025388
2024-11-27 04:00:00,1292.6278925025388
2024-11-27 08:00:00,1292.6278925025388
2024-11-27 12:00:00,1292.6278925025388
2024-11-27 16:00:00,1292.6278925025388
2024-11-27 20:00:00,1292.6278925025388
2024-11-28 00:00:00,1292.6278925025388
2024-11-28 04:00:00,1292.6278925025388
2024-11-28 08:00:00,1292.6278925025388
2024-11-28 12:00:00,1292.6278925025388
2024-11-28 16:00:00,1292.6278925025388
2024-11-28 20:00:00,1292.6278925025388
2024-11-29 00:00:00,1292.6278925025388
2024-11-29 04:00:00,1292.6278925025388
2024-11-29 08:00:00,2455.063047630721
2024-11-29 12:00:00,2464.406243302471
2024-11-29 16:00:00,2456.1607141266777
2024-11-29 20:00:00,2457.718032950772
2024-11-30 00:00:00,2447.915543587292
2024-11-30 04:00:00,2449.6293474302497
2024-11-30 08:00:00,2443.4680935057104
2024-11-30 12:00:00,2447.9799785950595
2024-11-30 16:00:00,2452.4542068616875
2024-11-30 20:00:00,2445.1417300710987
2024-12-01 00:00:00,2444.2900881502537
2024-12-01 04:00:00,2445.9185365283765
2024-12-01 08:00:00,2453.5206719902467
2024-12-01 12:00:00,2452.553907782797
2024-12-01 16:00:00,2454.355577545438
2024-12-01 20:00:00,2454.432684372914
2024-12-02 00:00:00,2446.047406543912
2024-12-02 04:00:00,2440.264274937681
2024-12-02 08:00:00,2429.8481586820485
2024-12-02 12:00:00,2452.792759629772
2024-12-02 16:00:00,2438.064757854354
2024-12-02 20:00:00,2438.359078798924
2024-12-03 00:00:00,2441.2131073247874
2024-12-03 04:00:00,2434.8848483801157
2024-12-03 08:00:00,2428.1665125702402
2024-12-03 12:00:00,1250.798435347832
2024-12-03 16:00:00,1250.798435347832
2024-12-03 20:00:00,1250.798435347832
2024-12-04 00:00:00,1250.798435347832
2024-12-04 04:00:00,1250.798435347832
2024-12-04 08:00:00,1250.798435347832
2024-12-04 12:00:00,1250.798435347832
2024-12-04 16:00:00,1250.798435347832
2024-12-04 20:00:00,2375.617172171422
2024-12-05 00:00:00,1242.4824363818348
2024-12-05 04:00:00,1242.4824363818348
2024-12-05 08:00:00,1242.4824363818348
2024-12-05 12:00:00,1242.4824363818348
2024-12-05 16:00:00,1242.4824363818348
2024-12-05 20:00:00,1242.4824363818348
2024-12-06 00:00:00,1242.4824363818348
2024-12-06 04:00:00,1242.4824363818348
2024-12-06 08:00:00,1242.4824363818348
2024-12-06 12:00:00,1242.4824363818348
2024-12-06 16:00:00,1242.4824363818348
2024-12-06 20:00:00,1242.4824363818348
2024-12-07 00:00:00,1242.4824363818348
2024-12-07 04:00:00,1242.4824363818348
2024-12-07 08:00:00,1242.4824363818348
2024-12-07 12:00:00,1242.4824363818348
2024-12-07 16:00:00,1242.4824363818348
2024-12-07 20:00:00,1242.4824363818348
2024-12-08 00:00:00,1242.4824363818348
2024-12-08 04:00:00,1242.4824363818348
2024-12-08 08:00:00,1242.4824363818348
2024-12-08 12:00:00,1242.4824363818348
2024-12-08 16:00:00,1242.4824363818348
2024-12-08 20:00:00,1242.4824363818348
2024-12-09 00:00:00,1242.4824363818348
2024-12-09 04:00:00,1242.4824363818348
2024-12-09 08:00:00,1242.4824363818348
2024-12-09 12:00:00,1242.4824363818348
2024-12-09 16:00:00,1242.4824363818348
2024-12-09 20:00:00,1242.4824363818348
2024-12-10 00:00:00,1242.4824363818348
2024-12-10 04:00:00,1242.4824363818348
2024-12-10 08:00:00,1242.4824363818348
2024-12-10 12:00:00,1242.4824363818348
2024-12-10 16:00:00,1242.4824363818348
2024-12-10 20:00:00,1242.4824363818348
2024-12-11 00:00:00,1242.4824363818348
2024-12-11 04:00:00,1242.4824363818348
2024-12-11 08:00:00,1242.4824363818348
2024-12-11 12:00:00,1242.4824363818348
2024-12-11 16:00:00,1242.4824363818348
2024-12-11 20:00:00,1242.4824363818348
2024-12-12 00:00:00,1242.4824363818348
2024-12-12 04:00:00,1242.4824363818348
2024-12-12 08:00:00,1242.4824363818348
2024-12-12 12:00:00,1242.4824363818348
2024-12-12 16:00:00,1242.4824363818348
2024-12-12 20:00:00,1242.4824363818348
2024-12-13 00:00:00,1242.4824363818348
2024-12-13 04:00:00,1242.4824363818348
2024-12-13 08:00:00,1242.4824363818348
2024-12-13 12:00:00,1242.4824363818348
2024-12-13 16:00:00,1242.4824363818348
2024-12-13 20:00:00,1242.4824363818348
2024-12-14 00:00:00,1242.4824363818348
2024-12-14 04:00:00,1242.4824363818348
2024-12-14 08:00:00,1242.4824363818348
2024-12-14 12:00:00,1242.4824363818348
2024-12-14 16:00:00,1242.4824363818348
2024-12-14 20:00:00,1242.4824363818348
2024-12-15 00:00:00,1242.4824363818348
2024-12-15 04:00:00,1242.4824363818348
2024-12-15 08:00:00,1242.4824363818348
2024-12-15 12:00:00,1242.4824363818348
2024-12-15 16:00:00,1242.4824363818348
2024-12-15 20:00:00,2359.8227568690963
2024-12-16 00:00:00,2361.0879793300655
2024-12-16 04:00:00,2365.478768682102
2024-12-16 08:00:00,2352.271424909978
2024-12-16 12:00:00,2379.8029822604167
2024-12-16 16:00:00,2382.4888391559607
2024-12-16 20:00:00,2376.8792477122224
2024-12-17 00:00:00,2385.5197469990985
2024-12-17 04:00:00,2384.8700757481115
2024-12-17 08:00:00,2384.8974573484165
2024-12-17 12:00:00,2381.369509284117
2024-12-17 16:00:00,2381.3419137650594
2024-12-17 20:00:00,2377.682298708668
2024-12-18 00:00:00,2363.0314311954644
2024-12-18 04:00:00,2357.5419551311893
2024-12-18 08:00:00,2365.8589023050863
2024-12-18 12:00:00,2359.4435858804973
2024-12-18 16:00:00,1223.1014461038474
2024-12-18 20:00:00,1223.1014461038474
2024-12-19 00:00:00,1223.1014461038474
2024-12-19 04:00:00,1223.1014461038474
2024-12-19 08:00:00,1223.1014461038474
2024-12-19 12:00:00,1223.1014461038474
2024-12-19 16:00:00,1223.1014461038474
2024-12-19 20:00:00,1223.1014461038474
2024-12-20 00:00:00,1223.1014461038474
2024-12-20 04:00:00,1223.1014461038474
2024-12-20 08:00:00,1223.1014461038474
2024-12-20 12:00:00,1223.1014461038474
2024-12-20 16:00:00,1223.1014461038474
2024-12-20 20:00:00,1223.1014461038474
2024-12-21 00:00:00,1223.1014461038474
2024-12-21 04:00:00,1000.0
2024-12-29 12:00:00,1000.0
2024-12-29 16:00:00,1000.0
2024-12-29 20:00:00,1000.0
2024-12-30 00:00:00,1000.0
2024-12-30 04:00:00,1000.0
2024-12-30 08:00:00,1000.0
2024-12-30 12:00:00,1000.0
2024-12-30 16:00:00,1000.0
2024-12-30 20:00:00,1000.0
2024-12-31 00:00:00,1000.0
2024-12-31 04:00:00,1000.0
2024-12-31 08:00:00,1000.0
2024-12-31 12:00:00,1000.0
2024-12-31 16:00:00,1000.0
2024-12-31 20:00:00,1000.0
2025-01-01 00:00:00,1000.0
2025-01-01 04:00:00,1000.0
2025-01-01 08:00:00,1000.0
2025-01-01 12:00:00,1000.0
2025-01-01 16:00:00,1000.0
2025-01-01 20:00:00,1000.0
2025-01-02 00:00:00,1000.0
2025-01-02 04:00:00,1000.0
2025-01-02 08:00:00,1000.0
2025-01-02 12:00:00,1000.0
2025-01-02 16:00:00,1000.0
2025-01-02 20:00:00,1000.0
2025-01-03 00:00:00,1000.0
2025-01-03 04:00:00,1000.0
2025-01-03 08:00:00,1000.0
2025-01-03 12:00:00,1000.0
2025-01-03 16:00:00,1000.0
2025-01-03 20:00:00,1000.0
2025-01-04 00:00:00,1000.0
2025-01-04 04:00:00,1000.0
2025-01-04 08:00:00,1000.0
2025-01-04 12:00:00,1000.0
2025-01-04 16:00:00,1000.0
2025-01-04 20:00:00,1000.0
2025-01-05 00:00:00,1000.0
2025-01-05 04:00:00,1000.0
2025-01-05 08:00:00,1000.0
2025-01-05 12:00:00,1000.0
2025-01-05 16:00:00,1000.0
2025-01-05 20:00:00,1000.0
2025-01-06 00:00:00,1899.2805755395684
2025-01-06 04:00:00,1901.8332911221644
2025-01-06 08:00:00,1901.3001927980645
2025-01-06 12:00:00,1927.5234364715034
2025-01-06 16:00:00,1924.5203431529958
2025-01-06 20:00:00,1928.3193156761936
2025-01-07 00:00:00,1923.5293305300652
2025-01-07 04:00:00,1923.1364304366602
2025-01-07 08:00:00,1915.564000741836
2025-01-07 12:00:00,988.7142071074934
2025-01-07 16:00:00,988.7142071074934
2025-01-07 20:00:00,988.7142071074934
2025-01-08 00:00:00,988.7142071074934
2025-01-08 04:00:00,988.7142071074934
2025-01-08 08:00:00,988.7142071074934
2025-01-08 12:00:00,988.7142071074934
2025-01-08 16:00:00,988.7142071074934
2025-01-08 20:00:00,988.7142071074934
2025-01-09 00:00:00,988.7142071074934
2025-01-09 04:00:00,988.7142071074934
2025-01-09 08:00:00,988.7142071074934
2025-01-09 12:00:00,988.7142071074934
2025-01-09 16:00:00,988.7142071074934
2025-01-09 20:00:00,988.7142071074934
2025-01-10 00:00:00,988.7142071074934
2025-01-10 04:00:00,988.7142071074934
2025-01-10 08:00:00,988.7142071074934
2025-01-10 12:00:00,988.7142071074934
2025-01-10 16:00:00,988.7142071074934
2025-01-10 20:00:00,988.7142071074934
2025-01-11 00:00:00,988.7142071074934
2025-01-11 04:00:00,988.7142071074934
2025-01-11 08:00:00,988.7142071074934
2025-01-11 12:00:00,988.7142071074934
2025-01-11 16:00:00,988.7142071074934
2025-01-11 20:00:00,988.7142071074934
2025-01-12 00:00:00,988.7142071074934
2025-01-12 04:00:00,988.7142071074934
2025-01-12 08:00:00,988.7142071074934
2025-01-12 12:00:00,988.7142071074934
2025-01-12 16:00:00,988.7142071074934
2025-01-12 20:00:00,988.7142071074934
2025-01-13 00:00:00,988.7142071074934
2025-01-13 04:00:00,988.7142071074934
2025-01-13 08:00:00,988.7142071074934
2025-01-13 12:00:00,988.7142071074934
2025-01-13 16:00:00,988.7142071074934
2025-01-13 20:00:00,988.7142071074934
2025-01-14 00:00:00,988.7142071074934
2025-01-14 04:00:00,988.7142071074934
2025-01-14 08:00:00,988.7142071074934
2025-01-14 12:00:00,988.7142071074934
2025-01-14 16:00:00,988.7142071074934
2025-01-14 20:00:00,988.7142071074934
2025-01-15 00:00:00,988.7142071074934
2025-01-15 04:00:00,988.7142071074934
2025-01-15 08:00:00,988.7142071074934
2025-01-15 12:00:00,988.7142071074934
2025-01-15 16:00:00,988.7142071074934
2025-01-15 20:00:00,988.7142071074934
2025-01-16 00:00:00,988.7142071074934
2025-01-16 04:00:00,988.7142071074934
2025-01-16 08:00:00,988.7142071074934
2025-01-16 12:00:00,988.7142071074934
2025-01-16 16:00:00,988.7142071074934
2025-01-16 20:00:00,988.7142071074934
2025-01-17 00:00:00,1877.845688319268
2025-01-17 04:00:00,1881.2663882513793
2025-01-17 08:00:00,1888.2798921634242
2025-01-17 12:00:00,1903.786854018383
2025-01-17 16:00:00,1919.9319910568083
2025-01-17 20:00:00,1904.4685831403317
2025-01-18 00:00:00,1899.913809040333
2025-01-18 04:00:00,1893.4196968431643
2025-01-18 08:00:00,1900.1731089528757
2025-01-18 12:00:00,1908.7930052990218
2025-01-18 16:00:00,1907.148074228445
2025-01-18 20:00:00,1908.6809968875298
2025-01-19 00:00:00,1912.444937049987
2025-01-19 04:00:00,1914.0560808228315
2025-01-19 08:00:00,1906.982833225474
2025-01-19 12:00:00,1912.0255874119891
2025-01-19 16:00:00,1923.1441600107291
2025-01-19 20:00:00,975.3860832968845
2025-01-20 00:00:00,975.3860832968845
2025-01-20 04:00:00,1852.531841657392
2025-01-20 08:00:00,1861.690884442855
2025-01-20 12:00:00,1834.8231361391197
2025-01-20 16:00:00,1824.4536854070955
2025-01-20 20:00:00,1812.7310211907743
2025-01-21 00:00:00,1818.266373456203
2025-01-21 04:00:00,1810.5122947856846
2025-01-21 08:00:00,1824.9991960105317
2025-01-21 12:00:00,1826.5120012339605
2025-01-21 16:00:00,1851.8005364638634
2025-01-21 20:00:00,1844.5331757499384
2025-01-22 00:00:00,1840.0802468809104
2025-01-22 04:00:00,1835.8612603406154
2025-01-22 08:00:00,1835.9891630068669
2025-01-22 12:00:00,1828.45273176714
2025-01-22 16:00:00,1832.1374257995665
2025-01-22 20:00:00,1824.576756922701
2025-01-23 00:00:00,929.8231330086059
2025-01-23 04:00:00,929.8231330086059
2025-01-23 08:00:00,929.8231330086059
2025-01-23 12:00:00,929.8231330086059
2025-01-23 16:00:00,929.8231330086059
2025-01-23 20:00:00,929.8231330086059
2025-01-24 00:00:00,929.8231330086059
2025-01-24 04:00:00,929.8231330086059
2025-01-24 08:00:00,929.8231330086059
2025-01-24 12:00:00,929.8231330086059
2025-01-24 16:00:00,929.8231330086059
2025-01-24 20:00:00,929.8231330086059
2025-01-25 00:00:00,929.8231330086059
2025-01-25 04:00:00,929.8231330086059
2025-01-25 08:00:00,929.8231330086059
2025-01-25 12:00:00,929.8231330086059
2025-01-25 16:00:00,929.8231330086059
2025-01-25 20:00:00,929.8231330086059
2025-01-26 00:00:00,929.8231330086059
2025-01-26 04:00:00,929.8231330086059
2025-01-26 08:00:00,929.8231330086059
2025-01-26 12:00:00,929.8231330086059
2025-01-26 16:00:00,929.8231330086059
2025-01-26 20:00:00,929.8231330086059
2025-01-27 00:00:00,929.8231330086059
2025-01-27 04:00:00,929.8231330086059
2025-01-27 08:00:00,929.8231330086059
2025-01-27 12:00:00,929.8231330086059
2025-01-27 16:00:00,929.8231330086059
2025-01-27 20:00:00,929.8231330086059
2025-01-28 00:00:00,929.8231330086059
2025-01-28 04:00:00,929.8231330086059
2025-01-28 08:00:00,929.8231330086059
2025-01-28 12:00:00,929.8231330086059
2025-01-28 16:00:00,929.8231330086059
2025-01-28 20:00:00,929.8231330086059
2025-01-29 00:00:00,929.8231330086059
2025-01-29 04:00:00,929.8231330086059
2025-01-29 08:00:00,929.8231330086059
2025-01-29 12:00:00,929.8231330086059
2025-01-29 16:00:00,929.8231330086059
2025-01-29 20:00:00,929.8231330086059
2025-01-30 00:00:00,929.8231330086059
2025-01-30 04:00:00,929.8231330086059
2025-01-30 08:00:00,929.8231330086059
2025-01-30 12:00:00,929.8231330086059
2025-01-30 16:00:00,929.8231330086059
2025-01-30 20:00:00,929.8231330086059
2025-01-31 00:00:00,929.8231330086059
2025-01-31 04:00:00,929.8231330086059
2025-01-31 08:00:00,929.8231330086059
2025-01-31 12:00:00,929.8231330086059
2025-01-31 16:00:00,929.8231330086059
2025-01-31 20:00:00,929.8231330086059
2025-02-01 00:00:00,929.8231330086059
2025-02-01 04:00:00,929.8231330086059
2025-02-01 08:00:00,929.8231330086059
2025-02-01 12:00:00,929.8231330086059
2025-02-01 16:00:00,929.8231330086059
2025-02-01 20:00:00,929.8231330086059
2025-02-02 00:00:00,929.8231330086059
2025-02-02 04:00:00,929.8231330086059
2025-02-02 08:00:00,929.8231330086059
2025-02-02 12:00:00,929.8231330086059
2025-02-02 16:00:00,929.8231330086059
2025-02-02 20:00:00,929.8231330086059
2025-02-03 00:00:00,929.8231330086059
2025-02-03 04:00:00,929.8231330086059
2025-02-03 08:00:00,929.8231330086059
2025-02-03 12:00:00,929.8231330086059
2025-02-03 16:00:00,929.8231330086059
2025-02-03 20:00:00,929.8231330086059
2025-02-04 00:00:00,929.8231330086059
2025-02-04 04:00:00,929.8231330086059
2025-02-04 08:00:00,929.8231330086059
2025-02-04 12:00:00,929.8231330086059
2025-02-04 16:00:00,929.8231330086059
2025-02-04 20:00:00,929.8231330086059
2025-02-05 00:00:00,929.8231330086059
2025-02-05 04:00:00,929.8231330086059
2025-02-05 08:00:00,929.8231330086059
2025-02-05 12:00:00,929.8231330086059
2025-02-05 16:00:00,929.8231330086059
2025-02-05 20:00:00,929.8231330086059
2025-02-06 00:00:00,929.8231330086059
2025-02-06 04:00:00,929.8231330086059
2025-02-06 08:00:00,929.8231330086059
2025-02-06 12:00:00,929.8231330086059
2025-02-06 16:00:00,929.8231330086059
2025-02-06 20:00:00,929.8231330086059
2025-02-07 00:00:00,929.8231330086059
2025-02-07 04:00:00,929.8231330086059
2025-02-07 08:00:00,929.8231330086059
2025-02-07 12:00:00,929.8231330086059
2025-02-07 16:00:00,929.8231330086059
2025-02-07 20:00:00,929.8231330086059
2025-02-08 00:00:00,929.8231330086059
2025-02-08 04:00:00,929.8231330086059
2025-02-08 08:00:00,929.8231330086059
2025-02-08 12:00:00,929.8231330086059
2025-02-08 16:00:00,929.8231330086059
2025-02-08 20:00:00,929.8231330086059
2025-02-09 00:00:00,929.8231330086059
2025-02-09 04:00:00,929.8231330086059
2025-02-09 08:00:00,929.8231330086059
2025-02-09 12:00:00,929.8231330086059
2025-02-09 16:00:00,929.8231330086059
2025-02-09 20:00:00,929.8231330086059
2025-02-10 00:00:00,929.8231330086059
2025-02-10 04:00:00,929.8231330086059
2025-02-10 08:00:00,929.8231330086059
2025-02-10 12:00:00,929.8231330086059
2025-02-10 16:00:00,929.8231330086059
2025-02-10 20:00:00,929.8231330086059
2025-02-11 00:00:00,929.8231330086059
2025-02-11 04:00:00,929.8231330086059
2025-02-11 08:00:00,929.8231330086059
2025-02-11 12:00:00,929.8231330086059
2025-02-11 16:00:00,929.8231330086059
2025-02-11 20:00:00,929.8231330086059
2025-02-12 00:00:00,929.8231330086059
2025-02-12 04:00:00,929.8231330086059
2025-02-12 08:00:00,929.8231330086059
2025-02-12 12:00:00,929.8231330086059
2025-02-12 16:00:00,929.8231330086059
2025-02-12 20:00:00,929.8231330086059
2025-02-13 00:00:00,929.8231330086059
2025-02-13 04:00:00,929.8231330086059
2025-02-13 08:00:00,929.8231330086059
2025-02-13 12:00:00,929.8231330086059
2025-02-13 16:00:00,929.8231330086059
2025-02-13 20:00:00,929.8231330086059
2025-02-14 00:00:00,929.8231330086059
2025-02-14 04:00:00,929.8231330086059
2025-02-14 08:00:00,929.8231330086059
2025-02-14 12:00:00,929.8231330086059
2025-02-14 16:00:00,929.8231330086059
2025-02-14 20:00:00,929.8231330086059
2025-02-15 00:00:00,929.8231330086059
2025-02-15 04:00:00,929.8231330086059
2025-02-15 08:00:00,929.8231330086059
2025-02-15 12:00:00,929.8231330086059
2025-02-15 16:00:00,929.8231330086059
2025-02-15 20:00:00,929.8231330086059
2025-02-16 00:00:00,929.8231330086059
2025-02-16 04:00:00,929.8231330086059
2025-02-16 08:00:00,929.8231330086059
2025-02-16 12:00:00,929.8231330086059
2025-02-16 16:00:00,929.8231330086059
2025-02-16 20:00:00,929.8231330086059
2025-02-17 00:00:00,929.8231330086059
2025-02-17 04:00:00,929.8231330086059
2025-02-17 08:00:00,929.8231330086059
2025-02-17 12:00:00,929.8231330086059
2025-02-17 16:00:00,929.8231330086059
2025-02-17 20:00:00,929.8231330086059
2025-02-18 00:00:00,929.8231330086059
2025-02-18 04:00:00,929.8231330086059
2025-02-18 08:00:00,929.8231330086059
2025-02-18 12:00:00,929.8231330086059
2025-02-18 16:00:00,929.8231330086059
2025-02-18 20:00:00,929.8231330086059
2025-02-19 00:00:00,929.8231330086059
2025-02-19 04:00:00,929.8231330086059
2025-02-19 08:00:00,929.8231330086059
2025-02-19 12:00:00,929.8231330086059
2025-02-19 16:00:00,929.8231330086059
2025-02-19 20:00:00,929.8231330086059
2025-02-20 00:00:00,929.8231330086059
2025-02-20 04:00:00,929.8231330086059
2025-02-20 08:00:00,929.8231330086059
2025-02-20 12:00:00,929.8231330086059
2025-02-20 16:00:00,929.8231330086059
2025-02-20 20:00:00,929.8231330086059
2025-02-21 00:00:00,929.8231330086059
2025-02-21 04:00:00,929.8231330086059
2025-02-21 08:00:00,929.8231330086059
2025-02-21 12:00:00,929.8231330086059
2025-02-21 16:00:00,929.8231330086059
2025-02-21 20:00:00,929.8231330086059
2025-02-22 00:00:00,929.8231330086059
2025-02-22 04:00:00,929.8231330086059
2025-02-22 08:00:00,929.8231330086059
2025-02-22 12:00:00,929.8231330086059
2025-02-22 16:00:00,929.8231330086059
2025-02-22 20:00:00,929.8231330086059
2025-02-23 00:00:00,929.8231330086059
2025-02-23 04:00:00,929.8231330086059
2025-02-23 08:00:00,929.8231330086059
2025-02-23 12:00:00,929.8231330086059
2025-02-23 16:00:00,929.8231330086059
2025-02-23 20:00:00,929.8231330086059
2025-02-24 00:00:00,929.8231330086059
2025-02-24 04:00:00,929.8231330086059
2025-02-24 08:00:00,929.8231330086059
2025-02-24 12:00:00,929.8231330086059
2025-02-24 16:00:00,929.8231330086059
2025-02-24 20:00:00,929.8231330086059
2025-02-25 00:00:00,929.8231330086059
2025-02-25 04:00:00,929.8231330086059
2025-02-25 08:00:00,929.8231330086059
2025-02-25 12:00:00,929.8231330086059
2025-02-25 16:00:00,929.8231330086059
2025-02-25 20:00:00,929.8231330086059
2025-02-26 00:00:00,929.8231330086059
2025-02-26 04:00:00,929.8231330086059
2025-02-26 08:00:00,929.8231330086059
2025-02-26 12:00:00,929.8231330086059
2025-02-26 16:00:00,929.8231330086059
2025-02-26 20:00:00,929.8231330086059
2025-02-27 00:00:00,929.8231330086059
2025-02-27 04:00:00,929.8231330086059
2025-02-27 08:00:00,929.8231330086059
2025-02-27 12:00:00,929.8231330086059
2025-02-27 16:00:00,929.8231330086059
2025-02-27 20:00:00,929.8231330086059
2025-02-28 00:00:00,929.8231330086059
2025-02-28 04:00:00,929.8231330086059
2025-02-28 08:00:00,929.8231330086059
2025-02-28 12:00:00,929.8231330086059
2025-02-28 16:00:00,929.8231330086059
2025-02-28 20:00:00,929.8231330086059
2025-03-01 00:00:00,929.8231330086059
2025-03-01 04:00:00,929.8231330086059
2025-03-01 08:00:00,929.8231330086059
2025-03-01 12:00:00,929.8231330086059
2025-03-01 16:00:00,929.8231330086059
2025-03-01 20:00:00,929.8231330086059
2025-03-02 00:00:00,929.8231330086059
2025-03-02 04:00:00,929.8231330086059
2025-03-02 08:00:00,929.8231330086059
2025-03-02 12:00:00,929.8231330086059
2025-03-02 16:00:00,929.8231330086059
2025-03-02 20:00:00,929.8231330086059
2025-03-03 00:00:00,929.8231330086059
2025-03-03 04:00:00,929.8231330086059
2025-03-03 08:00:00,929.8231330086059
2025-03-03 12:00:00,929.8231330086059
2025-03-03 16:00:00,929.8231330086059
2025-03-03 20:00:00,929.8231330086059
2025-03-04 00:00:00,929.8231330086059
2025-03-04 04:00:00,929.8231330086059
2025-03-04 08:00:00,929.8231330086059
2025-03-04 12:00:00,929.8231330086059
2025-03-04 16:00:00,929.8231330086059
2025-03-04 20:00:00,929.8231330086059
2025-03-05 00:00:00,929.8231330086059
2025-03-05 04:00:00,929.8231330086059
2025-03-05 08:00:00,929.8231330086059
2025-03-05 12:00:00,929.8231330086059
2025-03-05 16:00:00,929.8231330086059
2025-03-05 20:00:00,929.8231330086059
2025-03-06 00:00:00,929.8231330086059
2025-03-06 04:00:00,929.8231330086059
2025-03-06 08:00:00,929.8231330086059
2025-03-06 12:00:00,929.8231330086059
2025-03-06 16:00:00,929.8231330086059
2025-03-06 20:00:00,929.8231330086059
2025-03-07 00:00:00,929.8231330086059
2025-03-07 04:00:00,929.8231330086059
2025-03-07 08:00:00,929.8231330086059
2025-03-07 12:00:00,929.8231330086059
2025-03-07 16:00:00,929.8231330086059
2025-03-07 20:00:00,929.8231330086059
2025-03-08 00:00:00,929.8231330086059
2025-03-08 04:00:00,929.8231330086059
2025-03-08 08:00:00,929.8231330086059
2025-03-08 12:00:00,929.8231330086059
2025-03-08 16:00:00,929.8231330086059
2025-03-08 20:00:00,929.8231330086059
2025-03-09 00:00:00,929.8231330086059
2025-03-09 04:00:00,929.8231330086059
2025-03-09 08:00:00,929.8231330086059
2025-03-09 12:00:00,929.8231330086059
2025-03-09 16:00:00,929.8231330086059
2025-03-09 20:00:00,929.8231330086059
2025-03-10 00:00:00,929.8231330086059
2025-03-10 04:00:00,929.8231330086059
2025-03-10 08:00:00,929.8231330086059
2025-03-10 12:00:00,929.8231330086059
2025-03-10 16:00:00,929.8231330086059
2025-03-10 20:00:00,929.8231330086059
2025-03-11 00:00:00,929.8231330086059
2025-03-11 04:00:00,929.8231330086059
2025-03-11 08:00:00,929.8231330086059
2025-03-11 12:00:00,929.8231330086059
2025-03-11 16:00:00,929.8231330086059
2025-03-11 20:00:00,929.8231330086059
2025-03-12 00:00:00,929.8231330086059
2025-03-12 04:00:00,929.8231330086059
2025-03-12 08:00:00,929.8231330086059
2025-03-12 12:00:00,929.8231330086059
2025-03-12 16:00:00,929.8231330086059
2025-03-12 20:00:00,929.8231330086059
2025-03-13 00:00:00,929.8231330086059
2025-03-13 04:00:00,929.8231330086059
2025-03-13 08:00:00,929.8231330086059
2025-03-13 12:00:00,929.8231330086059
2025-03-13 16:00:00,929.8231330086059
2025-03-13 20:00:00,929.8231330086059
2025-03-14 00:00:00,929.8231330086059
2025-03-14 04:00:00,929.8231330086059
2025-03-14 08:00:00,929.8231330086059
2025-03-14 12:00:00,929.8231330086059
2025-03-14 16:00:00,929.8231330086059
2025-03-14 20:00:00,929.8231330086059
2025-03-15 00:00:00,929.8231330086059
2025-03-15 04:00:00,929.8231330086059
2025-03-15 08:00:00,929.8231330086059
2025-03-15 12:00:00,929.8231330086059
2025-03-15 16:00:00,929.8231330086059
2025-03-15 20:00:00,929.8231330086059
2025-03-16 00:00:00,929.8231330086059
2025-03-16 04:00:00,929.8231330086059
2025-03-16 08:00:00,929.8231330086059
2025-03-16 12:00:00,929.8231330086059
2025-03-16 16:00:00,929.8231330086059
2025-03-16 20:00:00,929.8231330086059
2025-03-17 00:00:00,929.8231330086059
2025-03-17 04:00:00,929.8231330086059
2025-03-17 08:00:00,929.8231330086059
2025-03-17 12:00:00,929.8231330086059
2025-03-17 16:00:00,929.8231330086059
2025-03-17 20:00:00,929.8231330086059
2025-03-18 00:00:00,929.8231330086059
2025-03-18 04:00:00,929.8231330086059
2025-03-18 08:00:00,929.8231330086059
2025-03-18 12:00:00,929.8231330086059
2025-03-18 16:00:00,929.8231330086059
2025-03-18 20:00:00,929.8231330086059
2025-03-19 00:00:00,929.8231330086059
2025-03-19 04:00:00,929.8231330086059
2025-03-19 08:00:00,929.8231330086059
2025-03-19 12:00:00,929.8231330086059
2025-03-19 16:00:00,929.8231330086059
2025-03-19 20:00:00,929.8231330086059
2025-03-20 00:00:00,929.8231330086059
2025-03-20 04:00:00,929.8231330086059
2025-03-20 08:00:00,929.8231330086059
2025-03-20 12:00:00,929.8231330086059
2025-03-20 16:00:00,929.8231330086059
2025-03-20 20:00:00,929.8231330086059
2025-03-21 00:00:00,929.8231330086059
2025-03-21 04:00:00,1000.0
2025-03-29 12:00:00,1000.0
2025-03-29 16:00:00,1000.0
2025-03-29 20:00:00,1000.0
2025-03-30 00:00:00,1000.0
2025-03-30 04:00:00,1000.0
2025-03-30 08:00:00,1000.0
2025-03-30 12:00:00,1000.0
2025-03-30 16:00:00,1000.0
2025-03-30 20:00:00,1000.0
2025-03-31 00:00:00,1000.0
2025-03-31 04:00:00,1000.0
2025-03-31 08:00:00,1000.0
2025-03-31 12:00:00,1000.0
2025-03-31 16:00:00,1000.0
2025-03-31 20:00:00,1000.0
2025-04-01 00:00:00,1000.0
2025-04-01 04:00:00,1000.0
2025-04-01 08:00:00,1000.0
2025-04-01 12:00:00,1000.0
2025-04-01 16:00:00,1000.0
2025-04-01 20:00:00,1000.0
2025-04-02 00:00:00,1000.0
2025-04-02 04:00:00,1000.0
2025-04-02 08:00:00,1000.0
2025-04-02 12:00:00,1000.0
2025-04-02 16:00:00,1000.0
2025-04-02 20:00:00,1000.0
2025-04-03 00:00:00,1000.0
2025-04-03 04:00:00,1000.0
2025-04-03 08:00:00,1000.0
2025-04-03 12:00:00,1000.0
2025-04-03 16:00:00,1000.0
2025-04-03 20:00:00,1000.0
2025-04-04 00:00:00,1000.0
2025-04-04 04:00:00,1000.0
2025-04-04 08:00:00,1000.0
2025-04-04 12:00:00,1000.0
2025-04-04 16:00:00,1000.0
2025-04-04 20:00:00,1000.0
2025-04-05 00:00:00,1000.0
2025-04-05 04:00:00,1000.0
2025-04-05 08:00:00,1000.0
2025-04-05 12:00:00,1000.0
2025-04-05 16:00:00,1000.0
2025-04-05 20:00:00,1000.0
2025-04-06 00:00:00,1000.0
2025-04-06 04:00:00,1000.0
2025-04-06 08:00:00,1000.0
2025-04-06 12:00:00,1000.0
2025-04-06 16:00:00,1000.0
2025-04-06 20:00:00,1000.0
2025-04-07 00:00:00,1000.0
2025-04-07 04:00:00,1000.0
2025-04-07 08:00:00,1000.0
2025-04-07 12:00:00,1000.0
2025-04-07 16:00:00,1000.0
2025-04-07 20:00:00,1000.0
2025-04-08 00:00:00,1000.0
2025-04-08 04:00:00,1000.0
2025-04-08 08:00:00,1000.0
2025-04-08 12:00:00,1000.0
2025-04-08 16:00:00,1000.0
2025-04-08 20:00:00,1000.0
2025-04-09 00:00:00,1000.0
2025-04-09 04:00:00,1000.0
2025-04-09 08:00:00,1000.0
2025-04-09 12:00:00,1000.0
2025-04-09 16:00:00,1000.0
2025-04-09 20:00:00,1000.0
2025-04-10 00:00:00,1000.0
2025-04-10 04:00:00,1000.0
2025-04-10 08:00:00,1000.0
2025-04-10 12:00:00,1000.0
2025-04-10 16:00:00,1000.0
2025-04-10 20:00:00,1000.0
2025-04-11 00:00:00,1000.0
2025-04-11 04:00:00,1000.0
2025-04-11 08:00:00,1000.0
2025-04-11 12:00:00,1000.0
2025-04-11 16:00:00,1000.0
2025-04-11 20:00:00,1000.0
2025-04-12 00:00:00,1000.0
2025-04-12 04:00:00,1000.0
2025-04-12 08:00:00,1000.0
2025-04-12 12:00:00,1000.0
2025-04-12 16:00:00,1000.0
2025-04-12 20:00:00,1000.0
2025-04-13 00:00:00,1000.0
2025-04-13 04:00:00,1000.0
2025-04-13 08:00:00,1000.0
2025-04-13 12:00:00,1000.0
2025-04-13 16:00:00,1000.0
2025-04-13 20:00:00,1000.0
2025-04-14 00:00:00,1000.0
2025-04-14 04:00:00,1000.0
2025-04-14 08:00:00,1000.0
2025-04-14 12:00:00,1000.0
2025-04-14 16:00:00,1000.0
2025-04-14 20:00:00,1000.0
2025-04-15 00:00:00,1000.0
2025-04-15 04:00:00,1000.0
2025-04-15 08:00:00,1000.0
2025-04-15 12:00:00,1000.0
2025-04-15 16:00:00,1000.0
2025-04-15 20:00:00,1000.0
2025-04-16 00:00:00,1000.0
2025-04-16 04:00:00,1000.0
2025-04-16 08:00:00,1000.0
2025-04-16 12:00:00,1000.0
2025-04-16 16:00:00,1000.0
2025-04-16 20:00:00,1000.0
2025-04-17 00:00:00,1000.0
2025-04-17 04:00:00,1000.0
2025-04-17 08:00:00,1000.0
2025-04-17 12:00:00,1000.0
2025-04-17 16:00:00,1000.0
2025-04-17 20:00:00,1000.0
2025-04-18 00:00:00,1000.0
2025-04-18 04:00:00,1000.0
2025-04-18 08:00:00,1000.0
2025-04-18 12:00:00,1000.0
2025-04-18 16:00:00,1000.0
2025-04-18 20:00:00,1000.0
2025-04-19 00:00:00,1000.0
2025-04-19 04:00:00,1000.0
2025-04-19 08:00:00,1000.0
2025-04-19 12:00:00,1000.0
2025-04-19 16:00:00,1000.0
2025-04-19 20:00:00,1000.0
2025-04-20 00:00:00,1000.0
2025-04-20 04:00:00,1000.0
2025-04-20 08:00:00,1000.0
2025-04-20 12:00:00,1000.0
2025-04-20 16:00:00,1000.0
2025-04-20 20:00:00,1000.0
2025-04-21 00:00:00,1899.2805755395684
2025-04-21 04:00:00,1901.6443364456986
2025-04-21 08:00:00,1896.8712347398641
2025-04-21 12:00:00,1907.9349804905353
2025-04-21 16:00:00,1901.4413924851688
2025-04-21 20:00:00,1902.4842645750255
2025-04-22 00:00:00,1909.097680264404
2025-04-22 04:00:00,1912.3901572825926
2025-04-22 08:00:00,1913.8057120316741
2025-04-22 12:00:00,1937.7352592800987
2025-04-22 16:00:00,1942.6869681707083
2025-04-22 20:00:00,1963.6021582492922
2025-04-23 00:00:00,1960.7757923599627
2025-04-23 04:00:00,1970.7261306198614
2025-04-23 08:00:00,1963.8395449348304
2025-04-23 12:00:00,1961.0477248924408
2025-04-23 16:00:00,1964.1681945294488
2025-04-23 20:00:00,1966.1605102395279
2025-04-24 00:00:00,1955.6716692550933
2025-04-24 04:00:00,1950.8208136131616
2025-04-24 08:00:00,1955.114707704879
2025-04-24 12:00:00,1961.1222820486719
2025-04-24 16:00:00,1964.768776656545
2025-04-24 20:00:00,1969.1447558054688
2025-04-25 00:00:00,1962.2496110001516
2025-04-25 04:00:00,1966.9976540767132
2025-04-25 08:00:00,1975.9013047353021
2025-04-25 12:00:00,1980.2896585159656
2025-04-25 16:00:00,1982.6591942502407
2025-04-25 20:00:00,1975.9323444365823
2025-04-26 00:00:00,1976.9770727211999
2025-04-26 04:00:00,1975.2272997932173
2025-04-26 08:00:00,1970.8317274773726
2025-04-26 12:00:00,1973.1950758957782
2025-04-26 16:00:00,1972.5171523203092
2025-04-26 20:00:00,1975.8222102140999
2025-04-27 00:00:00,1970.9570206237363
2025-04-27 04:00:00,1970.026551438848
2025-04-27 08:00:00,1968.5212806096542
2025-04-27 12:00:00,1968.3260707939617
2025-04-27 16:00:00,1973.8164886529694
2025-04-27 20:00:00,1966.7608861227618
2025-04-28 00:00:00,1967.79860211606
2025-04-28 04:00:00,1976.4872435481734
2025-04-28 08:00:00,1982.9581447286837
2025-04-28 12:00:00,1967.6292759050898
2025-04-28 16:00:00,1977.463911358223
2025-04-28 20:00:00,1979.7736363724232
2025-04-29 00:00:00,1976.1394132743587
2025-04-29 04:00:00,1978.8087244625262
2025-04-29 08:00:00,1980.9962499882981
2025-04-29 12:00:00,1978.0403629534271
2025-04-29 16:00:00,1982.7601506208498
2025-04-29 20:00:00,1971.9945303731724
2025-04-30 00:00:00,1979.9969984753234
2025-04-30 04:00:00,1975.7499217403542
2025-04-30 08:00:00,1981.4800980893172
2025-04-30 12:00:00,1969.3938983911598
2025-04-30 16:00:00,1970.9137094126477
2025-04-30 20:00:00,1971.1198501530434
2025-05-01 00:00:00,1977.4164752698878
2025-05-01 04:00:00,1979.924813123509
2025-05-01 08:00:00,1991.8268370526082
2025-05-01 12:00:00,1998.780245749033
2025-05-01 16:00:00,1995.3664973397958
2025-05-01 20:00:00,1995.0225856993657
2025-05-02 00:00:00,2001.3378758857505
2025-05-02 04:00:00,1993.579806760457
2025-05-02 08:00:00,1999.5502572090309
2025-05-02 12:00:00,2003.6877153311736
2025-05-02 16:00:00,1999.5013774136592
2025-05-02 20:00:00,1999.1188981709738
2025-05-03 00:00:00,1993.4509043465025
2025-05-03 04:00:00,1993.2980776445181
2025-05-03 08:00:00,1989.372638212848
2025-05-03 12:00:00,1994.2880481836878
2025-05-03 16:00:00,1993.6245616785818
2025-05-03 20:00:00,1988.4899144820881
2025-05-04 00:00:00,1987.1061212878049
2025-05-04 04:00:00,1988.7329728738405
2025-05-04 08:00:00,1984.0224661802224
2025-05-04 12:00:00,1984.4803275545885
2025-05-04 16:00:00,1081.9030795353433
2025-05-04 20:00:00,1081.9030795353433
2025-05-05 00:00:00,1081.9030795353433
2025-05-05 04:00:00,1081.9030795353433
2025-05-05 08:00:00,1081.9030795353433
2025-05-05 12:00:00,1081.9030795353433
2025-05-05 16:00:00,1081.9030795353433
2025-05-05 20:00:00,1081.9030795353433
2025-05-06 00:00:00,1081.9030795353433
2025-05-06 04:00:00,1081.9030795353433
2025-05-06 08:00:00,1081.9030795353433
2025-05-06 12:00:00,1081.9030795353433
2025-05-06 16:00:00,1081.9030795353433
2025-05-06 20:00:00,1081.9030795353433
2025-05-07 00:00:00,1081.9030795353433
2025-05-07 04:00:00,1081.9030795353433
2025-05-07 08:00:00,1081.9030795353433
2025-05-07 12:00:00,1081.9030795353433
2025-05-07 16:00:00,1081.9030795353433
2025-05-07 20:00:00,1081.9030795353433
2025-05-08 00:00:00,2054.837503577918
2025-05-08 04:00:00,2055.8143356157607
2025-05-08 08:00:00,2057.3529319345316
2025-05-08 12:00:00,2070.589374015163
2025-05-08 16:00:00,2075.9068531676194
2025-05-08 20:00:00,2095.155105239459
2025-05-09 00:00:00,2087.2015042691587
2025-05-09 04:00:00,2098.7579522443257
2025-05-09 08:00:00,2092.1790792348665
2025-05-09 12:00:00,2091.5675656979674
2025-05-09 16:00:00,2094.444387564914
2025-05-09 20:00:00,2092.313313913698
2025-05-10 00:00:00,2094.8081360696133
2025-05-10 04:00:00,2100.0427979202177
2025-05-10 08:00:00,2096.8559999199165
2025-05-10 12:00:00,2093.9498387481663
2025-05-10 16:00:00,2094.465778763734
2025-05-10 20:00:00,2110.344132023357
2025-05-11 00:00:00,2102.46961961383
2025-05-11 04:00:00,2096.3705767063348
2025-05-11 08:00:00,2108.798470721489
2025-05-11 12:00:00,2103.8725093822914
2025-05-11 16:00:00,2106.5218780434407
2025-05-11 20:00:00,2103.558510133563
2025-05-12 00:00:00,2103.3831611781006
2025-05-12 04:00:00,2106.9927787917686
2025-05-12 08:00:00,2100.0740997203256
2025-05-12 12:00:00,2087.949411229725
2025-05-12 16:00:00,1098.5572324452817
2025-05-12 20:00:00,1098.5572324452817
2025-05-13 00:00:00,1098.5572324452817
2025-05-13 04:00:00,1098.5572324452817
2025-05-13 08:00:00,1098.5572324452817
2025-05-13 12:00:00,1098.5572324452817
2025-05-13 16:00:00,1098.5572324452817
2025-05-13 20:00:00,1098.5572324452817
2025-05-14 00:00:00,1098.5572324452817
2025-05-14 04:00:00,1098.5572324452817
2025-05-14 08:00:00,1098.5572324452817
2025-05-14 12:00:00,1098.5572324452817
2025-05-14 16:00:00,1098.5572324452817
2025-05-14 20:00:00,1098.5572324452817
2025-05-15 00:00:00,1098.5572324452817
2025-05-15 04:00:00,1098.5572324452817
2025-05-15 08:00:00,1098.5572324452817
2025-05-15 12:00:00,1098.5572324452817
2025-05-15 16:00:00,1098.5572324452817
2025-05-15 20:00:00,1098.5572324452817
2025-05-16 00:00:00,1098.5572324452817
2025-05-16 04:00:00,1098.5572324452817
2025-05-16 08:00:00,1098.5572324452817
2025-05-16 12:00:00,1098.5572324452817
2025-05-16 16:00:00,1098.5572324452817
2025-05-16 20:00:00,1098.5572324452817
2025-05-17 00:00:00,1098.5572324452817
2025-05-17 04:00:00,1098.5572324452817
2025-05-17 08:00:00,1098.5572324452817
2025-05-17 12:00:00,1098.5572324452817
2025-05-17 16:00:00,1098.5572324452817
2025-05-17 20:00:00,1098.5572324452817
2025-05-18 00:00:00,1098.5572324452817
2025-05-18 04:00:00,1098.5572324452817
2025-05-18 08:00:00,1098.5572324452817
2025-05-18 12:00:00,2086.46841270183
2025-05-18 16:00:00,2071.169823779802
2025-05-18 20:00:00,2095.234137238184
2025-05-19 00:00:00,2068.56620903997
2025-05-19 04:00:00,1066.915760916265
2025-05-19 08:00:00,1066.915760916265
2025-05-19 12:00:00,1066.915760916265
2025-05-19 16:00:00,1066.915760916265
2025-05-19 20:00:00,1066.915760916265
2025-05-20 00:00:00,1066.915760916265
2025-05-20 04:00:00,1066.915760916265
2025-05-20 08:00:00,1066.915760916265
2025-05-20 12:00:00,1066.915760916265
2025-05-20 16:00:00,1066.915760916265
2025-05-20 20:00:00,1066.915760916265
2025-05-21 00:00:00,1066.915760916265
2025-05-21 04:00:00,1066.915760916265
2025-05-21 08:00:00,1066.915760916265
2025-05-21 12:00:00,2026.3723804452804
2025-05-21 16:00:00,2023.1185868497535
2025-05-21 20:00:00,2032.277034999086
2025-05-22 00:00:00,2051.090945716161
2025-05-22 04:00:00,2044.6161993361013
2025-05-22 08:00:00,2044.0572892336988
2025-05-22 12:00:00,2046.776913391406
2025-05-22 16:00:00,2045.871281804557
2025-05-22 20:00:00,2050.34582029136
2025-05-23 00:00:00,2045.0965732363397
2025-05-23 04:00:00,2041.7104479010657
2025-05-23 08:00:00,2027.279244663105
2025-05-23 12:00:00,2026.0787501378586
2025-05-23 16:00:00,2024.1071568922519
2025-05-23 20:00:00,2011.8004811859525
2025-05-24 00:00:00,2021.0276044896448
2025-05-24 04:00:00,2014.1728555887958
2025-05-24 08:00:00,2028.4432885294991
2025-05-24 12:00:00,2025.9880637160763
2025-05-24 16:00:00,2026.2548402772422
2025-05-24 20:00:00,2015.7062485225467
2025-05-25 00:00:00,2018.645545129135
2025-05-25 04:00:00,2015.0010075143161
2025-05-25 08:00:00,1049.2359235252566
2025-05-25 12:00:00,1049.2359235252566
2025-05-25 16:00:00,1049.2359235252566
2025-05-25 20:00:00,1049.2359235252566
2025-05-26 00:00:00,1049.2359235252566
2025-05-26 04:00:00,1049.2359235252566
2025-05-26 08:00:00,1049.2359235252566
2025-05-26 12:00:00,1049.2359235252566
2025-05-26 16:00:00,1049.2359235252566
2025-05-26 20:00:00,1049.2359235252566
2025-05-27 00:00:00,1049.2359235252566
2025-05-27 04:00:00,1049.2359235252566
2025-05-27 08:00:00,1049.2359235252566
2025-05-27 12:00:00,1049.2359235252566
2025-05-27 16:00:00,1049.2359235252566
2025-05-27 20:00:00,1049.2359235252566
2025-05-28 00:00:00,1049.2359235252566
2025-05-28 04:00:00,1049.2359235252566
2025-05-28 08:00:00,1049.2359235252566
2025-05-28 12:00:00,1049.2359235252566
2025-05-28 16:00:00,1049.2359235252566
2025-05-28 20:00:00,1049.2359235252566
2025-05-29 00:00:00,1049.2359235252566
2025-05-29 04:00:00,1049.2359235252566
2025-05-29 08:00:00,1049.2359235252566
2025-05-29 12:00:00,1049.2359235252566
2025-05-29 16:00:00,1049.2359235252566
2025-05-29 20:00:00,1049.2359235252566
2025-05-30 00:00:00,1049.2359235252566
2025-05-30 04:00:00,1049.2359235252566
2025-05-30 08:00:00,1049.2359235252566
2025-05-30 12:00:00,1049.2359235252566
2025-05-30 16:00:00,1049.2359235252566
2025-05-30 20:00:00,1049.2359235252566
2025-05-31 00:00:00,1049.2359235252566
2025-05-31 04:00:00,1049.2359235252566
2025-05-31 08:00:00,1049.2359235252566
2025-05-31 12:00:00,1049.2359235252566
2025-05-31 16:00:00,1049.2359235252566
2025-05-31 20:00:00,1049.2359235252566
2025-06-01 00:00:00,1049.2359235252566
2025-06-01 04:00:00,1049.2359235252566
2025-06-01 08:00:00,1049.2359235252566
2025-06-01 12:00:00,1049.2359235252566
2025-06-01 16:00:00,1049.2359235252566
2025-06-01 20:00:00,1049.2359235252566
2025-06-02 00:00:00,1049.2359235252566
2025-06-02 04:00:00,1049.2359235252566
2025-06-02 08:00:00,1049.2359235252566
2025-06-02 12:00:00,1049.2359235252566
2025-06-02 16:00:00,1049.2359235252566
2025-06-02 20:00:00,1049.2359235252566
2025-06-03 00:00:00,1049.2359235252566
2025-06-03 04:00:00,1049.2359235252566
2025-06-03 08:00:00,1049.2359235252566
2025-06-03 12:00:00,1049.2359235252566
2025-06-03 16:00:00,1049.2359235252566
2025-06-03 20:00:00,1049.2359235252566
2025-06-04 00:00:00,1049.2359235252566
2025-06-04 04:00:00,1049.2359235252566
2025-06-04 08:00:00,1049.2359235252566
2025-06-04 12:00:00,1049.2359235252566
2025-06-04 16:00:00,1049.2359235252566
2025-06-04 20:00:00,1049.2359235252566
2025-06-05 00:00:00,1049.2359235252566
2025-06-05 04:00:00,1049.2359235252566
2025-06-05 08:00:00,1049.2359235252566
2025-06-05 12:00:00,1049.2359235252566
2025-06-05 16:00:00,1049.2359235252566
2025-06-05 20:00:00,1049.2359235252566
2025-06-06 00:00:00,1049.2359235252566
2025-06-06 04:00:00,1049.2359235252566
2025-06-06 08:00:00,1049.2359235252566
2025-06-06 12:00:00,1049.2359235252566
2025-06-06 16:00:00,1049.2359235252566
2025-06-06 20:00:00,1049.2359235252566
2025-06-07 00:00:00,1049.2359235252566
2025-06-07 04:00:00,1049.2359235252566
2025-06-07 08:00:00,1049.2359235252566
2025-06-07 12:00:00,1049.2359235252566
2025-06-07 16:00:00,1049.2359235252566
2025-06-07 20:00:00,1049.2359235252566
2025-06-08 00:00:00,1049.2359235252566
2025-06-08 04:00:00,1049.2359235252566
2025-06-08 08:00:00,1049.2359235252566
2025-06-08 12:00:00,1049.2359235252566
2025-06-08 16:00:00,1049.2359235252566
2025-06-08 20:00:00,1049.2359235252566
2025-06-09 00:00:00,1049.2359235252566
2025-06-09 04:00:00,1049.2359235252566
2025-06-09 08:00:00,1992.7934087098402
2025-06-09 12:00:00,1991.7137734942212
2025-06-09 16:00:00,1999.846587643604
2025-06-09 20:00:00,2014.717183642674
2025-06-10 00:00:00,2008.631648566802
2025-06-10 04:00:00,2005.4542112022946
2025-06-10 08:00:00,2008.3975086992782
2025-06-10 12:00:00,2003.7929914690653
2025-06-10 16:00:00,2008.266341338938
2025-06-10 20:00:00,2014.8167412452822
2025-06-11 00:00:00,2009.9882412996149
2025-06-11 04:00:00,2007.5697008056484
2025-06-11 08:00:00,2005.865313176125
2025-06-11 12:00:00,2010.0998824107185
2025-06-11 16:00:00,2001.4021204583212
2025-06-11 20:00:00,2000.5505833559778
2025-06-12 00:00:00,1993.676380446604
2025-06-12 04:00:00,1991.6929338201485
2025-06-12 08:00:00,1040.2171769343558
2025-06-12 12:00:00,1040.2171769343558
2025-06-12 16:00:00,1040.2171769343558
2025-06-12 20:00:00,1040.2171769343558
2025-06-13 00:00:00,1040.2171769343558
2025-06-13 04:00:00,1040.2171769343558
2025-06-13 08:00:00,1040.2171769343558
2025-06-13 12:00:00,1040.2171769343558
2025-06-13 16:00:00,1040.2171769343558
2025-06-13 20:00:00,1040.2171769343558
2025-06-14 00:00:00,1040.2171769343558
2025-06-14 04:00:00,1040.2171769343558
2025-06-14 08:00:00,1040.2171769343558
2025-06-14 12:00:00,1040.2171769343558
2025-06-14 16:00:00,1040.2171769343558
2025-06-14 20:00:00,1040.2171769343558
2025-06-15 00:00:00,1040.2171769343558
2025-06-15 04:00:00,1040.2171769343558
2025-06-15 08:00:00,1040.2171769343558
2025-06-15 12:00:00,1040.2171769343558
2025-06-15 16:00:00,1040.2171769343558
2025-06-15 20:00:00,1040.2171769343558
2025-06-16 00:00:00,1040.2171769343558
2025-06-16 04:00:00,1040.2171769343558
2025-06-16 08:00:00,1040.2171769343558
2025-06-16 12:00:00,1040.2171769343558
2025-06-16 16:00:00,1040.2171769343558
2025-06-16 20:00:00,1040.2171769343558
2025-06-17 00:00:00,1040.2171769343558
2025-06-17 04:00:00,1040.2171769343558
2025-06-17 08:00:00,1040.2171769343558
2025-06-17 12:00:00,1040.2171769343558
2025-06-17 16:00:00,1040.2171769343558
2025-06-17 20:00:00,1040.2171769343558
2025-06-18 00:00:00,1040.2171769343558
2025-06-18 04:00:00,1040.2171769343558
2025-06-18 08:00:00,1040.2171769343558
2025-06-18 12:00:00,1040.2171769343558
2025-06-18 16:00:00,1040.2171769343558
2025-06-18 20:00:00,1040.2171769343558
2025-06-19 00:00:00,1040.2171769343558
2025-06-19 04:00:00,1000.0
2025-06-27 12:00:00,1000.0
2025-06-27 16:00:00,1000.0
2025-06-27 20:00:00,1000.0
2025-06-28 00:00:00,1000.0
2025-06-28 04:00:00,1000.0
2025-06-28 08:00:00,1000.0
2025-06-28 12:00:00,1000.0
2025-06-28 16:00:00,1000.0
2025-06-28 20:00:00,1000.0
2025-06-29 00:00:00,1000.0
2025-06-29 04:00:00,1000.0
2025-06-29 08:00:00,1899.2805755395684
2025-06-29 12:00:00,1893.258766724177
2025-06-29 16:00:00,1890.4077359146927
2025-06-29 20:00:00,1898.2842774305172
2025-06-30 00:00:00,1899.5013395489214
2025-06-30 04:00:00,1892.1260144058149
2025-06-30 08:00:00,1892.4586111784488
2025-06-30 12:00:00,1891.8473029527754
2025-06-30 16:00:00,1893.2193889906275
2025-06-30 20:00:00,1888.2497532156817
2025-07-01 00:00:00,1888.6301006715253
2025-07-01 04:00:00,1888.5190969131613
2025-07-01 08:00:00,1883.7673236303597
2025-07-01 12:00:00,977.4354183075485
2025-07-01 16:00:00,977.4354183075485
2025-07-01 20:00:00,977.4354183075485
2025-07-02 00:00:00,977.4354183075485
2025-07-02 04:00:00,977.4354183075485
2025-07-02 08:00:00,977.4354183075485
2025-07-02 12:00:00,977.4354183075485
2025-07-02 16:00:00,1856.4241038359196
2025-07-02 20:00:00,1849.7998799332859
2025-07-03 00:00:00,1848.0255714548043
2025-07-03 04:00:00,1853.249278592387
2025-07-03 08:00:00,1855.8073955951718
2025-07-03 12:00:00,1852.0298071705263
2025-07-03 16:00:00,1857.4440967897854
2025-07-03 20:00:00,1855.6919080610694
2025-07-04 00:00:00,1852.8931987075732
2025-07-04 04:00:00,1848.6009253807729
2025-07-04 08:00:00,1850.1076329735029
2025-07-04 12:00:00,1839.5710184030868
2025-07-04 16:00:00,957.7064823715313
2025-07-04 20:00:00,957.7064823715313
2025-07-05 00:00:00,957.7064823715313
2025-07-05 04:00:00,957.7064823715313
2025-07-05 08:00:00,957.7064823715313
2025-07-05 12:00:00,957.7064823715313
2025-07-05 16:00:00,957.7064823715313
2025-07-05 20:00:00,957.7064823715313
2025-07-06 00:00:00,957.7064823715313
2025-07-06 04:00:00,957.7064823715313
2025-07-06 08:00:00,957.7064823715313
2025-07-06 12:00:00,957.7064823715313
2025-07-06 16:00:00,957.7064823715313
2025-07-06 20:00:00,957.7064823715313
2025-07-07 00:00:00,957.7064823715313
2025-07-07 04:00:00,957.7064823715313
2025-07-07 08:00:00,957.7064823715313
2025-07-07 12:00:00,957.7064823715313
2025-07-07 16:00:00,957.7064823715313
2025-07-07 20:00:00,957.7064823715313
2025-07-08 00:00:00,957.7064823715313
2025-07-08 04:00:00,957.7064823715313
2025-07-08 08:00:00,957.7064823715313
2025-07-08 12:00:00,957.7064823715313
2025-07-08 16:00:00,957.7064823715313
2025-07-08 20:00:00,957.7064823715313
2025-07-09 00:00:00,957.7064823715313
2025-07-09 04:00:00,957.7064823715313
2025-07-09 08:00:00,957.7064823715313
2025-07-09 12:00:00,957.7064823715313
2025-07-09 16:00:00,1818.9533190365773
2025-07-09 20:00:00,1814.9764780505593
2025-07-10 00:00:00,1813.7473805515765
2025-07-10 04:00:00,1814.9457274923643
2025-07-10 08:00:00,1813.3271999919793
2025-07-10 12:00:00,1816.320639668302
2025-07-10 16:00:00,1830.9129741023958
2025-07-10 20:00:00,1851.7847420718624
2025-07-11 00:00:00,1858.5028527431905
2025-07-11 04:00:00,1863.4751948826051
2025-07-11 08:00:00,1865.7489636004689
2025-07-11 12:00:00,1858.6638500265726
2025-07-11 16:00:00,1867.9600751659204
2025-07-11 20:00:00,1863.4812062699214
2025-07-12 00:00:00,1865.382962595787
2025-07-12 04:00:00,1865.0559585395927
2025-07-12 08:00:00,1865.6571743402928
2025-07-12 12:00:00,1860.1853475701469
2025-07-12 16:00:00,1863.6607771987292
2025-07-12 20:00:00,1862.6514806821328
2025-07-13 00:00:00,1865.2225047958818
2025-07-13 04:00:00,1867.1137797284778
2025-07-13 08:00:00,1867.6764609950992
2025-07-13 12:00:00,1872.3023776731434
2025-07-13 16:00:00,1874.5284406378178
2025-07-13 20:00:00,1875.4961198576088
2025-07-14 00:00:00,1888.3173300363646
2025-07-14 04:00:00,1903.6217055911695
2025-07-14 08:00:00,1893.8431822232894
2025-07-14 12:00:00,1881.5968302239235
2025-07-14 16:00:00,1882.068338782914
2025-07-14 20:00:00,1881.3112893263983
2025-07-15 00:00:00,997.9007082665395
2025-07-15 04:00:00,997.9007082665395
2025-07-15 08:00:00,997.9007082665395
2025-07-15 12:00:00,997.9007082665395
2025-07-15 16:00:00,997.9007082665395
2025-07-15 20:00:00,997.9007082665395
2025-07-16 00:00:00,997.9007082665395
2025-07-16 04:00:00,997.9007082665395
2025-07-16 08:00:00,997.9007082665395
2025-07-16 12:00:00,997.9007082665395
2025-07-16 16:00:00,997.9007082665395
2025-07-16 20:00:00,997.9007082665395
2025-07-17 00:00:00,997.9007082665395
2025-07-17 04:00:00,997.9007082665395
2025-07-17 08:00:00,997.9007082665395
2025-07-17 12:00:00,997.9007082665395
2025-07-17 16:00:00,997.9007082665395
2025-07-17 20:00:00,997.9007082665395
2025-07-18 00:00:00,997.9007082665395
2025-07-18 04:00:00,997.9007082665395
2025-07-18 08:00:00,997.9007082665395
2025-07-18 12:00:00,997.9007082665395
2025-07-18 16:00:00,997.9007082665395
2025-07-18 20:00:00,997.9007082665395
2025-07-19 00:00:00,997.9007082665395
2025-07-19 04:00:00,997.9007082665395
2025-07-19 08:00:00,997.9007082665395
2025-07-19 12:00:00,997.9007082665395
2025-07-19 16:00:00,997.9007082665395
2025-07-19 20:00:00,997.9007082665395
2025-07-20 00:00:00,997.9007082665395
2025-07-20 04:00:00,997.9007082665395
2025-07-20 08:00:00,997.9007082665395
2025-07-20 12:00:00,997.9007082665395
2025-07-20 16:00:00,997.9007082665395
2025-07-20 20:00:00,997.9007082665395
2025-07-21 00:00:00,997.9007082665395
2025-07-21 04:00:00,997.9007082665395
2025-07-21 08:00:00,997.9007082665395
2025-07-21 12:00:00,997.9007082665395
2025-07-21 16:00:00,997.9007082665395
2025-07-21 20:00:00,997.9007082665395
2025-07-22 00:00:00,997.9007082665395
2025-07-22 04:00:00,997.9007082665395
2025-07-22 08:00:00,997.9007082665395
2025-07-22 12:00:00,997.9007082665395
2025-07-22 16:00:00,997.9007082665395
2025-07-22 20:00:00,997.9007082665395
2025-07-23 00:00:00,997.9007082665395
2025-07-23 04:00:00,997.9007082665395
2025-07-23 08:00:00,997.9007082665395
2025-07-23 12:00:00,997.9007082665395
2025-07-23 16:00:00,997.9007082665395
2025-07-23 20:00:00,997.9007082665395
2025-07-24 00:00:00,997.9007082665395
2025-07-24 04:00:00,997.9007082665395
2025-07-24 08:00:00,997.9007082665395
2025-07-24 12:00:00,997.9007082665395
2025-07-24 16:00:00,997.9007082665395
2025-07-24 20:00:00,997.9007082665395
2025-07-25 00:00:00,997.9007082665395
2025-07-25 04:00:00,997.9007082665395
2025-07-25 08:00:00,997.9007082665395
2025-07-25 12:00:00,997.9007082665395
2025-07-25 16:00:00,997.9007082665395
2025-07-25 20:00:00,997.9007082665395
2025-07-26 00:00:00,997.9007082665395
2025-07-26 04:00:00,997.9007082665395
2025-07-26 08:00:00,997.9007082665395
2025-07-26 12:00:00,997.9007082665395
2025-07-26 16:00:00,997.9007082665395
2025-07-26 20:00:00,997.9007082665395
2025-07-27 00:00:00,997.9007082665395
2025-07-27 04:00:00,997.9007082665395
2025-07-27 08:00:00,997.9007082665395
2025-07-27 12:00:00,997.9007082665395
2025-07-27 16:00:00,997.9007082665395
2025-07-27 20:00:00,997.9007082665395
2025-07-28 00:00:00,997.9007082665395
2025-07-28 04:00:00,997.9007082665395
2025-07-28 08:00:00,997.9007082665395
2025-07-28 12:00:00,997.9007082665395
2025-07-28 16:00:00,997.9007082665395
2025-07-28 20:00:00,997.9007082665395
2025-07-29 00:00:00,997.9007082665395
2025-07-29 04:00:00,997.9007082665395
2025-07-29 08:00:00,997.9007082665395
2025-07-29 12:00:00,997.9007082665395
2025-07-29 16:00:00,997.9007082665395
2025-07-29 20:00:00,997.9007082665395
2025-07-30 00:00:00,997.9007082665395
2025-07-30 04:00:00,997.9007082665395
2025-07-30 08:00:00,997.9007082665395
2025-07-30 12:00:00,997.9007082665395
2025-07-30 16:00:00,997.9007082665395
2025-07-30 20:00:00,997.9007082665395
2025-07-31 00:00:00,997.9007082665395
2025-07-31 04:00:00,997.9007082665395
2025-07-31 08:00:00,997.9007082665395
2025-07-31 12:00:00,997.9007082665395
2025-07-31 16:00:00,997.9007082665395
2025-07-31 20:00:00,997.9007082665395
2025-08-01 00:00:00,997.9007082665395
2025-08-01 04:00:00,997.9007082665395
2025-08-01 08:00:00,997.9007082665395
2025-08-01 12:00:00,997.9007082665395
2025-08-01 16:00:00,997.9007082665395
2025-08-01 20:00:00,997.9007082665395
2025-08-02 00:00:00,997.9007082665395
2025-08-02 04:00:00,997.9007082665395
2025-08-02 08:00:00,997.9007082665395
2025-08-02 12:00:00,997.9007082665395
2025-08-02 16:00:00,997.9007082665395
2025-08-02 20:00:00,997.9007082665395
2025-08-03 00:00:00,997.9007082665395
2025-08-03 04:00:00,997.9007082665395
2025-08-03 08:00:00,997.9007082665395
2025-08-03 12:00:00,997.9007082665395
2025-08-03 16:00:00,997.9007082665395
2025-08-03 20:00:00,997.9007082665395
2025-08-04 00:00:00,997.9007082665395
2025-08-04 04:00:00,997.9007082665395
2025-08-04 08:00:00,997.9007082665395
2025-08-04 12:00:00,997.9007082665395
2025-08-04 16:00:00,997.9007082665395
2025-08-04 20:00:00,997.9007082665395
2025-08-05 00:00:00,997.9007082665395
2025-08-05 04:00:00,997.9007082665395
2025-08-05 08:00:00,997.9007082665395
2025-08-05 12:00:00,997.9007082665395
2025-08-05 16:00:00,997.9007082665395
2025-08-05 20:00:00,997.9007082665395
2025-08-06 00:00:00,997.9007082665395
2025-08-06 04:00:00,997.9007082665395
2025-08-06 08:00:00,997.9007082665395
2025-08-06 12:00:00,997.9007082665395
2025-08-06 16:00:00,997.9007082665395
2025-08-06 20:00:00,997.9007082665395
2025-08-07 00:00:00,997.9007082665395
2025-08-07 04:00:00,997.9007082665395
2025-08-07 08:00:00,1895.293431527816
2025-08-07 12:00:00,1896.6048686140875
2025-08-07 16:00:00,1902.5518522581228
2025-08-07 20:00:00,1902.6290998149425
2025-08-08 00:00:00,1896.9710050897827
2025-08-08 04:00:00,1897.5859048840505
2025-08-08 08:00:00,1898.1582915662898
2025-08-08 12:00:00,1892.891748764233
2025-08-08 16:00:00,1894.7841983815613
2025-08-08 20:00:00,1896.4888047375894
2025-08-09 00:00:00,1894.2497038209126
2025-08-09 04:00:00,1897.1147178924007
2025-08-09 08:00:00,1899.841025234245
2025-08-09 12:00:00,1898.1656851509902
2025-08-09 16:00:00,1895.4178902036097
2025-08-09 20:00:00,1894.8522809740127
2025-08-10 00:00:00,1910.546319748677
2025-08-10 04:00:00,1905.2190879388695
2025-08-10 08:00:00,1909.241506082033
2025-08-10 12:00:00,1912.972339728566
2025-08-10 16:00:00,1911.802304949694
2025-08-10 20:00:00,1916.661507444651
2025-08-11 00:00:00,1935.4148729387168
2025-08-11 04:00:00,1933.9373882627106
2025-08-11 08:00:00,1926.4235807942034
2025-08-11 12:00:00,1924.520194832839
2025-08-11 16:00:00,1915.0849025237524
2025-08-11 20:00:00,1008.8278084537054
2025-08-12 00:00:00,1008.8278084537054
2025-08-12 04:00:00,1008.8278084537054
2025-08-12 08:00:00,1008.8278084537054
2025-08-12 12:00:00,1008.8278084537054
2025-08-12 16:00:00,1008.8278084537054
2025-08-12 20:00:00,1008.8278084537054
2025-08-13 00:00:00,1008.8278084537054
2025-08-13 04:00:00,1008.8278084537054
2025-08-13 08:00:00,1008.8278084537054
2025-08-13 12:00:00,1008.8278084537054
2025-08-13 16:00:00,1916.0470606602753
2025-08-13 20:00:00,1920.202505613447
2025-08-14 00:00:00,1920.429487425748
2025-08-14 04:00:00,1908.5162313358346
2025-08-14 08:00:00,1902.7833699586545
2025-08-14 12:00:00,974.2390532909299
2025-08-14 16:00:00,974.2390532909299
2025-08-14 20:00:00,974.2390532909299
2025-08-15 00:00:00,974.2390532909299
2025-08-15 04:00:00,974.2390532909299
2025-08-15 08:00:00,974.2390532909299
2025-08-15 12:00:00,974.2390532909299
2025-08-15 16:00:00,974.2390532909299
2025-08-15 20:00:00,974.2390532909299
2025-08-16 00:00:00,974.2390532909299
2025-08-16 04:00:00,974.2390532909299
2025-08-16 08:00:00,974.2390532909299
2025-08-16 12:00:00,974.2390532909299
2025-08-16 16:00:00,974.2390532909299
2025-08-16 20:00:00,974.2390532909299
2025-08-17 00:00:00,974.2390532909299
2025-08-17 04:00:00,974.2390532909299
2025-08-17 08:00:00,974.2390532909299
2025-08-17 12:00:00,974.2390532909299
2025-08-17 16:00:00,974.2390532909299
2025-08-17 20:00:00,974.2390532909299
2025-08-18 00:00:00,974.2390532909299
2025-08-18 04:00:00,974.2390532909299
2025-08-18 08:00:00,974.2390532909299
2025-08-18 12:00:00,974.2390532909299
2025-08-18 16:00:00,974.2390532909299
2025-08-18 20:00:00,974.2390532909299
2025-08-19 00:00:00,974.2390532909299
2025-08-19 04:00:00,974.2390532909299
2025-08-19 08:00:00,974.2390532909299
2025-08-19 12:00:00,974.2390532909299
2025-08-19 16:00:00,974.2390532909299
2025-08-19 20:00:00,974.2390532909299
2025-08-20 00:00:00,974.2390532909299
2025-08-20 04:00:00,974.2390532909299
2025-08-20 08:00:00,974.2390532909299
2025-08-20 12:00:00,974.2390532909299
2025-08-20 16:00:00,974.2390532909299
2025-08-20 20:00:00,974.2390532909299
2025-08-21 00:00:00,974.2390532909299
2025-08-21 04:00:00,974.2390532909299
2025-08-21 08:00:00,974.2390532909299
2025-08-21 12:00:00,974.2390532909299
2025-08-21 16:00:00,974.2390532909299
2025-08-21 20:00:00,974.2390532909299
2025-08-22 00:00:00,974.2390532909299
2025-08-22 04:00:00,974.2390532909299
2025-08-22 08:00:00,974.2390532909299
2025-08-22 12:00:00,974.2390532909299
2025-08-22 16:00:00,974.2390532909299
2025-08-22 20:00:00,974.2390532909299
2025-08-23 00:00:00,974.2390532909299
2025-08-23 04:00:00,974.2390532909299
2025-08-23 08:00:00,974.2390532909299
2025-08-23 12:00:00,974.2390532909299
2025-08-23 16:00:00,974.2390532909299
2025-08-23 20:00:00,974.2390532909299
2025-08-24 00:00:00,974.2390532909299
2025-08-24 04:00:00,974.2390532909299
2025-08-24 08:00:00,974.2390532909299
2025-08-24 12:00:00,974.2390532909299
2025-08-24 16:00:00,974.2390532909299
2025-08-24 20:00:00,974.2390532909299
2025-08-25 00:00:00,974.2390532909299
2025-08-25 04:00:00,974.2390532909299
2025-08-25 08:00:00,974.2390532909299
2025-08-25 12:00:00,974.2390532909299
2025-08-25 16:00:00,974.2390532909299
2025-08-25 20:00:00,974.2390532909299
2025-08-26 00:00:00,974.2390532909299
2025-08-26 04:00:00,974.2390532909299
2025-08-26 08:00:00,974.2390532909299
2025-08-26 12:00:00,974.2390532909299
2025-08-26 16:00:00,974.2390532909299
2025-08-26 20:00:00,974.2390532909299
2025-08-27 00:00:00,974.2390532909299
2025-08-27 04:00:00,974.2390532909299
2025-08-27 08:00:00,974.2390532909299
2025-08-27 12:00:00,974.2390532909299
2025-08-27 16:00:00,974.2390532909299
2025-08-27 20:00:00,974.2390532909299
2025-08-28 00:00:00,974.2390532909299
2025-08-28 04:00:00,974.2390532909299
2025-08-28 08:00:00,974.2390532909299
2025-08-28 12:00:00,974.2390532909299
2025-08-28 16:00:00,974.2390532909299
2025-08-28 20:00:00,974.2390532909299
2025-08-29 00:00:00,974.2390532909299
2025-08-29 04:00:00,974.2390532909299
2025-08-29 08:00:00,974.2390532909299
2025-08-29 12:00:00,974.2390532909299
2025-08-29 16:00:00,974.2390532909299
2025-08-29 20:00:00,974.2390532909299
2025-08-30 00:00:00,974.2390532909299
2025-08-30 04:00:00,974.2390532909299
2025-08-30 08:00:00,974.2390532909299
2025-08-30 12:00:00,974.2390532909299
2025-08-30 16:00:00,974.2390532909299
2025-08-30 20:00:00,974.2390532909299
2025-08-31 00:00:00,974.2390532909299
2025-08-31 04:00:00,974.2390532909299
2025-08-31 08:00:00,974.2390532909299
2025-08-31 12:00:00,974.2390532909299
2025-08-31 16:00:00,974.2390532909299
2025-08-31 20:00:00,974.2390532909299
2025-09-01 00:00:00,974.2390532909299
2025-09-01 04:00:00,974.2390532909299
2025-09-01 08:00:00,974.2390532909299
2025-09-01 12:00:00,974.2390532909299
2025-09-01 16:00:00,974.2390532909299
2025-09-01 20:00:00,974.2390532909299
2025-09-02 00:00:00,974.2390532909299
2025-09-02 04:00:00,974.2390532909299
2025-09-02 08:00:00,974.2390532909299
2025-09-02 12:00:00,974.2390532909299
2025-09-02 16:00:00,974.2390532909299
2025-09-02 20:00:00,974.2390532909299
2025-09-03 00:00:00,974.2390532909299
2025-09-03 04:00:00,974.2390532909299
2025-09-03 08:00:00,974.2390532909299
2025-09-03 12:00:00,974.2390532909299
2025-09-03 16:00:00,974.2390532909299
2025-09-03 20:00:00,974.2390532909299
2025-09-04 00:00:00,974.2390532909299
2025-09-04 04:00:00,974.2390532909299
2025-09-04 08:00:00,974.2390532909299
2025-09-04 12:00:00,974.2390532909299
2025-09-04 16:00:00,974.2390532909299
2025-09-04 20:00:00,974.2390532909299
2025-09-05 00:00:00,974.2390532909299
2025-09-05 04:00:00,974.2390532909299
2025-09-05 08:00:00,974.2390532909299
2025-09-05 12:00:00,974.2390532909299
2025-09-05 16:00:00,974.2390532909299
2025-09-05 20:00:00,974.2390532909299
2025-09-06 00:00:00,974.2390532909299
2025-09-06 04:00:00,974.2390532909299
2025-09-06 08:00:00,974.2390532909299
2025-09-06 12:00:00,974.2390532909299
2025-09-06 16:00:00,974.2390532909299
2025-09-06 20:00:00,974.2390532909299
2025-09-07 00:00:00,974.2390532909299
2025-09-07 04:00:00,974.2390532909299
2025-09-07 08:00:00,974.2390532909299
2025-09-07 12:00:00,974.2390532909299
2025-09-07 16:00:00,974.2390532909299
2025-09-07 20:00:00,974.2390532909299
2025-09-08 00:00:00,974.2390532909299
2025-09-08 04:00:00,974.2390532909299
2025-09-08 08:00:00,974.2390532909299
2025-09-08 12:00:00,974.2390532909299
2025-09-08 16:00:00,974.2390532909299
2025-09-08 20:00:00,974.2390532909299
2025-09-09 00:00:00,974.2390532909299
2025-09-09 04:00:00,974.2390532909299
2025-09-09 08:00:00,974.2390532909299
2025-09-09 12:00:00,974.2390532909299
2025-09-09 16:00:00,974.2390532909299
2025-09-09 20:00:00,974.2390532909299
2025-09-10 00:00:00,974.2390532909299
2025-09-10 04:00:00,974.2390532909299
2025-09-10 08:00:00,974.2390532909299
2025-09-10 12:00:00,974.2390532909299
2025-09-10 16:00:00,974.2390532909299
2025-09-10 20:00:00,974.2390532909299
2025-09-11 00:00:00,974.2390532909299
2025-09-11 04:00:00,974.2390532909299
2025-09-11 08:00:00,974.2390532909299
2025-09-11 12:00:00,974.2390532909299
2025-09-11 16:00:00,974.2390532909299
2025-09-11 20:00:00,974.2390532909299
2025-09-12 00:00:00,974.2390532909299
2025-09-12 04:00:00,974.2390532909299
2025-09-12 08:00:00,974.2390532909299
2025-09-12 12:00:00,974.2390532909299
2025-09-12 16:00:00,974.2390532909299
2025-09-12 20:00:00,974.2390532909299
2025-09-13 00:00:00,974.2390532909299
2025-09-13 04:00:00,974.2390532909299
2025-09-13 08:00:00,974.2390532909299
2025-09-13 12:00:00,974.2390532909299
2025-09-13 16:00:00,974.2390532909299
2025-09-13 20:00:00,974.2390532909299
2025-09-14 00:00:00,974.2390532909299
2025-09-14 04:00:00,974.2390532909299
2025-09-14 08:00:00,974.2390532909299
2025-09-14 12:00:00,974.2390532909299
2025-09-14 16:00:00,974.2390532909299
2025-09-14 20:00:00,974.2390532909299
2025-09-15 00:00:00,974.2390532909299
2025-09-15 04:00:00,974.2390532909299
2025-09-15 08:00:00,974.2390532909299
2025-09-15 12:00:00,974.2390532909299
2025-09-15 16:00:00,974.2390532909299
2025-09-15 20:00:00,974.2390532909299
2025-09-16 00:00:00,974.2390532909299
2025-09-16 04:00:00,974.2390532909299
2025-09-16 08:00:00,974.2390532909299
2025-09-16 12:00:00,974.2390532909299
2025-09-16 16:00:00,1850.3533098475216
2025-09-16 20:00:00,1850.2695990165466
2025-09-17 00:00:00,1847.1422943884045
2025-09-17 04:00:00,1000.0
2025-09-25 12:00:00,1000.0
2025-09-25 16:00:00,1000.0
2025-09-25 20:00:00,1000.0
2025-09-26 00:00:00,1000.0
2025-09-26 04:00:00,1000.0
2025-09-26 08:00:00,1000.0
2025-09-26 12:00:00,1000.0
2025-09-26 16:00:00,1000.0
2025-09-26 20:00:00,1000.0
2025-09-27 00:00:00,1000.0
2025-09-27 04:00:00,1000.0
2025-09-27 08:00:00,1000.0
2025-09-27 12:00:00,1000.0
2025-09-27 16:00:00,1000.0
2025-09-27 20:00:00,1000.0
2025-09-28 00:00:00,1000.0
2025-09-28 04:00:00,1000.0
2025-09-28 08:00:00,1000.0
2025-09-28 12:00:00,1000.0
2025-09-28 16:00:00,1000.0
2025-09-28 20:00:00,1000.0
2025-09-29 00:00:00,1000.0
2025-09-29 04:00:00,1000.0
2025-09-29 08:00:00,1000.0
2025-09-29 12:00:00,1000.0
2025-09-29 16:00:00,1000.0
2025-09-29 20:00:00,1000.0
2025-09-30 00:00:00,1000.0
2025-09-30 04:00:00,1000.0
2025-09-30 08:00:00,1000.0
2025-09-30 12:00:00,1000.0
2025-09-30 16:00:00,1000.0
2025-09-30 20:00:00,1000.0
2025-10-01 00:00:00,1000.0
2025-10-01 04:00:00,1000.0
2025-10-01 08:00:00,1000.0
2025-10-01 12:00:00,1000.0
2025-10-01 16:00:00,1000.0
2025-10-01 20:00:00,1000.0
2025-10-02 00:00:00,1899.2805755395684
2025-10-02 04:00:00,1897.4307994563758
2025-10-02 08:00:00,1899.5209714486728
2025-10-02 12:00:00,1908.193477299959
2025-10-02 16:00:00,1915.2047216924261
2025-10-02 20:00:00,1912.8784709198276
2025-10-03 00:00:00,1910.5800921366902
2025-10-03 04:00:00,1906.1442044226328
2025-10-03 08:00:00,1911.4026945213095
2025-10-03 12:00:00,1925.9714894475064
2025-10-03 16:00:00,1929.0233208153222
2025-10-03 20:00:00,1925.7741890873249
2025-10-04 00:00:00,1925.8650002703796
2025-10-04 04:00:00,1926.4715947366733
2025-10-04 08:00:00,1923.8145155674245
2025-10-04 12:00:00,1922.4364426102247
2025-10-04 16:00:00,1923.7084050858066
2025-10-04 20:00:00,1926.9784408059
2025-10-05 00:00:00,1937.4699726650492
2025-10-05 04:00:00,1944.569831806619
2025-10-05 08:00:00,1935.1100937312526
2025-10-05 12:00:00,1930.1001793646744
2025-10-05 16:00:00,1928.4992062308856
2025-10-05 20:00:00,1935.2439247241282
2025-10-06 00:00:00,1937.946144398048
2025-10-06 04:00:00,1934.5483368132232
2025-10-06 08:00:00,1940.793252973706
2025-10-06 12:00:00,1946.7387724647851
2025-10-06 16:00:00,1949.850210505715
2025-10-06 20:00:00,1944.1525850948183
2025-10-07 00:00:00,1941.662283427727
2025-10-07 04:00:00,1936.6502483662985
2025-10-07 08:00:00,1942.5987216823473
2025-10-07 12:00:00,1019.1897429591866
2025-10-07 16:00:00,1019.1897429591866
2025-10-07 20:00:00,1019.1897429591866
2025-10-08 00:00:00,1019.1897429591866
2025-10-08 04:00:00,1019.1897429591866
2025-10-08 08:00:00,1019.1897429591866
2025-10-08 12:00:00,1019.1897429591866
2025-10-08 16:00:00,1019.1897429591866
2025-10-08 20:00:00,1019.1897429591866
2025-10-09 00:00:00,1019.1897429591866
2025-10-09 04:00:00,1019.1897429591866
2025-10-09 08:00:00,1019.1897429591866
2025-10-09 12:00:00,1019.1897429591866
2025-10-09 16:00:00,1019.1897429591866
2025-10-09 20:00:00,1019.1897429591866
2025-10-10 00:00:00,1019.1897429591866
2025-10-10 04:00:00,1019.1897429591866
2025-10-10 08:00:00,1019.1897429591866
2025-10-10 12:00:00,1019.1897429591866
2025-10-10 16:00:00,1019.1897429591866
2025-10-10 20:00:00,1019.1897429591866
2025-10-11 00:00:00,1019.1897429591866
2025-10-11 04:00:00,1019.1897429591866
2025-10-11 08:00:00,1019.1897429591866
2025-10-11 12:00:00,1019.1897429591866
2025-10-11 16:00:00,1019.1897429591866
2025-10-11 20:00:00,1019.1897429591866
2025-10-12 00:00:00,1019.1897429591866
2025-10-12 04:00:00,1019.1897429591866
2025-10-12 08:00:00,1019.1897429591866
2025-10-12 12:00:00,1019.1897429591866
2025-10-12 16:00:00,1019.1897429591866
2025-10-12 20:00:00,1019.1897429591866
2025-10-13 00:00:00,1019.1897429591866
2025-10-13 04:00:00,1019.1897429591866
2025-10-13 08:00:00,1019.1897429591866
2025-10-13 12:00:00,1019.1897429591866
2025-10-13 16:00:00,1019.1897429591866
2025-10-13 20:00:00,1019.1897429591866
2025-10-14 00:00:00,1019.1897429591866
2025-10-14 04:00:00,1019.1897429591866
2025-10-14 08:00:00,1019.1897429591866
2025-10-14 12:00:00,1019.1897429591866
2025-10-14 16:00:00,1019.1897429591866
2025-10-14 20:00:00,1019.1897429591866
2025-10-15 00:00:00,1019.1897429591866
2025-10-15 04:00:00,1019.1897429591866
2025-10-15 08:00:00,1019.1897429591866
2025-10-15 12:00:00,1019.1897429591866
2025-10-15 16:00:00,1019.1897429591866
2025-10-15 20:00:00,1019.1897429591866
2025-10-16 00:00:00,1019.1897429591866
2025-10-16 04:00:00,1019.1897429591866
2025-10-16 08:00:00,1019.1897429591866
2025-10-16 12:00:00,1019.1897429591866
2025-10-16 16:00:00,1019.1897429591866
2025-10-16 20:00:00,1019.1897429591866
2025-10-17 00:00:00,1019.1897429591866
2025-10-17 04:00:00,1019.1897429591866
2025-10-17 08:00:00,1019.1897429591866
2025-10-17 12:00:00,1019.1897429591866
2025-10-17 16:00:00,1019.1897429591866
2025-10-17 20:00:00,1019.1897429591866
2025-10-18 00:00:00,1019.1897429591866
2025-10-18 04:00:00,1019.1897429591866
2025-10-18 08:00:00,1019.1897429591866
2025-10-18 12:00:00,1019.1897429591866
2025-10-18 16:00:00,1019.1897429591866
2025-10-18 20:00:00,1019.1897429591866
2025-10-19 00:00:00,1019.1897429591866
2025-10-19 04:00:00,1019.1897429591866
2025-10-19 08:00:00,1019.1897429591866
2025-10-19 12:00:00,1019.1897429591866
2025-10-19 16:00:00,1019.1897429591866
2025-10-19 20:00:00,1019.1897429591866
2025-10-20 00:00:00,1019.1897429591866
2025-10-20 04:00:00,1019.1897429591866
2025-10-20 08:00:00,1019.1897429591866
2025-10-20 12:00:00,1019.1897429591866
2025-10-20 16:00:00,1019.1897429591866
2025-10-20 20:00:00,1019.1897429591866
2025-10-21 00:00:00,1019.1897429591866
2025-10-21 04:00:00,1019.1897429591866
2025-10-21 08:00:00,1019.1897429591866
2025-10-21 12:00:00,1019.1897429591866
2025-10-21 16:00:00,1019.1897429591866
2025-10-21 20:00:00,1019.1897429591866
2025-10-22 00:00:00,1019.1897429591866
2025-10-22 04:00:00,1019.1897429591866
2025-10-22 08:00:00,1019.1897429591866
2025-10-22 12:00:00,1019.1897429591866
2025-10-22 16:00:00,1019.1897429591866
2025-10-22 20:00:00,1019.1897429591866
2025-10-23 00:00:00,1019.1897429591866
2025-10-23 04:00:00,1019.1897429591866
2025-10-23 08:00:00,1019.1897429591866
2025-10-23 12:00:00,1019.1897429591866
2025-10-23 16:00:00,1019.1897429591866
2025-10-23 20:00:00,1019.1897429591866
2025-10-24 00:00:00,1019.1897429591866
2025-10-24 04:00:00,1019.1897429591866
2025-10-24 08:00:00,1019.1897429591866
2025-10-24 12:00:00,1019.1897429591866
2025-10-24 16:00:00,1019.1897429591866
2025-10-24 20:00:00,1019.1897429591866
2025-10-25 00:00:00,1019.1897429591866
2025-10-25 04:00:00,1019.1897429591866
2025-10-25 08:00:00,1019.1897429591866
2025-10-25 12:00:00,1019.1897429591866
2025-10-25 16:00:00,1019.1897429591866
2025-10-25 20:00:00,1019.1897429591866
2025-10-26 00:00:00,1019.1897429591866
2025-10-26 04:00:00,1019.1897429591866
2025-10-26 08:00:00,1019.1897429591866
2025-10-26 12:00:00,1019.1897429591866
2025-10-26 16:00:00,1019.1897429591866
2025-10-26 20:00:00,1019.1897429591866
2025-10-27 00:00:00,1019.1897429591866
2025-10-27 04:00:00,1019.1897429591866
2025-10-27 08:00:00,1019.1897429591866
2025-10-27 12:00:00,1019.1897429591866
2025-10-27 16:00:00,1019.1897429591866
2025-10-27 20:00:00,1019.1897429591866
2025-10-28 00:00:00,1019.1897429591866
2025-10-28 04:00:00,1019.1897429591866
2025-10-28 08:00:00,1019.1897429591866
2025-10-28 12:00:00,1019.1897429591866
2025-10-28 16:00:00,1019.1897429591866
2025-10-28 20:00:00,1019.1897429591866
2025-10-29 00:00:00,1019.1897429591866
2025-10-29 04:00:00,1019.1897429591866
2025-10-29 08:00:00,1019.1897429591866
2025-10-29 12:00:00,1019.1897429591866
2025-10-29 16:00:00,1019.1897429591866
2025-10-29 20:00:00,1019.1897429591866
2025-10-30 00:00:00,1019.1897429591866
2025-10-30 04:00:00,1019.1897429591866
2025-10-30 08:00:00,1019.1897429591866
2025-10-30 12:00:00,1019.1897429591866
2025-10-30 16:00:00,1019.1897429591866
2025-10-30 20:00:00,1019.1897429591866
2025-10-31 00:00:00,1019.1897429591866
2025-10-31 04:00:00,1019.1897429591866
2025-10-31 08:00:00,1019.1897429591866
2025-10-31 12:00:00,1019.1897429591866
2025-10-31 16:00:00,1019.1897429591866
2025-10-31 20:00:00,1019.1897429591866
2025-11-01 00:00:00,1019.1897429591866
2025-11-01 04:00:00,1019.1897429591866
2025-11-01 08:00:00,1019.1897429591866
2025-11-01 12:00:00,1019.1897429591866
2025-11-01 16:00:00,1019.1897429591866
2025-11-01 20:00:00,1019.1897429591866
2025-11-02 00:00:00,1019.1897429591866
2025-11-02 04:00:00,1019.1897429591866
2025-11-02 08:00:00,1019.1897429591866
2025-11-02 12:00:00,1019.1897429591866
2025-11-02 16:00:00,1019.1897429591866
2025-11-02 20:00:00,1019.1897429591866
2025-11-03 00:00:00,1019.1897429591866
2025-11-03 04:00:00,1019.1897429591866
2025-11-03 08:00:00,1019.1897429591866
2025-11-03 12:00:00,1019.1897429591866
2025-11-03 16:00:00,1019.1897429591866
2025-11-03 20:00:00,1019.1897429591866
2025-11-04 00:00:00,1019.1897429591866
2025-11-04 04:00:00,1019.1897429591866
2025-11-04 08:00:00,1019.1897429591866
2025-11-04 12:00:00,1019.1897429591866
2025-11-04 16:00:00,1019.1897429591866
2025-11-04 20:00:00,1019.1897429591866
2025-11-05 00:00:00,1019.1897429591866
2025-11-05 04:00:00,1019.1897429591866
2025-11-05 08:00:00,1019.1897429591866
2025-11-05 12:00:00,1019.1897429591866
2025-11-05 16:00:00,1019.1897429591866
2025-11-05 20:00:00,1019.1897429591866
2025-11-06 00:00:00,1019.1897429591866
2025-11-06 04:00:00,1019.1897429591866
2025-11-06 08:00:00,1019.1897429591866
2025-11-06 12:00:00,1019.1897429591866
2025-11-06 16:00:00,1019.1897429591866
2025-11-06 20:00:00,1019.1897429591866
2025-11-07 00:00:00,1019.1897429591866
2025-11-07 04:00:00,1019.1897429591866
2025-11-07 08:00:00,1019.1897429591866
2025-11-07 12:00:00,1019.1897429591866
2025-11-07 16:00:00,1019.1897429591866
2025-11-07 20:00:00,1019.1897429591866
2025-11-08 00:00:00,1019.1897429591866
2025-11-08 04:00:00,1019.1897429591866
2025-11-08 08:00:00,1019.1897429591866
2025-11-08 12:00:00,1019.1897429591866
2025-11-08 16:00:00,1019.1897429591866
2025-11-08 20:00:00,1019.1897429591866
2025-11-09 00:00:00,1019.1897429591866
2025-11-09 04:00:00,1019.1897429591866
2025-11-09 08:00:00,1019.1897429591866
2025-11-09 12:00:00,1019.1897429591866
2025-11-09 16:00:00,1019.1897429591866
2025-11-09 20:00:00,1019.1897429591866
2025-11-10 00:00:00,1019.1897429591866
2025-11-10 04:00:00,1019.1897429591866
2025-11-10 08:00:00,1019.1897429591866
2025-11-10 12:00:00,1019.1897429591866
2025-11-10 16:00:00,1019.1897429591866
2025-11-10 20:00:00,1019.1897429591866
2025-11-11 00:00:00,1019.1897429591866
2025-11-11 04:00:00,1019.1897429591866
2025-11-11 08:00:00,1019.1897429591866
2025-11-11 12:00:00,1019.1897429591866
2025-11-11 16:00:00,1019.1897429591866
2025-11-11 20:00:00,1019.1897429591866
2025-11-12 00:00:00,1019.1897429591866
2025-11-12 04:00:00,1019.1897429591866
2025-11-12 08:00:00,1019.1897429591866
2025-11-12 12:00:00,1019.1897429591866
2025-11-12 16:00:00,1019.1897429591866
2025-11-12 20:00:00,1019.1897429591866
2025-11-13 00:00:00,1019.1897429591866
2025-11-13 04:00:00,1019.1897429591866
2025-11-13 08:00:00,1019.1897429591866
2025-11-13 12:00:00,1019.1897429591866
2025-11-13 16:00:00,1019.1897429591866
2025-11-13 20:00:00,1019.1897429591866
2025-11-14 00:00:00,1019.1897429591866
2025-11-14 04:00:00,1019.1897429591866
2025-11-14 08:00:00,1019.1897429591866
2025-11-14 12:00:00,1019.1897429591866
2025-11-14 16:00:00,1019.1897429591866
2025-11-14 20:00:00,1019.1897429591866
2025-11-15 00:00:00,1019.1897429591866
2025-11-15 04:00:00,1019.1897429591866
2025-11-15 08:00:00,1019.1897429591866
2025-11-15 12:00:00,1019.1897429591866
2025-11-15 16:00:00,1019.1897429591866
2025-11-15 20:00:00,1019.1897429591866
2025-11-16 00:00:00,1019.1897429591866
2025-11-16 04:00:00,1019.1897429591866
2025-11-16 08:00:00,1019.1897429591866
2025-11-16 12:00:00,1019.1897429591866
2025-11-16 16:00:00,1019.1897429591866
2025-11-16 20:00:00,1019.1897429591866
2025-11-17 00:00:00,1019.1897429591866
2025-11-17 04:00:00,1019.1897429591866
2025-11-17 08:00:00,1019.1897429591866
2025-11-17 12:00:00,1019.1897429591866
2025-11-17 16:00:00,1019.1897429591866
2025-11-17 20:00:00,1019.1897429591866
2025-11-18 00:00:00,1019.1897429591866
2025-11-18 04:00:00,1019.1897429591866
2025-11-18 08:00:00,1019.1897429591866
2025-11-18 12:00:00,1019.1897429591866
2025-11-18 16:00:00,1019.1897429591866
2025-11-18 20:00:00,1019.1897429591866
2025-11-19 00:00:00,1019.1897429591866
2025-11-19 04:00:00,1019.1897429591866
2025-11-19 08:00:00,1019.1897429591866
2025-11-19 12:00:00,1019.1897429591866
2025-11-19 16:00:00,1019.1897429591866
2025-11-19 20:00:00,1019.1897429591866
2025-11-20 00:00:00,1019.1897429591866
2025-11-20 04:00:00,1019.1897429591866
2025-11-20 08:00:00,1019.1897429591866
2025-11-20 12:00:00,1019.1897429591866
2025-11-20 16:00:00,1019.1897429591866
2025-11-20 20:00:00,1019.1897429591866
2025-11-21 00:00:00,1019.1897429591866
2025-11-21 04:00:00,1019.1897429591866
2025-11-21 08:00:00,1019.1897429591866
2025-11-21 12:00:00,1019.1897429591866
2025-11-21 16:00:00,1019.1897429591866
2025-11-21 20:00:00,1019.1897429591866
2025-11-22 00:00:00,1019.1897429591866
2025-11-22 04:00:00,1019.1897429591866
2025-11-22 08:00:00,1019.1897429591866
2025-11-22 12:00:00,1019.1897429591866
2025-11-22 16:00:00,1019.1897429591866
2025-11-22 20:00:00,1019.1897429591866
2025-11-23 00:00:00,1019.1897429591866
2025-11-23 04:00:00,1019.1897429591866
2025-11-23 08:00:00,1019.1897429591866
2025-11-23 12:00:00,1019.1897429591866
2025-11-23 16:00:00,1019.1897429591866
2025-11-23 20:00:00,1019.1897429591866
2025-11-24 00:00:00,1019.1897429591866
2025-11-24 04:00:00,1019.1897429591866
2025-11-24 08:00:00,1019.1897429591866
2025-11-24 12:00:00,1019.1897429591866
2025-11-24 16:00:00,1019.1897429591866
2025-11-24 20:00:00,1019.1897429591866
2025-11-25 00:00:00,1019.1897429591866
2025-11-25 04:00:00,1019.1897429591866
2025-11-25 08:00:00,1019.1897429591866
2025-11-25 12:00:00,1019.1897429591866
2025-11-25 16:00:00,1019.1897429591866
2025-11-25 20:00:00,1019.1897429591866
2025-11-26 00:00:00,1019.1897429591866
2025-11-26 04:00:00,1019.1897429591866
2025-11-26 08:00:00,1019.1897429591866
2025-11-26 12:00:00,1019.1897429591866
2025-11-26 16:00:00,1019.1897429591866
2025-11-26 20:00:00,1019.1897429591866
2025-11-27 00:00:00,1019.1897429591866
2025-11-27 04:00:00,1019.1897429591866
2025-11-27 08:00:00,1019.1897429591866
2025-11-27 12:00:00,1019.1897429591866
2025-11-27 16:00:00,1019.1897429591866
2025-11-27 20:00:00,1019.1897429591866
2025-11-28 00:00:00,1019.1897429591866
2025-11-28 04:00:00,1019.1897429591866
2025-11-28 08:00:00,1019.1897429591866
2025-11-28 12:00:00,1019.1897429591866
2025-11-28 16:00:00,1019.1897429591866
2025-11-28 20:00:00,1019.1897429591866
2025-11-29 00:00:00,1019.1897429591866
2025-11-29 04:00:00,1019.1897429591866
2025-11-29 08:00:00,1019.1897429591866
2025-11-29 12:00:00,1019.1897429591866
2025-11-29 16:00:00,1019.1897429591866
2025-11-29 20:00:00,1019.1897429591866
2025-11-30 00:00:00,1019.1897429591866
2025-11-30 04:00:00,1019.1897429591866
2025-11-30 08:00:00,1019.1897429591866
2025-11-30 12:00:00,1019.1897429591866
2025-11-30 16:00:00,1019.1897429591866
2025-11-30 20:00:00,1019.1897429591866
2025-12-01 00:00:00,1019.1897429591866
2025-12-01 04:00:00,1019.1897429591866
2025-12-01 08:00:00,1019.1897429591866
2025-12-01 12:00:00,1019.1897429591866
2025-12-01 16:00:00,1019.1897429591866
2025-12-01 20:00:00,1019.1897429591866
2025-12-02 00:00:00,1019.1897429591866
2025-12-02 04:00:00,1019.1897429591866
2025-12-02 08:00:00,1019.1897429591866
2025-12-02 12:00:00,1019.1897429591866
2025-12-02 16:00:00,1019.1897429591866
2025-12-02 20:00:00,1019.1897429591866
2025-12-03 00:00:00,1019.1897429591866
2025-12-03 04:00:00,1019.1897429591866
2025-12-03 08:00:00,1019.1897429591866
2025-12-03 12:00:00,1019.1897429591866
2025-12-03 16:00:00,1019.1897429591866
2025-12-03 20:00:00,1019.1897429591866
2025-12-04 00:00:00,1019.1897429591866
2025-12-04 04:00:00,1019.1897429591866
2025-12-04 08:00:00,1019.1897429591866
2025-12-04 12:00:00,1019.1897429591866
2025-12-04 16:00:00,1019.1897429591866
2025-12-04 20:00:00,1019.1897429591866
2025-12-05 00:00:00,1019.1897429591866
2025-12-05 04:00:00,1019.1897429591866
2025-12-05 08:00:00,1019.1897429591866
2025-12-05 12:00:00,1019.1897429591866
2025-12-05 16:00:00,1019.1897429591866
2025-12-05 20:00:00,1019.1897429591866
2025-12-06 00:00:00,1019.1897429591866
2025-12-06 04:00:00,1019.1897429591866
2025-12-06 08:00:00,1019.1897429591866
2025-12-06 12:00:00,1019.1897429591866
2025-12-06 16:00:00,1019.1897429591866
2025-12-06 20:00:00,1019.1897429591866
2025-12-07 00:00:00,1019.1897429591866
2025-12-07 04:00:00,1019.1897429591866
2025-12-07 08:00:00,1019.1897429591866
2025-12-07 12:00:00,1019.1897429591866
2025-12-07 16:00:00,1019.1897429591866
2025-12-07 20:00:00,1019.1897429591866
2025-12-08 00:00:00,1019.1897429591866
2025-12-08 04:00:00,1019.1897429591866
2025-12-08 08:00:00,1019.1897429591866
2025-12-08 12:00:00,1019.1897429591866
2025-12-08 16:00:00,1019.1897429591866
2025-12-08 20:00:00,1019.1897429591866
2025-12-09 00:00:00,1019.1897429591866
2025-12-09 04:00:00,1019.1897429591866
2025-12-09 08:00:00,1019.1897429591866
2025-12-09 12:00:00,1019.1897429591866
2025-12-09 16:00:00,1019.1897429591866
2025-12-09 20:00:00,1019.1897429591866
2025-12-10 00:00:00,1019.1897429591866
2025-12-10 04:00:00,1019.1897429591866
2025-12-10 08:00:00,1019.1897429591866
2025-12-10 12:00:00,1019.1897429591866
2025-12-10 16:00:00,1019.1897429591866
2025-12-10 20:00:00,1019.1897429591866
2025-12-11 00:00:00,1019.1897429591866
2025-12-11 04:00:00,1019.1897429591866
2025-12-11 08:00:00,1019.1897429591866
2025-12-11 12:00:00,1019.1897429591866
2025-12-11 16:00:00,1019.1897429591866
2025-12-11 20:00:00,1019.1897429591866
2025-12-12 00:00:00,1019.1897429591866
2025-12-12 04:00:00,1019.1897429591866
2025-12-12 08:00:00,1019.1897429591866
2025-12-12 12:00:00,1019.1897429591866
2025-12-12 16:00:00,1019.1897429591866
2025-12-12 20:00:00,1019.1897429591866
2025-12-13 00:00:00,1019.1897429591866
2025-12-13 04:00:00,1019.1897429591866
2025-12-13 08:00:00,1019.1897429591866
2025-12-13 12:00:00,1019.1897429591866
2025-12-13 16:00:00,1019.1897429591866
2025-12-13 20:00:00,1019.1897429591866
2025-12-14 00:00:00,1019.1897429591866
2025-12-14 04:00:00,1019.1897429591866
2025-12-14 08:00:00,1019.1897429591866
2025-12-14 12:00:00,1019.1897429591866
2025-12-14 16:00:00,1019.1897429591866
2025-12-14 20:00:00,1019.1897429591866
2025-12-15 00:00:00,1019.1897429591866
2025-12-15 04:00:00,1019.1897429591866
2025-12-15 08:00:00,1019.1897429591866
2025-12-15 12:00:00,1019.1897429591866
2025-12-15 16:00:00,1019.1897429591866
2025-12-15 20:00:00,1019.1897429591866
2025-12-16 00:00:00,1019.1897429591866
2025-12-16 04:00:00,1000.0
2025-12-24 12:00:00,1000.0
2025-12-24 16:00:00,1000.0
2025-12-24 20:00:00,1000.0
2025-12-25 00:00:00,1000.0
2025-12-25 04:00:00,1000.0
2025-12-25 08:00:00,1000.0
2025-12-25 12:00:00,1000.0
2025-12-25 16:00:00,1000.0
2025-12-25 20:00:00,1000.0
2025-12-26 00:00:00,1000.0
2025-12-26 04:00:00,1000.0
2025-12-26 08:00:00,1000.0
2025-12-26 12:00:00,1000.0
2025-12-26 16:00:00,1000.0
2025-12-26 20:00:00,1000.0
2025-12-27 00:00:00,1000.0
2025-12-27 04:00:00,1000.0
2025-12-27 08:00:00,1000.0
2025-12-27 12:00:00,1000.0
2025-12-27 16:00:00,1000.0
2025-12-27 20:00:00,1000.0
2025-12-28 00:00:00,1000.0
2025-12-28 04:00:00,1000.0
2025-12-28 08:00:00,1000.0
2025-12-28 12:00:00,1000.0
2025-12-28 16:00:00,1000.0
2025-12-28 20:00:00,1000.0
2025-12-29 00:00:00,1000.0
2025-12-29 04:00:00,1000.0
2025-12-29 08:00:00,1000.0
2025-12-29 12:00:00,1000.0
2025-12-29 16:00:00,1000.0
2025-12-29 20:00:00,1000.0
2025-12-30 00:00:00,1000.0
2025-12-30 04:00:00,1000.0
2025-12-30 08:00:00,1000.0
2025-12-30 12:00:00,1000.0
2025-12-30 16:00:00,1000.0
2025-12-30 20:00:00,1000.0
2025-12-31 00:00:00,1000.0
2025-12-31 04:00:00,1000.0
2025-12-31 08:00:00,1000.0
2025-12-31 12:00:00,1000.0
2025-12-31 16:00:00,1000.0
2025-12-31 20:00:00,1000.0
2026-01-01 00:00:00,1000.0
2026-01-01 04:00:00,1000.0
2026-01-01 08:00:00,1000.0
2026-01-01 12:00:00,1000.0
2026-01-01 16:00:00,1000.0
2026-01-01 20:00:00,1000.0
2026-01-02 00:00:00,1000.0
2026-01-02 04:00:00,1000.0
2026-01-02 08:00:00,1000.0
2026-01-02 12:00:00,1000.0
2026-01-02 16:00:00,1000.0
2026-01-02 20:00:00,1000.0
2026-01-03 00:00:00,1000.0
2026-01-03 04:00:00,1000.0
2026-01-03 08:00:00,1000.0
2026-01-03 12:00:00,1000.0
2026-01-03 16:00:00,1000.0
2026-01-03 20:00:00,1000.0
2026-01-04 00:00:00,1000.0
2026-01-04 04:00:00,1000.0
2026-01-04 08:00:00,1000.0
2026-01-04 12:00:00,1000.0
2026-01-04 16:00:00,1000.0
2026-01-04 20:00:00,1000.0
2026-01-05 00:00:00,1000.0
2026-01-05 04:00:00,1000.0
2026-01-05 08:00:00,1000.0
2026-01-05 12:00:00,1000.0
2026-01-05 16:00:00,1899.2805755395684
2026-01-05 20:00:00,1895.0495319233135
2026-01-06 00:00:00,1894.1868067864777
2026-01-06 04:00:00,1889.2837587445256
2026-01-06 08:00:00,1894.8615766624862
2026-01-06 12:00:00,1893.0400985107567
2026-01-06 16:00:00,970.249959200712
2026-01-06 20:00:00,970.249959200712
2026-01-07 00:00:00,970.249959200712
2026-01-07 04:00:00,970.249959200712
2026-01-07 08:00:00,970.249959200712
2026-01-07 12:00:00,970.249959200712
2026-01-07 16:00:00,970.249959200712
2026-01-07 20:00:00,970.249959200712
2026-01-08 00:00:00,970.249959200712
2026-01-08 04:00:00,970.249959200712
2026-01-08 08:00:00,970.249959200712
2026-01-08 12:00:00,970.249959200712
2026-01-08 16:00:00,970.249959200712
2026-01-08 20:00:00,970.249959200712
2026-01-09 00:00:00,970.249959200712
2026-01-09 04:00:00,970.249959200712
2026-01-09 08:00:00,970.249959200712
2026-01-09 12:00:00,970.249959200712
2026-01-09 16:00:00,970.249959200712
2026-01-09 20:00:00,970.249959200712
2026-01-10 00:00:00,970.249959200712
2026-01-10 04:00:00,970.249959200712
2026-01-10 08:00:00,970.249959200712
2026-01-10 12:00:00,970.249959200712
2026-01-10 16:00:00,970.249959200712
2026-01-10 20:00:00,970.249959200712
2026-01-11 00:00:00,970.249959200712
2026-01-11 04:00:00,970.249959200712
2026-01-11 08:00:00,970.249959200712
2026-01-11 12:00:00,970.249959200712
2026-01-11 16:00:00,970.249959200712
2026-01-11 20:00:00,970.249959200712
2026-01-12 00:00:00,970.249959200712
2026-01-12 04:00:00,970.249959200712
2026-01-12 08:00:00,970.249959200712
2026-01-12 12:00:00,970.249959200712
2026-01-12 16:00:00,970.249959200712
2026-01-12 20:00:00,970.249959200712
2026-01-13 00:00:00,970.249959200712
2026-01-13 04:00:00,970.249959200712
2026-01-13 08:00:00,970.249959200712
2026-01-13 12:00:00,1842.7769009279712
2026-01-13 16:00:00,1850.0302195712457
2026-01-13 20:00:00,1861.1145341243123
2026-01-14 00:00:00,1863.9808484582236
2026-01-14 04:00:00,1859.1640697301823
2026-01-14 08:00:00,1855.3162675211588
2026-01-14 12:00:00,1873.7245805426007
2026-01-14 16:00:00,1878.4196069695436
2026-01-14 20:00:00,1875.4725290309927
2026-01-15 00:00:00,1866.4467993971116
2026-01-15 04:00:00,1872.4726046181922
2026-01-15 08:00:00,1872.01136507262
2026-01-15 12:00:00,1873.4675375326897
2026-01-15 16:00:00,1862.0669844490858
2026-01-15 20:00:00,1862.8960018428381
2026-01-16 00:00:00,1860.5607665646385
2026-01-16 04:00:00,1863.3475310821877
2026-01-16 08:00:00,1861.2554269328687
2026-01-16 12:00:00,1853.3834497412213
2026-01-16 16:00:00,1857.2685992818701
2026-01-16 20:00:00,1862.3931200225038
2026-01-17 00:00:00,1860.7312571335078
2026-01-17 04:00:00,1858.1983611026812
2026-01-17 08:00:00,1860.2729120061367
2026-01-17 12:00:00,1862.605066129477
2026-01-17 16:00:00,1859.9696516733393
2026-01-17 20:00:00,984.2237238411898
2026-01-18 00:00:00,984.2237238411898
2026-01-18 04:00:00,984.2237238411898
2026-01-18 08:00:00,984.2237238411898
2026-01-18 12:00:00,984.2237238411898
2026-01-18 16:00:00,984.2237238411898
2026-01-18 20:00:00,984.2237238411898
2026-01-19 00:00:00,984.2237238411898
2026-01-19 04:00:00,984.2237238411898
2026-01-19 08:00:00,984.2237238411898
2026-01-19 12:00:00,984.2237238411898
2026-01-19 16:00:00,984.2237238411898
2026-01-19 20:00:00,984.2237238411898
2026-01-20 00:00:00,984.2237238411898
2026-01-20 04:00:00,984.2237238411898
2026-01-20 08:00:00,984.2237238411898
2026-01-20 12:00:00,984.2237238411898
2026-01-20 16:00:00,984.2237238411898
2026-01-20 20:00:00,984.2237238411898
2026-01-21 00:00:00,984.2237238411898
2026-01-21 04:00:00,984.2237238411898
2026-01-21 08:00:00,984.2237238411898
2026-01-21 12:00:00,984.2237238411898
2026-01-21 16:00:00,984.2237238411898
2026-01-21 20:00:00,984.2237238411898
2026-01-22 00:00:00,984.2237238411898
2026-01-22 04:00:00,984.2237238411898
2026-01-22 08:00:00,984.2237238411898
2026-01-22 12:00:00,984.2237238411898
2026-01-22 16:00:00,984.2237238411898
2026-01-22 20:00:00,984.2237238411898
2026-01-23 00:00:00,984.2237238411898
2026-01-23 04:00:00,984.2237238411898
2026-01-23 08:00:00,984.2237238411898
2026-01-23 12:00:00,984.2237238411898
2026-01-23 16:00:00,984.2237238411898
2026-01-23 20:00:00,984.2237238411898
2026-01-24 00:00:00,984.2237238411898
2026-01-24 04:00:00,984.2237238411898
2026-01-24 08:00:00,984.2237238411898
2026-01-24 12:00:00,984.2237238411898
2026-01-24 16:00:00,984.2237238411898
2026-01-24 20:00:00,984.2237238411898
2026-01-25 00:00:00,984.2237238411898
2026-01-25 04:00:00,984.2237238411898
2026-01-25 08:00:00,984.2237238411898
2026-01-25 12:00:00,984.2237238411898
2026-01-25 16:00:00,984.2237238411898
2026-01-25 20:00:00,984.2237238411898
2026-01-26 00:00:00,984.2237238411898
2026-01-26 04:00:00,984.2237238411898
2026-01-26 08:00:00,984.2237238411898
2026-01-26 12:00:00,984.2237238411898
2026-01-26 16:00:00,984.2237238411898
2026-01-26 20:00:00,984.2237238411898
2026-01-27 00:00:00,984.2237238411898
2026-01-27 04:00:00,984.2237238411898
2026-01-27 08:00:00,984.2237238411898
2026-01-27 12:00:00,984.2237238411898
2026-01-27 16:00:00,984.2237238411898
2026-01-27 20:00:00,984.2237238411898
2026-01-28 00:00:00,984.2237238411898
2026-01-28 04:00:00,984.2237238411898
2026-01-28 08:00:00,984.2237238411898
2026-01-28 12:00:00,984.2237238411898
2026-01-28 16:00:00,984.2237238411898
2026-01-28 20:00:00,984.2237238411898
2026-01-29 00:00:00,984.2237238411898
2026-01-29 04:00:00,984.2237238411898
2026-01-29 08:00:00,984.2237238411898
2026-01-29 12:00:00,984.2237238411898
2026-01-29 16:00:00,984.2237238411898
2026-01-29 20:00:00,984.2237238411898
2026-01-30 00:00:00,984.2237238411898
2026-01-30 04:00:00,984.2237238411898
2026-01-30 08:00:00,984.2237238411898
2026-01-30 12:00:00,984.2237238411898
2026-01-30 16:00:00,984.2237238411898
2026-01-30 20:00:00,984.2237238411898
2026-01-31 00:00:00,984.2237238411898
2026-01-31 04:00:00,984.2237238411898
2026-01-31 08:00:00,984.2237238411898
2026-01-31 12:00:00,984.2237238411898
2026-01-31 16:00:00,984.2237238411898
2026-01-31 20:00:00,984.2237238411898
2026-02-01 00:00:00,984.2237238411898
2026-02-01 04:00:00,984.2237238411898
2026-02-01 08:00:00,984.2237238411898
2026-02-01 12:00:00,984.2237238411898
2026-02-01 16:00:00,984.2237238411898
2026-02-01 20:00:00,984.2237238411898
2026-02-02 00:00:00,984.2237238411898
2026-02-02 04:00:00,984.2237238411898
2026-02-02 08:00:00,984.2237238411898
2026-02-02 12:00:00,984.2237238411898
2026-02-02 16:00:00,984.2237238411898
2026-02-02 20:00:00,984.2237238411898
2026-02-03 00:00:00,984.2237238411898
2026-02-03 04:00:00,984.2237238411898
2026-02-03 08:00:00,984.2237238411898
2026-02-03 12:00:00,984.2237238411898
2026-02-03 16:00:00,984.2237238411898
2026-02-03 20:00:00,984.2237238411898
2026-02-04 00:00:00,984.2237238411898
2026-02-04 04:00:00,984.2237238411898
2026-02-04 08:00:00,984.2237238411898
2026-02-04 12:00:00,984.2237238411898
2026-02-04 16:00:00,984.2237238411898
2026-02-04 20:00:00,984.2237238411898
2026-02-05 00:00:00,984.2237238411898
2026-02-05 04:00:00,984.2237238411898
2026-02-05 08:00:00,984.2237238411898
2026-02-05 12:00:00,984.2237238411898
2026-02-05 16:00:00,984.2237238411898
2026-02-05 20:00:00,984.2237238411898
2026-02-06 00:00:00,984.2237238411898
2026-02-06 04:00:00,984.2237238411898
2026-02-06 08:00:00,984.2237238411898
2026-02-06 12:00:00,984.2237238411898
2026-02-06 16:00:00,984.2237238411898
2026-02-06 20:00:00,984.2237238411898
2026-02-07 00:00:00,984.2237238411898
2026-02-07 04:00:00,984.2237238411898
2026-02-07 08:00:00,984.2237238411898
2026-02-07 12:00:00,984.2237238411898
2026-02-07 16:00:00,984.2237238411898
2026-02-07 20:00:00,984.2237238411898
2026-02-08 00:00:00,984.2237238411898
2026-02-08 04:00:00,984.2237238411898
2026-02-08 08:00:00,984.2237238411898
2026-02-08 12:00:00,984.2237238411898
2026-02-08 16:00:00,984.2237238411898
2026-02-08 20:00:00,984.2237238411898
2026-02-09 00:00:00,984.2237238411898
2026-02-09 04:00:00,984.2237238411898
2026-02-09 08:00:00,984.2237238411898
2026-02-09 12:00:00,984.2237238411898
2026-02-09 16:00:00,984.2237238411898
2026-02-09 20:00:00,984.2237238411898
2026-02-10 00:00:00,984.2237238411898
2026-02-10 04:00:00,984.2237238411898
2026-02-10 08:00:00,984.2237238411898
2026-02-10 12:00:00,984.2237238411898
2026-02-10 16:00:00,984.2237238411898
2026-02-10 20:00:00,984.2237238411898
2026-02-11 00:00:00,984.2237238411898
2026-02-11 04:00:00,984.2237238411898
2026-02-11 08:00:00,984.2237238411898
2026-02-11 12:00:00,984.2237238411898
2026-02-11 16:00:00,984.2237238411898
2026-02-11 20:00:00,984.2237238411898
2026-02-12 00:00:00,984.2237238411898
2026-02-12 04:00:00,984.2237238411898
2026-02-12 08:00:00,984.2237238411898
2026-02-12 12:00:00,984.2237238411898
2026-02-12 16:00:00,984.2237238411898
2026-02-12 20:00:00,984.2237238411898
2026-02-13 00:00:00,984.2237238411898
2026-02-13 04:00:00,984.2237238411898
2026-02-13 08:00:00,984.2237238411898
2026-02-13 12:00:00,984.2237238411898
2026-02-13 16:00:00,984.2237238411898
2026-02-13 20:00:00,984.2237238411898
2026-02-14 00:00:00,984.2237238411898
2026-02-14 04:00:00,984.2237238411898
2026-02-14 08:00:00,984.2237238411898
2026-02-14 12:00:00,984.2237238411898
2026-02-14 16:00:00,984.2237238411898
2026-02-14 20:00:00,984.2237238411898
2026-02-15 00:00:00,984.2237238411898
2026-02-15 04:00:00,984.2237238411898
2026-02-15 08:00:00,984.2237238411898
2026-02-15 12:00:00,984.2237238411898
2026-02-15 16:00:00,984.2237238411898
2026-02-15 20:00:00,984.2237238411898
2026-02-16 00:00:00,984.2237238411898
2026-02-16 04:00:00,984.2237238411898
2026-02-16 08:00:00,984.2237238411898
2026-02-16 12:00:00,984.2237238411898
2026-02-16 16:00:00,984.2237238411898
2026-02-16 20:00:00,984.2237238411898
2026-02-17 00:00:00,984.2237238411898
2026-02-17 04:00:00,984.2237238411898
2026-02-17 08:00:00,984.2237238411898
2026-02-17 12:00:00,984.2237238411898
2026-02-17 16:00:00,984.2237238411898
2026-02-17 20:00:00,984.2237238411898
2026-02-18 00:00:00,984.2237238411898
2026-02-18 04:00:00,984.2237238411898
2026-02-18 08:00:00,984.2237238411898
2026-02-18 12:00:00,984.2237238411898
2026-02-18 16:00:00,984.2237238411898
2026-02-18 20:00:00,984.2237238411898
2026-02-19 00:00:00,984.2237238411898
2026-02-19 04:00:00,984.2237238411898
2026-02-19 08:00:00,984.2237238411898
2026-02-19 12:00:00,984.2237238411898
2026-02-19 16:00:00,984.2237238411898
2026-02-19 20:00:00,984.2237238411898
2026-02-20 00:00:00,984.2237238411898
2026-02-20 04:00:00,984.2237238411898
2026-02-20 08:00:00,984.2237238411898
2026-02-20 12:00:00,984.2237238411898
2026-02-20 16:00:00,984.2237238411898
2026-02-20 20:00:00,984.2237238411898
2026-02-21 00:00:00,984.2237238411898
2026-02-21 04:00:00,984.2237238411898
2026-02-21 08:00:00,984.2237238411898
2026-02-21 12:00:00,984.2237238411898
2026-02-21 16:00:00,984.2237238411898
2026-02-21 20:00:00,984.2237238411898
2026-02-22 00:00:00,984.2237238411898
2026-02-22 04:00:00,984.2237238411898
2026-02-22 08:00:00,984.2237238411898
2026-02-22 12:00:00,984.2237238411898
2026-02-22 16:00:00,984.2237238411898
2026-02-22 20:00:00,984.2237238411898
2026-02-23 00:00:00,984.2237238411898
2026-02-23 04:00:00,984.2237238411898
2026-02-23 08:00:00,984.2237238411898
2026-02-23 12:00:00,984.2237238411898
2026-02-23 16:00:00,984.2237238411898
2026-02-23 20:00:00,984.2237238411898
2026-02-24 00:00:00,984.2237238411898
2026-02-24 04:00:00,984.2237238411898
2026-02-24 08:00:00,984.2237238411898
2026-02-24 12:00:00,984.2237238411898
2026-02-24 16:00:00,984.2237238411898
2026-02-24 20:00:00,984.2237238411898
2026-02-25 00:00:00,984.2237238411898
2026-02-25 04:00:00,984.2237238411898
2026-02-25 08:00:00,984.2237238411898
2026-02-25 12:00:00,984.2237238411898
2026-02-25 16:00:00,984.2237238411898
2026-02-25 20:00:00,984.2237238411898
2026-02-26 00:00:00,984.2237238411898
2026-02-26 04:00:00,984.2237238411898
2026-02-26 08:00:00,984.2237238411898
2026-02-26 12:00:00,984.2237238411898
2026-02-26 16:00:00,984.2237238411898
2026-02-26 20:00:00,984.2237238411898
2026-02-27 00:00:00,984.2237238411898
2026-02-27 04:00:00,984.2237238411898
2026-02-27 08:00:00,984.2237238411898
2026-02-27 12:00:00,984.2237238411898
2026-02-27 16:00:00,984.2237238411898
2026-02-27 20:00:00,984.2237238411898
2026-02-28 00:00:00,984.2237238411898
2026-02-28 04:00:00,984.2237238411898
2026-02-28 08:00:00,984.2237238411898
2026-02-28 12:00:00,984.2237238411898
2026-02-28 16:00:00,984.2237238411898
2026-02-28 20:00:00,984.2237238411898
2026-03-01 00:00:00,984.2237238411898
2026-03-01 04:00:00,984.2237238411898
2026-03-01 08:00:00,984.2237238411898
2026-03-01 12:00:00,984.2237238411898
2026-03-01 16:00:00,984.2237238411898
2026-03-01 20:00:00,984.2237238411898
2026-03-02 00:00:00,984.2237238411898
2026-03-02 04:00:00,984.2237238411898
2026-03-02 08:00:00,984.2237238411898
2026-03-02 12:00:00,984.2237238411898
2026-03-02 16:00:00,984.2237238411898
2026-03-02 20:00:00,984.2237238411898
2026-03-03 00:00:00,984.2237238411898
2026-03-03 04:00:00,984.2237238411898
2026-03-03 08:00:00,984.2237238411898
2026-03-03 12:00:00,984.2237238411898
2026-03-03 16:00:00,984.2237238411898
2026-03-03 20:00:00,984.2237238411898
2026-03-04 00:00:00,984.2237238411898
2026-03-04 04:00:00,984.2237238411898
2026-03-04 08:00:00,984.2237238411898
2026-03-04 12:00:00,984.2237238411898
2026-03-04 16:00:00,984.2237238411898
2026-03-04 20:00:00,984.2237238411898
2026-03-05 00:00:00,984.2237238411898
2026-03-05 04:00:00,984.2237238411898
2026-03-05 08:00:00,984.2237238411898
2026-03-05 12:00:00,984.2237238411898
2026-03-05 16:00:00,984.2237238411898
2026-03-05 20:00:00,984.2237238411898
2026-03-06 00:00:00,984.2237238411898
2026-03-06 04:00:00,984.2237238411898
2026-03-06 08:00:00,984.2237238411898
2026-03-06 12:00:00,984.2237238411898
2026-03-06 16:00:00,984.2237238411898
2026-03-06 20:00:00,984.2237238411898
2026-03-07 00:00:00,984.2237238411898
2026-03-07 04:00:00,984.2237238411898
2026-03-07 08:00:00,984.2237238411898
2026-03-07 12:00:00,984.2237238411898
2026-03-07 16:00:00,984.2237238411898
2026-03-07 20:00:00,984.2237238411898
2026-03-08 00:00:00,984.2237238411898
2026-03-08 04:00:00,984.2237238411898
2026-03-08 08:00:00,984.2237238411898
2026-03-08 12:00:00,984.2237238411898
2026-03-08 16:00:00,984.2237238411898
2026-03-08 20:00:00,984.2237238411898
2026-03-09 00:00:00,984.2237238411898
2026-03-09 04:00:00,984.2237238411898
2026-03-09 08:00:00,984.2237238411898
2026-03-09 12:00:00,984.2237238411898
2026-03-09 16:00:00,984.2237238411898
2026-03-09 20:00:00,984.2237238411898
2026-03-10 00:00:00,984.2237238411898
2026-03-10 04:00:00,984.2237238411898
2026-03-10 08:00:00,984.2237238411898
2026-03-10 12:00:00,984.2237238411898
2026-03-10 16:00:00,984.2237238411898
2026-03-10 20:00:00,984.2237238411898
2026-03-11 00:00:00,984.2237238411898
2026-03-11 04:00:00,984.2237238411898
2026-03-11 08:00:00,984.2237238411898
2026-03-11 12:00:00,984.2237238411898
2026-03-11 16:00:00,984.2237238411898
2026-03-11 20:00:00,984.2237238411898
2026-03-12 00:00:00,984.2237238411898
2026-03-12 04:00:00,984.2237238411898
2026-03-12 08:00:00,984.2237238411898
2026-03-12 12:00:00,984.2237238411898
2026-03-12 16:00:00,984.2237238411898
2026-03-12 20:00:00,984.2237238411898
2026-03-13 00:00:00,984.2237238411898
2026-03-13 04:00:00,984.2237238411898
2026-03-13 08:00:00,984.2237238411898
2026-03-13 12:00:00,984.2237238411898
2026-03-13 16:00:00,984.2237238411898
2026-03-13 20:00:00,984.2237238411898
2026-03-14 00:00:00,984.2237238411898
2026-03-14 04:00:00,984.2237238411898
2026-03-14 08:00:00,984.2237238411898
2026-03-14 12:00:00,984.2237238411898
2026-03-14 16:00:00,984.2237238411898
2026-03-14 20:00:00,984.2237238411898
2026-03-15 00:00:00,984.2237238411898
2026-03-15 04:00:00,984.2237238411898
2026-03-15 08:00:00,984.2237238411898
2026-03-15 12:00:00,984.2237238411898
2026-03-15 16:00:00,984.2237238411898
2026-03-15 20:00:00,984.2237238411898
2026-03-16 00:00:00,984.2237238411898
2026-03-16 04:00:00,1000.0
2026-03-24 12:00:00,1000.0
2026-03-24 16:00:00,1000.0
2026-03-24 20:00:00,1000.0
2026-03-25 00:00:00,1000.0
2026-03-25 04:00:00,1000.0
2026-03-25 08:00:00,1000.0
2026-03-25 12:00:00,1000.0
2026-03-25 16:00:00,1000.0
2026-03-25 20:00:00,1000.0
2026-03-26 00:00:00,1000.0
2026-03-26 04:00:00,1000.0
2026-03-26 08:00:00,1000.0
2026-03-26 12:00:00,1000.0
2026-03-26 16:00:00,1000.0
2026-03-26 20:00:00,1000.0
2026-03-27 00:00:00,1000.0
2026-03-27 04:00:00,1000.0
2026-03-27 08:00:00,1000.0
2026-03-27 12:00:00,1000.0
2026-03-27 16:00:00,1000.0
2026-03-27 20:00:00,1000.0
2026-03-28 00:00:00,1000.0
2026-03-28 04:00:00,1000.0
2026-03-28 08:00:00,1000.0
2026-03-28 12:00:00,1000.0
2026-03-28 16:00:00,1000.0
2026-03-28 20:00:00,1000.0
2026-03-29 00:00:00,1000.0
2026-03-29 04:00:00,1000.0
2026-03-29 08:00:00,1000.0
2026-03-29 12:00:00,1000.0
2026-03-29 16:00:00,1000.0
2026-03-29 20:00:00,1000.0
2026-03-30 00:00:00,1000.0
2026-03-30 04:00:00,1000.0
2026-03-30 08:00:00,1000.0
2026-03-30 12:00:00,1000.0
2026-03-30 16:00:00,1000.0
2026-03-30 20:00:00,1000.0
2026-03-31 00:00:00,1000.0
2026-03-31 04:00:00,1000.0
2026-03-31 08:00:00,1000.0
2026-03-31 12:00:00,1000.0
2026-03-31 16:00:00,1000.0
2026-03-31 20:00:00,1000.0
2026-04-01 00:00:00,1000.0
2026-04-01 04:00:00,1000.0
2026-04-01 08:00:00,1000.0
2026-04-01 12:00:00,1000.0
2026-04-01 16:00:00,1000.0
2026-04-01 20:00:00,1000.0
2026-04-02 00:00:00,1000.0
2026-04-02 04:00:00,1000.0
2026-04-02 08:00:00,1000.0
2026-04-02 12:00:00,1000.0
2026-04-02 16:00:00,1000.0
2026-04-02 20:00:00,1000.0
2026-04-03 00:00:00,1000.0
2026-04-03 04:00:00,1000.0
2026-04-03 08:00:00,1000.0
2026-04-03 12:00:00,1000.0
2026-04-03 16:00:00,1000.0
2026-04-03 20:00:00,1000.0
2026-04-04 00:00:00,1000.0
2026-04-04 04:00:00,1000.0
2026-04-04 08:00:00,1000.0
2026-04-04 12:00:00,1000.0
2026-04-04 16:00:00,1000.0
2026-04-04 20:00:00,1000.0
2026-04-05 00:00:00,1000.0
2026-04-05 04:00:00,1000.0
2026-04-05 08:00:00,1000.0
2026-04-05 12:00:00,1000.0
2026-04-05 16:00:00,1000.0
2026-04-05 20:00:00,1000.0
2026-04-06 00:00:00,1000.0
2026-04-06 04:00:00,1000.0
2026-04-06 08:00:00,1000.0
2026-04-06 12:00:00,1000.0
2026-04-06 16:00:00,1000.0
2026-04-06 20:00:00,1000.0
2026-04-07 00:00:00,1000.0
2026-04-07 04:00:00,1000.0
2026-04-07 08:00:00,1000.0
2026-04-07 12:00:00,1000.0
2026-04-07 16:00:00,1000.0
2026-04-07 20:00:00,1000.0
2026-04-08 00:00:00,1000.0
2026-04-08 04:00:00,1000.0
2026-04-08 08:00:00,1000.0
2026-04-08 12:00:00,1000.0
2026-04-08 16:00:00,1000.0
2026-04-08 20:00:00,1000.0
2026-04-09 00:00:00,1000.0
2026-04-09 04:00:00,1000.0
2026-04-09 08:00:00,1000.0
2026-04-09 12:00:00,1000.0
2026-04-09 16:00:00,1000.0
2026-04-09 20:00:00,1000.0
2026-04-10 00:00:00,1000.0
2026-04-10 04:00:00,1000.0
2026-04-10 08:00:00,1000.0
2026-04-10 12:00:00,1000.0
2026-04-10 16:00:00,1000.0
2026-04-10 20:00:00,1000.0
2026-04-11 00:00:00,1000.0
2026-04-11 04:00:00,1000.0
2026-04-11 08:00:00,1000.0
2026-04-11 12:00:00,1000.0
2026-04-11 16:00:00,1899.2805755395684
2026-04-11 20:00:00,1891.4212988835748
2026-04-12 00:00:00,1873.7258139026098
2026-04-12 04:00:00,1874.6021856733933
2026-04-12 08:00:00,970.3511999761811
2026-04-12 12:00:00,970.3511999761811
2026-04-12 16:00:00,970.3511999761811
2026-04-12 20:00:00,970.3511999761811
2026-04-13 00:00:00,970.3511999761811
2026-04-13 04:00:00,970.3511999761811
2026-04-13 08:00:00,970.3511999761811
2026-04-13 12:00:00,970.3511999761811
2026-04-13 16:00:00,970.3511999761811
2026-04-13 20:00:00,1842.9691855662722
2026-04-14 00:00:00,1843.2792183895049
2026-04-14 04:00:00,1844.47021815712
2026-04-14 08:00:00,1842.4829124505588
2026-04-14 12:00:00,1853.5117086643072
2026-04-14 16:00:00,1840.6848627866216
2026-04-14 20:00:00,1839.6104184752444
2026-04-15 00:00:00,1842.1246861740929
2026-04-15 04:00:00,1834.9069250540986
2026-04-15 08:00:00,1840.4339285045799
2026-04-15 12:00:00,1836.239573706156
2026-04-15 16:00:00,1849.824264567409
2026-04-15 20:00:00,1847.5657387700246
2026-04-16 00:00:00,1848.4829387485897
2026-04-16 04:00:00,1846.3584399999777
2026-04-16 08:00:00,1844.807806847773
2026-04-16 12:00:00,1846.2430571338427
2026-04-16 16:00:00,1853.8156440190041
2026-04-16 20:00:00,1851.6029664946468
2026-04-17 00:00:00,1845.2889205670333
2026-04-17 04:00:00,1850.670522844743
2026-04-17 08:00:00,1856.7085410621107
2026-04-17 12:00:00,1882.4506461112478
2026-04-17 16:00:00,1877.8606594120724
2026-04-17 20:00:00,1874.089844158851
2026-04-18 00:00:00,1873.3097199633266
2026-04-18 04:00:00,1873.2197823024267
2026-04-18 08:00:00,1861.9775746899327
2026-04-18 12:00:00,1863.4818905330687
2026-04-18 16:00:00,983.3881239072748
2026-04-18 20:00:00,983.3881239072748
2026-04-19 00:00:00,983.3881239072748
2026-04-19 04:00:00,983.3881239072748
2026-04-19 08:00:00,983.3881239072748
2026-04-19 12:00:00,983.3881239072748
2026-04-19 16:00:00,983.3881239072748
2026-04-19 20:00:00,983.3881239072748
2026-04-20 00:00:00,983.3881239072748
2026-04-20 04:00:00,983.3881239072748
2026-04-20 08:00:00,983.3881239072748
2026-04-20 12:00:00,983.3881239072748
2026-04-20 16:00:00,983.3881239072748
2026-04-20 20:00:00,983.3881239072748
2026-04-21 00:00:00,983.3881239072748
2026-04-21 04:00:00,983.3881239072748
2026-04-21 08:00:00,983.3881239072748
2026-04-21 12:00:00,983.3881239072748
2026-04-21 16:00:00,983.3881239072748
2026-04-21 20:00:00,983.3881239072748
2026-04-22 00:00:00,983.3881239072748
2026-04-22 04:00:00,983.3881239072748
2026-04-22 08:00:00,983.3881239072748
2026-04-22 12:00:00,1867.7299619533853
2026-04-22 16:00:00,1862.9745254962568
2026-04-22 20:00:00,1855.5181912239943
2026-04-23 00:00:00,1850.7015101714132
2026-04-23 04:00:00,1854.0723056107627
2026-04-23 08:00:00,1850.2347571889454
2026-04-23 12:00:00,1857.7329252012714
2026-04-23 16:00:00,1850.4873214222885
2026-04-23 20:00:00,1856.4022775973344
2026-04-24 00:00:00,1850.6054599042277
2026-04-24 04:00:00,1849.5651942346508
2026-04-24 08:00:00,1856.2101770629633
2026-04-24 12:00:00,1853.9607489705936
2026-04-24 16:00:00,1849.3894925263844
2026-04-24 20:00:00,1847.2507286210625
2026-04-25 00:00:00,1849.9497299733137
2026-04-25 04:00:00,1847.9653604579858
2026-04-25 08:00:00,1849.985762768088
2026-04-25 12:00:00,1846.0585228075752
2026-04-25 16:00:00,960.3162882870361
2026-04-25 20:00:00,960.3162882870361
2026-04-26 00:00:00,960.3162882870361
2026-04-26 04:00:00,960.3162882870361
2026-04-26 08:00:00,960.3162882870361
2026-04-26 12:00:00,960.3162882870361
2026-04-26 16:00:00,960.3162882870361
2026-04-26 20:00:00,960.3162882870361
2026-04-27 00:00:00,960.3162882870361
2026-04-27 04:00:00,960.3162882870361
2026-04-27 08:00:00,960.3162882870361
2026-04-27 12:00:00,960.3162882870361
2026-04-27 16:00:00,960.3162882870361
2026-04-27 20:00:00,960.3162882870361
2026-04-28 00:00:00,960.3162882870361
2026-04-28 04:00:00,960.3162882870361
2026-04-28 08:00:00,960.3162882870361
2026-04-28 12:00:00,960.3162882870361
2026-04-28 16:00:00,960.3162882870361
2026-04-28 20:00:00,960.3162882870361
2026-04-29 00:00:00,960.3162882870361
2026-04-29 04:00:00,960.3162882870361
2026-04-29 08:00:00,960.3162882870361
2026-04-29 12:00:00,960.3162882870361
2026-04-29 16:00:00,960.3162882870361
2026-04-29 20:00:00,960.3162882870361
2026-04-30 00:00:00,960.3162882870361
2026-04-30 04:00:00,960.3162882870361
2026-04-30 08:00:00,960.3162882870361
2026-04-30 12:00:00,960.3162882870361
2026-04-30 16:00:00,960.3162882870361
2026-04-30 20:00:00,960.3162882870361
2026-05-01 00:00:00,960.3162882870361
2026-05-01 04:00:00,960.3162882870361
2026-05-01 08:00:00,960.3162882870361
2026-05-01 12:00:00,960.3162882870361
2026-05-01 16:00:00,960.3162882870361
2026-05-01 20:00:00,960.3162882870361
2026-05-02 00:00:00,960.3162882870361
2026-05-02 04:00:00,960.3162882870361
2026-05-02 08:00:00,960.3162882870361
2026-05-02 12:00:00,960.3162882870361
2026-05-02 16:00:00,960.3162882870361
2026-05-02 20:00:00,960.3162882870361
2026-05-03 00:00:00,960.3162882870361
2026-05-03 04:00:00,960.3162882870361
2026-05-03 08:00:00,960.3162882870361
2026-05-03 12:00:00,960.3162882870361
2026-05-03 16:00:00,960.3162882870361
2026-05-03 20:00:00,960.3162882870361
2026-05-04 00:00:00,1823.9100727178238
2026-05-04 04:00:00,1817.2483104296666
2026-05-04 08:00:00,937.7480204589108
2026-05-04 12:00:00,937.7480204589108
2026-05-04 16:00:00,937.7480204589108
2026-05-04 20:00:00,937.7480204589108
2026-05-05 00:00:00,1781.046600008291
2026-05-05 04:00:00,1780.6557722174923
2026-05-05 08:00:00,1782.3076946429383
2026-05-05 12:00:00,1787.6362547119934
2026-05-05 16:00:00,1788.4823358936746
2026-05-05 20:00:00,1781.1762851968092
2026-05-06 00:00:00,1788.225258984603
2026-05-06 04:00:00,1785.9122965427646
2026-05-06 08:00:00,1798.0371319293822
2026-05-06 12:00:00,1789.5029291377182
2026-05-06 16:00:00,1787.0074274956428
2026-05-06 20:00:00,1786.821239596372
2026-05-07 00:00:00,1780.4401862288628
2026-05-07 04:00:00,1787.567346424525
2026-05-07 08:00:00,1780.7710711069624
2026-05-07 12:00:00,925.9567077721468
2026-05-07 16:00:00,925.9567077721468
2026-05-07 20:00:00,925.9567077721468
2026-05-08 00:00:00,925.9567077721468
2026-05-08 04:00:00,925.9567077721468
2026-05-08 08:00:00,925.9567077721468
2026-05-08 12:00:00,925.9567077721468
2026-05-08 16:00:00,925.9567077721468
2026-05-08 20:00:00,925.9567077721468
2026-05-09 00:00:00,925.9567077721468
2026-05-09 04:00:00,925.9567077721468
2026-05-09 08:00:00,925.9567077721468
2026-05-09 12:00:00,925.9567077721468
2026-05-09 16:00:00,925.9567077721468
2026-05-09 20:00:00,925.9567077721468
2026-05-10 00:00:00,925.9567077721468
2026-05-10 04:00:00,925.9567077721468
2026-05-10 08:00:00,925.9567077721468
2026-05-10 12:00:00,925.9567077721468
2026-05-10 16:00:00,925.9567077721468
2026-05-10 20:00:00,925.9567077721468
2026-05-11 00:00:00,925.9567077721468
2026-05-11 04:00:00,925.9567077721468
2026-05-11 08:00:00,925.9567077721468
2026-05-11 12:00:00,925.9567077721468
2026-05-11 16:00:00,925.9567077721468
2026-05-11 20:00:00,925.9567077721468
2026-05-12 00:00:00,925.9567077721468
2026-05-12 04:00:00,925.9567077721468
2026-05-12 08:00:00,925.9567077721468
2026-05-12 12:00:00,925.9567077721468
2026-05-12 16:00:00,925.9567077721468
2026-05-12 20:00:00,925.9567077721468
2026-05-13 00:00:00,925.9567077721468
2026-05-13 04:00:00,925.9567077721468
2026-05-13 08:00:00,925.9567077721468
2026-05-13 12:00:00,925.9567077721468
2026-05-13 16:00:00,925.9567077721468
2026-05-13 20:00:00,925.9567077721468
2026-05-14 00:00:00,925.9567077721468
2026-05-14 04:00:00,925.9567077721468
2026-05-14 08:00:00,925.9567077721468
2026-05-14 12:00:00,925.9567077721468
2026-05-14 16:00:00,925.9567077721468
2026-05-14 20:00:00,925.9567077721468
2026-05-15 00:00:00,925.9567077721468
2026-05-15 04:00:00,925.9567077721468
2026-05-15 08:00:00,925.9567077721468
2026-05-15 12:00:00,925.9567077721468
2026-05-15 16:00:00,925.9567077721468
2026-05-15 20:00:00,925.9567077721468
2026-05-16 00:00:00,925.9567077721468
2026-05-16 04:00:00,925.9567077721468
2026-05-16 08:00:00,925.9567077721468
2026-05-16 12:00:00,925.9567077721468
2026-05-16 16:00:00,925.9567077721468
2026-05-16 20:00:00,925.9567077721468
2026-05-17 00:00:00,925.9567077721468
2026-05-17 04:00:00,925.9567077721468
2026-05-17 08:00:00,925.9567077721468
2026-05-17 12:00:00,925.9567077721468
2026-05-17 16:00:00,925.9567077721468
2026-05-17 20:00:00,925.9567077721468
2026-05-18 00:00:00,925.9567077721468
2026-05-18 04:00:00,925.9567077721468
2026-05-18 08:00:00,925.9567077721468
2026-05-18 12:00:00,925.9567077721468
2026-05-18 16:00:00,925.9567077721468
2026-05-18 20:00:00,925.9567077721468
2026-05-19 00:00:00,925.9567077721468
2026-05-19 04:00:00,925.9567077721468
2026-05-19 08:00:00,925.9567077721468
2026-05-19 12:00:00,925.9567077721468
2026-05-19 16:00:00,925.9567077721468
2026-05-19 20:00:00,925.9567077721468
2026-05-20 00:00:00,925.9567077721468
2026-05-20 04:00:00,925.9567077721468
2026-05-20 08:00:00,925.9567077721468
2026-05-20 12:00:00,925.9567077721468
2026-05-20 16:00:00,925.9567077721468
2026-05-20 20:00:00,925.9567077721468
2026-05-21 00:00:00,925.9567077721468
2026-05-21 04:00:00,925.9567077721468
2026-05-21 08:00:00,925.9567077721468
2026-05-21 12:00:00,925.9567077721468
2026-05-21 16:00:00,925.9567077721468
2026-05-21 20:00:00,925.9567077721468
2026-05-22 00:00:00,925.9567077721468
2026-05-22 04:00:00,925.9567077721468
2026-05-22 08:00:00,925.9567077721468
2026-05-22 12:00:00,925.9567077721468
2026-05-22 16:00:00,925.9567077721468
2026-05-22 20:00:00,925.9567077721468
2026-05-23 00:00:00,925.9567077721468
2026-05-23 04:00:00,925.9567077721468
2026-05-23 08:00:00,925.9567077721468
2026-05-23 12:00:00,925.9567077721468
2026-05-23 16:00:00,925.9567077721468
2026-05-23 20:00:00,925.9567077721468
2026-05-24 00:00:00,925.9567077721468
2026-05-24 04:00:00,925.9567077721468
2026-05-24 08:00:00,925.9567077721468
2026-05-24 12:00:00,925.9567077721468
2026-05-24 16:00:00,925.9567077721468
2026-05-24 20:00:00,925.9567077721468
2026-05-25 00:00:00,925.9567077721468
2026-05-25 04:00:00,925.9567077721468
2026-05-25 08:00:00,925.9567077721468
2026-05-25 12:00:00,925.9567077721468
2026-05-25 16:00:00,925.9567077721468
2026-05-25 20:00:00,925.9567077721468
2026-05-26 00:00:00,925.9567077721468
2026-05-26 04:00:00,925.9567077721468
2026-05-26 08:00:00,925.9567077721468
2026-05-26 12:00:00,925.9567077721468
2026-05-26 16:00:00,925.9567077721468
2026-05-26 20:00:00,925.9567077721468
2026-05-27 00:00:00,925.9567077721468
2026-05-27 04:00:00,925.9567077721468
2026-05-27 08:00:00,925.9567077721468
2026-05-27 12:00:00,925.9567077721468
2026-05-27 16:00:00,925.9567077721468
2026-05-27 20:00:00,925.9567077721468
2026-05-28 00:00:00,925.9567077721468
2026-05-28 04:00:00,925.9567077721468
2026-05-28 08:00:00,925.9567077721468
2026-05-28 12:00:00,925.9567077721468
2026-05-28 16:00:00,925.9567077721468
2026-05-28 20:00:00,925.9567077721468
2026-05-29 00:00:00,925.9567077721468
2026-05-29 04:00:00,925.9567077721468
2026-05-29 08:00:00,925.9567077721468
2026-05-29 12:00:00,925.9567077721468
2026-05-29 16:00:00,925.9567077721468
2026-05-29 20:00:00,925.9567077721468
2026-05-30 00:00:00,925.9567077721468
2026-05-30 04:00:00,925.9567077721468
2026-05-30 08:00:00,925.9567077721468
2026-05-30 12:00:00,925.9567077721468
2026-05-30 16:00:00,925.9567077721468
2026-05-30 20:00:00,925.9567077721468
2026-05-31 00:00:00,925.9567077721468
2026-05-31 04:00:00,925.9567077721468
2026-05-31 08:00:00,925.9567077721468
2026-05-31 12:00:00,925.9567077721468
2026-05-31 16:00:00,925.9567077721468
2026-05-31 20:00:00,925.9567077721468
2026-06-01 00:00:00,925.9567077721468
2026-06-01 04:00:00,925.9567077721468
2026-06-01 08:00:00,925.9567077721468
2026-06-01 12:00:00,925.9567077721468
2026-06-01 16:00:00,925.9567077721468
2026-06-01 20:00:00,925.9567077721468
2026-06-02 00:00:00,925.9567077721468
2026-06-02 04:00:00,925.9567077721468
2026-06-02 08:00:00,925.9567077721468
2026-06-02 12:00:00,925.9567077721468
2026-06-02 16:00:00,925.9567077721468
2026-06-02 20:00:00,925.9567077721468
2026-06-03 00:00:00,925.9567077721468
2026-06-03 04:00:00,925.9567077721468
2026-06-03 08:00:00,925.9567077721468
2026-06-03 12:00:00,925.9567077721468
2026-06-03 16:00:00,925.9567077721468
2026-06-03 20:00:00,925.9567077721468
2026-06-04 00:00:00,925.9567077721468
2026-06-04 04:00:00,925.9567077721468
2026-06-04 08:00:00,925.9567077721468
2026-06-04 12:00:00,925.9567077721468
2026-06-04 16:00:00,925.9567077721468
2026-06-04 20:00:00,925.9567077721468
2026-06-05 00:00:00,925.9567077721468
2026-06-05 04:00:00,925.9567077721468
2026-06-05 08:00:00,925.9567077721468
2026-06-05 12:00:00,925.9567077721468
2026-06-05 16:00:00,925.9567077721468
2026-06-05 20:00:00,925.9567077721468
2026-06-06 00:00:00,925.9567077721468
2026-06-06 04:00:00,925.9567077721468
2026-06-06 08:00:00,925.9567077721468
2026-06-06 12:00:00,925.9567077721468
2026-06-06 16:00:00,925.9567077721468
2026-06-06 20:00:00,925.9567077721468
2026-06-07 00:00:00,925.9567077721468
2026-06-07 04:00:00,925.9567077721468
2026-06-07 08:00:00,925.9567077721468
2026-06-07 12:00:00,925.9567077721468
2026-06-07 16:00:00,925.9567077721468
2026-06-07 20:00:00,925.9567077721468
2026-06-08 00:00:00,925.9567077721468
2026-06-08 04:00:00,925.9567077721468
2026-06-08 08:00:00,925.9567077721468
2026-06-08 12:00:00,925.9567077721468
2026-06-08 16:00:00,925.9567077721468
2026-06-08 20:00:00,925.9567077721468
2026-06-09 00:00:00,925.9567077721468
2026-06-09 04:00:00,925.9567077721468
2026-06-09 08:00:00,925.9567077721468
2026-06-09 12:00:00,925.9567077721468
2026-06-09 16:00:00,925.9567077721468
2026-06-09 20:00:00,925.9567077721468
2026-06-10 00:00:00,925.9567077721468
2026-06-10 04:00:00,925.9567077721468
2026-06-10 08:00:00,925.9567077721468
2026-06-10 12:00:00,925.9567077721468
2026-06-10 16:00:00,925.9567077721468
2026-06-10 20:00:00,925.9567077721468
2026-06-11 00:00:00,925.9567077721468
2026-06-11 04:00:00,925.9567077721468
2026-06-11 08:00:00,925.9567077721468
2026-06-11 12:00:00,925.9567077721468
2026-06-11 16:00:00,925.9567077721468
2026-06-11 20:00:00,925.9567077721468
2026-06-12 00:00:00,925.9567077721468
2026-06-12 04:00:00,925.9567077721468
2026-06-12 08:00:00,925.9567077721468
2026-06-12 12:00:00,925.9567077721468
2026-06-12 16:00:00,925.9567077721468
2026-06-12 20:00:00,925.9567077721468
2026-06-13 00:00:00,925.9567077721468
2026-06-13 04:00:00,925.9567077721468
2026-06-13 08:00:00,925.9567077721468
2026-06-13 12:00:00,925.9567077721468
2026-06-13 16:00:00,925.9567077721468
2026-06-13 20:00:00,925.9567077721468
2026-06-14 00:00:00,925.9567077721468
