,Hybrid_Portfolio,Macro_Part,Micro_Part
2020-01-10,998.165739253064,798.165739253064,199.99999999999994
2020-03-11,1000.952831003317,800.952831003317,199.99999999999994
2020-03-12,1000.952831003317,800.952831003317,199.99999999999994
2020-03-13,1000.952831003317,800.952831003317,199.99999999999994
2020-03-14,1000.952831003317,800.952831003317,199.99999999999994
2020-03-15,1000.952831003317,800.952831003317,199.99999999999994
2020-03-16,1000.952831003317,800.952831003317,199.99999999999994
2020-03-17,1000.952831003317,800.952831003317,199.99999999999994
2020-03-18,1000.952831003317,800.952831003317,199.99999999999994
2020-03-19,1000.952831003317,800.952831003317,199.99999999999994
2020-03-20,1000.952831003317,800.952831003317,199.99999999999994
2020-03-21,1000.952831003317,800.952831003317,199.99999999999994
2020-03-22,1000.952831003317,800.952831003317,199.99999999999994
2020-03-23,1000.952831003317,800.952831003317,199.99999999999994
2020-03-24,1000.952831003317,800.952831003317,199.99999999999994
2020-03-25,1000.952831003317,800.952831003317,199.99999999999994
2020-03-26,1000.952831003317,800.952831003317,199.99999999999994
2020-03-27,1000.952831003317,800.952831003317,199.99999999999994
2020-03-28,1000.952831003317,800.952831003317,199.99999999999994
2020-03-29,1000.952831003317,800.952831003317,199.99999999999994
2020-03-30,1000.952831003317,800.952831003317,199.99999999999994
2020-03-31,1000.952831003317,800.952831003317,199.99999999999994
2020-04-01,1000.952831003317,800.952831003317,199.99999999999994
2020-04-02,1000.952831003317,800.952831003317,199.99999999999994
2020-04-03,1000.952831003317,800.952831003317,199.99999999999994
2020-04-04,1000.952831003317,800.952831003317,199.99999999999994
2020-04-05,1000.952831003317,800.952831003317,199.99999999999994
2020-04-06,1000.952831003317,800.952831003317,199.99999999999994
2020-04-07,1000.952831003317,800.952831003317,199.99999999999994
2020-04-08,1000.952831003317,800.952831003317,199.99999999999994
2020-04-09,1000.952831003317,800.952831003317,199.99999999999994
2020-04-10,1000.952831003317,800.952831003317,199.99999999999994
2020-04-11,1000.952831003317,800.952831003317,199.99999999999994
2020-04-12,1000.952831003317,800.952831003317,199.99999999999994
2020-04-13,1000.952831003317,800.952831003317,199.99999999999994
2020-04-14,1000.952831003317,800.952831003317,199.99999999999994
2020-04-15,1000.952831003317,800.952831003317,199.99999999999994
2020-04-16,1003.579737987491,803.579737987491,199.99999999999994
2020-04-17,1001.5468109808326,801.5468109808327,199.99999999999994
2020-04-18,1022.6023624480781,822.6023624480781,199.99999999999994
2020-04-19,1007.3594347711544,807.3594347711544,199.99999999999994
2020-04-20,987.3798931393765,787.3798931393765,199.99999999999994
2020-04-21,988.0660060041237,788.0660060041237,199.99999999999994
2020-04-22,1003.4442206097794,803.4442206097794,199.99999999999994
2020-04-23,1023.0772559270786,823.0772559270786,199.99999999999994
2020-04-24,1026.7366539291997,826.7366539291997,199.99999999999994
2020-04-25,1036.6617630469786,836.6617630469786,199.99999999999994
2020-04-26,1046.785793610311,846.785793610311,199.99999999999994
2020-04-27,1048.1071703686184,848.1071703686184,199.99999999999994
2020-04-28,1046.8561108260715,846.8561108260715,199.99999999999994
2020-04-29,1104.3064267498833,904.3064267498833,199.99999999999994
2020-04-30,1084.459621949979,884.4596219499791,199.99999999999994
2020-05-01,1101.215955660805,901.2159556608052,199.99999999999994
2020-05-02,1110.008461033171,910.008461033171,199.99999999999994
2020-05-03,1101.3681773833941,901.3681773833941,199.99999999999994
2020-05-04,1096.02304847805,896.02304847805,199.99999999999994
2020-05-05,1101.0542112529704,901.0542112529704,199.99999999999994
2020-05-06,1098.1882324376938,898.1882324376938,199.99999999999994
2020-05-07,1155.5080297264803,952.0204838668787,203.48754585960154
2020-05-08,1145.035193152213,942.9565758026622,202.07861734955074
2020-05-09,1130.0360861191,929.927428847903,200.10865727119707
2020-05-10,1055.716133875715,862.6014190448884,193.11471483082667
2020-05-11,1048.6468577092323,855.5321428784057,193.11471483082667
2020-05-12,1059.5749722519865,866.4602574211599,193.11471483082667
2020-05-13,1081.432954956389,888.3182401255624,193.11471483082667
2020-05-14,1102.5908053173575,909.4760904865308,193.11471483082667
2020-05-15,1081.7420302864584,888.6273154556318,193.11471483082667
2020-05-16,1084.5850849183742,891.4703700875475,193.11471483082667
2020-05-17,1095.3962605147274,902.2815456839007,193.11471483082667
2020-05-18,1106.6661789799498,913.5514641491231,193.11471483082667
2020-05-19,1108.1183336176623,915.0036187868357,193.11471483082667
2020-05-20,1091.3600604594321,898.2453456286055,193.11471483082667
2020-05-21,1051.906229087173,858.7915142563463,193.11471483082667
2020-05-22,1056.3494609598738,863.2347461290472,193.11471483082667
2020-05-23,1056.750601281879,863.6358864510523,193.11471483082667
2020-05-24,1036.1582743820284,843.0435595512017,193.11471483082667
2020-05-25,1036.1582743820284,843.0435595512017,193.11471483082667
2020-05-26,1036.1582743820284,843.0435595512017,193.11471483082667
2020-05-27,1037.869154008618,844.7544391777913,193.11471483082667
2020-05-28,1060.1375286420425,865.6819932602955,194.45553538174693
2020-05-29,1054.6400813525815,860.0689436936746,194.57113765890702
2020-05-30,1094.6382465209765,894.3552456028885,200.28300091808788
2020-05-31,1067.0625057946486,871.8363758243929,195.22612997025578
2020-06-01,1115.9472229325381,916.598143583386,199.34907934915222
2020-06-02,1063.108195833891,873.3794081792166,189.72878765467436
2020-06-03,1069.641279021719,879.9124913670445,189.72878765467436
2020-06-04,1073.127514467729,883.3987268130546,189.72878765467436
2020-06-05,1063.2458347808624,873.5170471261881,189.72878765467436
2020-06-06,1066.9883669419103,877.259579287236,189.72878765467436
2020-06-07,1072.8609374375421,883.1321497828678,189.72878765467436
2020-06-08,1076.1330826077747,886.4042949531002,189.72878765467436
2020-06-09,1073.0801361505926,883.3513484959182,189.72878765467436
2020-06-10,1081.6072503230293,891.8784626683549,189.72878765467436
2020-06-11,1034.0216442581757,844.2928566035013,189.72878765467436
2020-06-12,1041.2670425536537,851.5382548989794,189.72878765467436
2020-06-13,1041.8433810544304,852.1145933997561,189.72878765467436
2020-06-14,1035.318405884923,845.5896182302488,189.72878765467436
2020-06-15,1027.609158013909,837.8803703592348,189.72878765467436
2020-06-16,1027.609158013909,837.8803703592348,189.72878765467436
2020-06-17,1027.609158013909,837.8803703592348,189.72878765467436
2020-06-18,1027.609158013909,837.8803703592348,189.72878765467436
2020-06-19,1027.609158013909,837.8803703592348,189.72878765467436
2020-06-20,1027.609158013909,837.8803703592348,189.72878765467436
2020-06-21,1027.609158013909,837.8803703592348,189.72878765467436
2020-06-22,1032.9357052274363,842.9364150021853,189.99929022525106
2020-06-23,1030.47549157609,840.8481727729032,189.62731880318685
2020-06-24,1007.4108760210055,822.3093686765093,185.1015073444962
2020-06-25,1005.4649490951861,820.3634417506898,185.1015073444962
2020-06-26,1002.1096284608346,817.0081211163384,185.1015073444962
2020-06-27,1002.1096284608346,817.0081211163384,185.1015073444962
2020-06-28,1002.1096284608346,817.0081211163384,185.1015073444962
2020-06-29,1002.1096284608346,817.0081211163384,185.1015073444962
2020-06-30,1002.1096284608346,817.0081211163384,185.1015073444962
2020-07-01,1002.1096284608346,817.0081211163384,185.1015073444962
2020-07-02,1002.1096284608346,817.0081211163384,185.1015073444962
2020-07-03,1002.1096284608346,817.0081211163384,185.1015073444962
2020-07-04,1002.1096284608346,817.0081211163384,185.1015073444962
2020-07-05,1002.1096284608346,817.0081211163384,185.1015073444962
2020-07-06,1004.3240334181936,817.7156526109908,186.60838080720282
2020-07-07,998.4691076710423,812.9126844283808,185.5564232426615
2020-07-08,1013.6723616201142,825.2491961868366,188.4231654332776
2020-07-09,998.9388276607651,812.9333788204837,186.00544884028147
2020-07-10,997.5664187378542,812.3473318153953,185.21908692245893
2020-07-11,993.8323286022483,809.095528683825,184.7367999184232
2020-07-12,994.6710886092669,809.095528683825,185.57555992544187
2020-07-13,993.9045551584081,809.095528683825,184.80902647458313
2020-07-14,994.1235647157964,809.095528683825,185.02803603197134
2020-07-15,993.3308993667157,809.095528683825,184.2353706828907
2020-07-16,993.3308993667157,809.095528683825,184.2353706828907
2020-07-17,993.3308993667157,809.095528683825,184.2353706828907
2020-07-18,993.3308993667157,809.095528683825,184.2353706828907
2020-07-19,993.3308993667157,809.095528683825,184.2353706828907
2020-07-20,993.3308993667157,809.095528683825,184.2353706828907
2020-07-21,996.4005884458029,812.1574193890348,184.24316905676812
2020-07-22,1012.9537678383178,827.5573631915419,185.396404646776
2020-07-23,1026.651048308035,840.6700318277631,185.98101648027176
2020-07-24,1028.275175383272,841.894757571014,186.38041781225792
2020-07-25,1063.179696031538,870.4862262238455,192.69346980769248
2020-07-26,1072.2731100909728,877.0309567432143,195.2421533477585
2020-07-27,1119.1735114967364,915.1666324225464,204.0068790741901
2020-07-28,1108.4362199329632,906.2209354865458,202.21528444641731
2020-07-29,1117.4797433526949,913.917731672585,203.56201168010992
2020-07-30,1136.1726977011951,929.1021225320109,207.07057516918437
2020-07-31,1158.4157784608735,947.5970722492077,210.81870621166584
2020-08-01,1222.0296579979326,1000.1154302345428,221.91422776338993
2020-08-02,1155.7450584846158,944.6090908087019,211.13596767591386
2020-08-03,1164.2498068252287,953.1138391493148,211.13596767591386
2020-08-04,1166.955536382522,955.8195687066082,211.13596767591386
2020-08-05,1187.7054139985737,976.5694463226599,211.13596767591386
2020-08-06,1182.7750533139515,971.6390856380376,211.13596767591386
2020-08-07,1165.7766119303074,954.6406442543935,211.13596767591386
2020-08-08,1184.75844867623,973.6224810003163,211.13596767591386
2020-08-09,1177.0772335742163,965.9412658983024,211.13596767591386
2020-08-10,1185.9404268485407,974.8044591726268,211.13596767591386
2020-08-11,1161.4909302667077,950.3549625907938,211.13596767591386
2020-08-12,1172.1395526765873,961.0035850006734,211.13596767591386
2020-08-13,1209.448205192561,998.3837886623946,211.06441653016637
2020-08-14,1223.385135522564,1010.0336575899536,213.35147793261038
2020-08-15,1219.0854003575694,1006.7097577617424,212.37564259582697
2020-08-16,1221.6122443243016,1009.017502257349,212.59474206695276
2020-08-17,1224.9061909435563,1013.5631749862886,211.3430159572678
2020-08-18,1208.9769668219872,1000.9982715464629,207.97869527552425
2020-08-19,1188.2287180873134,983.4947467016534,204.73397138566
2020-08-20,1195.7484888481843,991.0145174625243,204.73397138566
2020-08-21,1159.9105359185335,955.1765645328734,204.73397138566
2020-08-22,1170.5062897508271,965.772318365167,204.73397138566
2020-08-23,1166.0217662272614,961.2877948416013,204.73397138566
2020-08-24,1184.2246150840863,979.4906436984263,204.73397138566
2020-08-25,1151.4629856436907,946.7290142580307,204.73397138566
2020-08-26,1154.0168700530432,949.2828986673832,204.73397138566
2020-08-27,1151.7644858864614,947.0305145008015,204.73397138566
2020-08-28,1162.2637884582437,957.5298170725837,204.73397138566
2020-08-29,1162.0796042964253,957.3456329107653,204.73397138566
2020-08-30,1198.4830744498277,991.833193480745,206.6498809690826
2020-08-31,1201.6603858662356,994.2171973968393,207.44318846939635
2020-09-01,1253.764899595268,1039.586773488211,214.17812610705684
2020-09-02,1193.5423758970046,988.8959077972531,204.64646809975136
2020-09-03,1141.5985395860555,936.9520714863041,204.64646809975136
2020-09-04,1141.5985395860555,936.9520714863041,204.64646809975136
2020-09-05,1141.5985395860555,936.9520714863041,204.64646809975136
2020-09-06,1141.5985395860555,936.9520714863041,204.64646809975136
2020-09-07,1141.5985395860555,936.9520714863041,204.64646809975136
2020-09-08,1141.5985395860555,936.9520714863041,204.64646809975136
2020-09-09,1141.5985395860555,936.9520714863041,204.64646809975136
2020-09-10,1141.5985395860555,936.9520714863041,204.64646809975136
2020-09-11,1141.5985395860555,936.9520714863041,204.64646809975136
2020-09-12,1141.5985395860555,936.9520714863041,204.64646809975136
2020-09-13,1141.5985395860555,936.9520714863041,204.64646809975136
2020-09-14,1141.5985395860555,936.9520714863041,204.64646809975136
2020-09-15,1141.5985395860555,936.9520714863041,204.64646809975136
2020-09-16,1139.3647224661122,935.0529673691326,204.31175509697968
2020-09-17,1138.877724688879,934.6416762476374,204.2360484412416
2020-09-18,1138.6484675326924,934.4480584586313,204.20040907406104
2020-09-19,1143.763680990278,938.7680820357613,204.9955989545169
2020-09-20,1132.506669547903,928.3770532168323,204.12961633107057
2020-09-21,1130.916686841941,928.3770532168323,202.53963362510868
2020-09-22,1130.916686841941,928.3770532168323,202.53963362510868
2020-09-23,1130.916686841941,928.3770532168323,202.53963362510868
2020-09-24,1130.916686841941,928.3770532168323,202.53963362510868
2020-09-25,1130.916686841941,928.3770532168323,202.53963362510868
2020-09-26,1130.916686841941,928.3770532168323,202.53963362510868
2020-09-27,1130.916686841941,928.3770532168323,202.53963362510868
2020-09-28,1130.916686841941,928.3770532168323,202.53963362510868
2020-09-29,1130.916686841941,928.3770532168323,202.53963362510868
2020-09-30,1130.916686841941,928.3770532168323,202.53963362510868
2020-10-01,1130.916686841941,928.3770532168323,202.53963362510868
2020-10-02,1130.916686841941,928.3770532168323,202.53963362510868
2020-10-03,1130.916686841941,928.3770532168323,202.53963362510868
2020-10-04,1130.916686841941,928.3770532168323,202.53963362510868
2020-10-05,1130.916686841941,928.3770532168323,202.53963362510868
2020-10-06,1130.916686841941,928.3770532168323,202.53963362510868
2020-10-07,1130.916686841941,928.3770532168323,202.53963362510868
2020-10-08,1130.916686841941,928.3770532168323,202.53963362510868
2020-10-09,1135.1671112142744,932.683915904392,202.4831953098823
2020-10-10,1139.585549188328,936.9930117569093,202.59253743141883
2020-10-11,1143.7418045578206,940.0714394099605,203.67036514786022
2020-10-12,1156.278906097527,949.4615731836071,206.81733291391976
2020-10-13,1146.8725365331813,941.642532350617,205.23000418256433
2020-10-14,1144.3509539326235,939.5759220716806,204.77503186094302
2020-10-15,1141.1818062283876,936.149705076366,205.0321011520216
2020-10-16,1132.5900531399382,930.6408495781195,201.9492035618187
2020-10-17,1134.0149526784878,931.8529163852687,202.16203629321907
2020-10-18,1138.9972212704708,936.0909992965677,202.90622197390323
2020-10-19,1147.6529282765378,943.4538307598592,204.1990975166785
2020-10-20,1153.1782481114417,948.1538510697733,205.02439704166844
2020-10-21,1176.2698646735444,967.0470271323327,209.2228375412118
2020-10-22,1207.49594517121,993.1482156973184,214.34772947389163
2020-10-23,1200.8161688093755,987.5611121357045,213.25505667367094
2020-10-24,1210.585151127063,995.8152650116257,214.7698861154374
2020-10-25,1201.1212697448145,987.8868810636718,213.2343886811426
2020-10-26,1187.7190947915185,976.9874426166592,210.7316521748593
2020-10-27,1217.6575203775742,1003.8855047368836,213.77201564069068
2020-10-28,1189.5735841807473,979.6400899285036,209.93349425224372
2020-10-29,1194.2569347762558,984.3234405240121,209.93349425224372
2020-10-30,1189.6455371120144,979.7120428597707,209.93349425224372
2020-10-31,1195.7513442037007,986.5908502109448,209.16049399275593
2020-11-01,1194.732551006168,985.7120073488416,209.02054365732639
2020-11-02,1186.644702516304,979.3923823882328,207.25232012807115
2020-11-03,1200.770537482232,993.5182173541607,207.25232012807115
2020-11-04,1204.484719108409,997.1074711855573,207.3772479228518
2020-11-05,1256.0252696434086,1041.766651820876,214.25861782253273
2020-11-06,1293.2990498341092,1072.5832199346528,220.71582989945634
2020-11-07,1233.079582323941,1021.0850322700171,211.9945500539239
2020-11-08,1284.7841977576159,1069.624441269545,215.15975648807088
2020-11-09,1257.998159445025,1044.4931310980116,213.50502834701345
2020-11-10,1286.747593743431,1072.2444227702485,214.50317097318236
2020-11-11,1283.8696649711603,1067.2524876053444,216.61717736581588
2020-11-12,1291.5115522481651,1075.0104379784154,216.50111426974973
2020-11-13,1306.0483048450742,1087.2192964770832,218.82900836799095
2020-11-14,1283.4541851191427,1067.2017774838205,216.25240763532227
2020-11-15,1267.5950408560611,1053.4665878787496,214.12845297731164
2020-11-16,1301.964254815444,1086.0862979540213,215.8779568614227
2020-11-17,1354.8425829346447,1131.7242346623111,223.11834827233352
2020-11-18,1355.1285887722784,1132.1787218510526,222.94986692122572
2020-11-19,1349.052137185707,1127.1861367514502,221.86600043425668
2020-11-20,1415.6256299887941,1184.015426251374,231.61020373742
2020-11-21,1456.992240799988,1218.1939177487695,238.79832305121832
2020-11-22,1434.372724160848,1195.4204968451638,238.95222731568427
2020-11-23,1491.3281607404742,1244.5057505036248,246.82241023684955
2020-11-24,1514.7967723459367,1265.5088998747165,249.2878724712202
2020-11-25,1458.5825393610692,1222.2714692654054,236.3110700956639
2020-11-26,1338.129674520349,1106.022776604546,232.106897915803
2020-11-27,1336.9036123919195,1104.7967144761164,232.106897915803
2020-11-28,1369.4222975616576,1137.3153996458545,232.106897915803
2020-11-29,1414.6284542054602,1182.5215562896572,232.106897915803
2020-11-30,1492.26579056862,1260.158892652817,232.106897915803
2020-12-01,1439.1496041505848,1207.0427062347817,232.106897915803
2020-12-02,1461.6333286468152,1229.5264307310122,232.106897915803
2020-12-03,1483.449083530103,1251.3421856143,232.106897915803
2020-12-04,1421.1732529573796,1189.0663550415766,232.106897915803
2020-12-05,1459.8794521756959,1227.7725542598928,232.106897915803
2020-12-06,1470.0191873939098,1237.9122894781067,232.106897915803
2020-12-07,1455.99036995113,1223.883472035327,232.106897915803
2020-12-08,1401.5059862504056,1169.3990883346025,232.106897915803
2020-12-09,1422.6478856036063,1190.5409876878032,232.106897915803
2020-12-10,1402.710033418887,1170.6031355030839,232.106897915803
2020-12-11,1384.442518172231,1152.335620256428,232.106897915803
2020-12-12,1426.5320455549415,1194.4251476391385,232.106897915803
2020-12-13,1455.762520097257,1223.655622181454,232.106897915803
2020-12-14,1455.1215716439742,1223.0146737281711,232.106897915803
2020-12-15,1461.3346826687718,1229.481076366692,231.8536063020799
2020-12-16,1566.387399082278,1325.5941613328791,240.79323774939888
2020-12-17,1620.2563810309505,1373.6005594093585,246.6558216215919
2020-12-18,1641.154750180903,1391.85616429194,249.29858588896278
2020-12-19,1668.883820720431,1416.5127299189403,252.37109080149074
2020-12-20,1637.874623163941,1389.5600638861129,248.31455927782798
2020-12-21,1584.1503018117974,1342.9028621638593,241.24743964793814
2020-12-22,1643.7917506010308,1398.7455129662826,245.0462376347481
2020-12-23,1583.4204356295295,1340.3867169670984,243.03371866243097
2020-12-24,1591.0954406402916,1346.3332737682224,244.7621668720691
2020-12-25,1623.8117533457014,1375.6261490570446,248.1856042886569
2020-12-26,1677.1848935060598,1422.7986849439587,254.38620856210113
2020-12-27,1702.110118505922,1450.0941458012305,252.01597270469145
2020-12-28,1766.1077720888115,1505.7926693376553,260.31510275115613
2020-12-29,1779.6054727981232,1518.032596584426,261.5728762136972
2020-12-30,1833.2550262229597,1564.034037304554,269.2209889184057
2020-12-31,1814.1303950171803,1546.6617386298308,267.4686563873495
2021-01-01,1821.398931240597,1553.424931626305,267.97399961429204
2021-01-02,1945.6750420052738,1662.2256591825746,283.44938282269914
2021-01-03,2171.8145966075044,1860.6728208451516,311.14177576235284
2021-01-04,2195.5495452319633,1898.8012734905917,296.74827174137164
2021-01-05,2271.7602064503203,1975.0119347089485,296.74827174137164
2021-01-06,2417.5851575366937,2120.9374461849175,296.6477113517763
2021-01-07,2546.90283861494,2242.9723169922986,303.9305216226414
2021-01-08,2641.403918792176,2334.3268168363143,307.07710195586145
2021-01-09,2679.557495506904,2373.8330459521167,305.7244495547877
2021-01-10,2605.7322974280714,2305.308624038918,300.4236733891535
2021-01-11,2368.77014076426,2077.9861520251407,290.7839887391194
2021-01-12,2341.054607392536,2050.270618653417,290.7839887391194
2021-01-13,2489.0877380456795,2198.3037493065603,290.7839887391194
2021-01-14,2597.9854003228447,2307.2014115837255,290.7839887391194
2021-01-15,2466.8116404642387,2176.027651725119,290.7839887391194
2021-01-16,2487.1377362005633,2196.3537474614436,290.7839887391194
2021-01-17,2485.4992943488915,2194.7153056097723,290.7839887391194
2021-01-18,2528.0839216507748,2237.2999329116556,290.7839887391194
2021-01-19,2586.4391098977094,2292.0402276141544,294.398882283555
2021-01-20,2583.17024930064,2287.7830573230012,295.38719197763885
2021-01-21,2253.172181815953,1973.888462104874,279.28371971107896
2021-01-22,2340.5444432302047,2061.260723519126,279.28371971107896
2021-01-23,2341.2482474073045,2061.9645276962256,279.28371971107896
2021-01-24,2455.3722492266265,2176.0885295155476,279.28371971107896
2021-01-25,2353.4636039967113,2074.1798842856324,279.28371971107896
2021-01-26,2395.951634450467,2116.667914739388,279.28371971107896
2021-01-27,2282.4975962977223,2003.2138765866434,279.28371971107896
2021-01-28,2355.1656149409405,2075.8818952298616,279.28371971107896
2021-01-29,2397.9576708335644,2126.9291882311813,271.02848260238295
2021-01-30,2421.313411366965,2150.338874818528,270.9745365484369
2021-01-31,2357.488221658624,2086.2010838042083,271.2871378544157
2021-02-01,2435.315530347891,2159.405720936083,275.90980941180817
2021-02-02,2610.187866945304,2326.777468146155,283.41039879914905
2021-02-03,2800.946895833109,2500.9186466869787,300.0282491461303
2021-02-04,2791.098335124577,2487.0551487993853,304.0431863251915
2021-02-05,2924.678032857525,2608.6023845530212,316.0756483045037
2021-02-06,2853.412660389426,2552.5849544465564,300.82770594286967
2021-02-07,2821.570067543036,2537.2231325066714,284.3469350363647
2021-02-08,3084.494554239008,2792.41326519712,292.0812890418877
2021-02-09,3094.8406990778585,2803.1887171614444,291.6519819164141
2021-02-10,3147.608263472965,2846.821549083927,300.7867143890382
2021-02-11,3247.780267392514,2939.903123468909,307.8771439236047
2021-02-12,3273.9224367820634,2967.4585632978497,306.4638734842137
2021-02-13,3219.3823759073657,2918.8752783197947,300.5070975875712
2021-02-14,3233.206751019769,2931.0392326361307,302.16751838363837
2021-02-15,3203.4513128907274,2912.8126311361043,290.63868175462324
2021-02-16,3194.6426979927205,2901.667350073574,292.9753479191463
2021-02-17,3296.193365681735,2997.5094296327825,298.6839360489526
2021-02-18,3397.879155590203,3097.9889901690203,299.8901654211826
2021-02-19,3651.221725357415,3338.5752337728263,312.6464915845888
2021-02-20,3509.126513841958,3214.505884718521,294.62062912343714
2021-02-21,3620.810494802422,3323.193633983521,297.61686081890093
2021-02-22,3653.343869104741,3360.6826594754493,292.6612096292916
2021-02-23,3479.763988553504,3182.9469162285295,296.8170723249746
2021-02-24,3623.192390336807,3316.339423085352,306.8529672514552
2021-02-25,3356.4237069212454,3066.729348730856,289.6943581903891
2021-02-26,3326.2189241631722,3037.8044044783455,288.4145196848267
2021-02-27,3296.1891705793687,3009.930722575915,286.2584480034536
2021-02-28,3263.6265557558727,2977.3681077524193,286.2584480034536
2021-03-01,3384.880812105558,3098.6223641021043,286.2584480034536
2021-03-02,3306.208192240888,3019.949744237434,286.2584480034536
2021-03-03,3320.613618708656,3034.3551707052025,286.2584480034536
2021-03-04,3226.4739934372874,2940.215545433834,286.2584480034536
2021-03-05,3199.599681191504,2913.34123318805,286.2584480034536
2021-03-06,3232.324986255193,2946.0665382517395,286.2584480034536
2021-03-07,3306.4208001951292,3020.162352191676,286.2584480034536
2021-03-08,3309.4622346267697,3023.2037866233163,286.2584480034536
2021-03-09,3442.2959273219344,3153.217376069958,289.07855125197653
2021-03-10,3366.631808538203,3079.547219034559,287.08458950364417
2021-03-11,3515.964677053597,3227.352865633804,288.6118114197931
2021-03-12,3377.42752591136,3096.2331395018928,281.1943864094672
2021-03-13,3558.3475210452566,3269.967417379685,288.3801036655718
2021-03-14,3434.5453381898365,3150.1869623629636,284.35837582687265
2021-03-15,3330.153318881986,3051.9950304558424,278.15828842614354
2021-03-16,3323.205195570004,3045.0469071438606,278.15828842614354
2021-03-17,3397.0253559332323,3118.867067507089,278.15828842614354
2021-03-18,3351.219697102467,3073.0614086763235,278.15828842614354
2021-03-19,3373.1919664499474,3095.033678023804,278.15828842614354
2021-03-20,3374.527337795076,3096.369049368933,278.15828842614354
2021-03-21,3359.39490302301,3081.2366145968667,278.15828842614354
2021-03-22,3274.5524415849563,3001.933507322254,272.6189342627022
2021-03-23,3238.5997062924116,2965.9807720297094,272.6189342627022
2021-03-24,3174.7878259156173,2902.168891652915,272.6189342627022
2021-03-25,3143.8023351195916,2871.1834008568894,272.6189342627022
2021-03-26,3143.0215878435624,2870.4026535808603,272.6189342627022
2021-03-27,3151.0181712729236,2878.3992370102214,272.6189342627022
2021-03-28,3230.4941901286957,2955.082022446663,275.41216768203265
2021-03-29,3325.5474456247466,3047.1897788682973,278.35766675644913
2021-03-30,3357.560890112513,3078.608295026332,278.9525950861807
2021-03-31,3419.2424232689264,3138.760660751022,280.4817625179043
2021-04-01,3431.0480645214066,3149.40389794321,281.6441665781965
2021-04-02,3570.6828012193573,3280.3311269125657,290.35167430679167
2021-04-03,3620.482611522108,3329.9308186772873,290.5517928448207
2021-04-04,3738.1115547900627,3440.038224291463,298.07333049859994
2021-04-05,3723.262851094254,3426.401687089213,296.8611640050415
2021-04-06,3826.0862609870114,3521.9393092002647,304.14695178674674
2021-04-07,3796.6652920101737,3494.5819446479622,302.08334736221144
2021-04-08,3894.8751091561408,3585.8615010287017,309.01360812743883
2021-04-09,3923.037764635813,3612.3727219120774,310.6650427237357
2021-04-10,3948.090093801904,3640.3162739924883,307.7738198094156
2021-04-11,4018.3065008140675,3706.125931830077,312.18056898399044
2021-04-12,4043.2958638204746,3729.427367024723,313.8684967957517
2021-04-13,4149.532359834298,3830.8569291675985,318.67543066669964
2021-04-14,4168.668243931165,3848.0426509913195,320.6255929398454
2021-04-15,4295.316311426033,3965.868363597003,329.4479478290309
2021-04-16,4071.7410042667543,3758.4084600833403,313.3325441834141
2021-04-17,3958.013661247411,3651.491124310184,306.52253693722713
2021-04-18,4181.749167443611,3877.2277468956477,304.5214205479636
2021-04-19,4094.1975024924927,3792.002698984965,302.19480350752787
2021-04-20,4203.5347286937385,3900.716498369663,302.8182303240758
2021-04-21,4262.977478979781,3957.8705699757074,305.10690900407417
2021-04-22,4605.357965619161,4291.601271541234,313.7566940779271
2021-04-23,4509.850277381432,4200.158369198019,309.6919081834131
2021-04-24,4598.959944349551,4279.983093315282,318.97685103426954
2021-04-25,4999.227323544135,4662.586533330084,336.64079021405047
2021-04-26,4939.670863056921,4612.5200442799205,327.15081877700084
2021-04-27,4978.986939728097,4653.786951309279,325.19998841881795
2021-04-28,5116.1447379591755,4783.525407243273,332.61933071590306
2021-04-29,5000.411017024385,4673.803087618074,326.607929406311
2021-04-30,5026.080578497741,4697.4297465483905,328.6508319493503
2021-05-01,5479.587721535285,5126.202888237554,353.38483329773
2021-05-02,5318.6606522570055,4974.414889093077,344.2457631639285
2021-05-03,5572.490232412108,5213.0970451658395,359.39318724626844
2021-05-04,5239.923826918446,4901.259067275218,338.66475964322893
2021-05-05,5535.267942772341,5180.281136316311,354.9868064560296
2021-05-06,5437.629783997996,5087.848271401556,349.7815125964396
2021-05-07,5411.602181440577,5066.621866966214,344.980314474363
2021-05-08,5793.831258519538,5433.728008878295,360.1032496412423
2021-05-09,5739.55365351484,5378.969747818913,360.5839056959275
2021-05-10,5680.835564383991,5319.481696140274,361.3538682437177
2021-05-11,5902.335963727563,5532.992110212499,369.34385351506336
2021-05-12,5647.583311355844,5290.536388198192,357.046923157652
2021-05-13,5451.005695441059,5099.827347308228,351.17834813283105
2021-05-14,5737.588129396066,5386.409781263234,351.17834813283105
2021-05-15,5529.032549148025,5177.854201015194,351.17834813283105
2021-05-16,5656.196409999411,5305.01806186658,351.17834813283105
2021-05-17,5476.518464663914,5125.3401165310825,351.17834813283105
2021-05-18,5985.68672424476,5631.6870591343495,353.9996651104102
2021-05-19,4776.75792524801,4441.381824506505,335.37610074150535
2021-05-20,4776.75792524801,4441.381824506505,335.37610074150535
2021-05-21,4776.75792524801,4441.381824506505,335.37610074150535
2021-05-22,4776.75792524801,4441.381824506505,335.37610074150535
2021-05-23,4776.75792524801,4441.381824506505,335.37610074150535
2021-05-24,4776.75792524801,4441.381824506505,335.37610074150535
2021-05-25,4776.75792524801,4441.381824506505,335.37610074150535
2021-05-26,4776.75792524801,4441.381824506505,335.37610074150535
2021-05-27,4776.75792524801,4441.381824506505,335.37610074150535
2021-05-28,4776.75792524801,4441.381824506505,335.37610074150535
2021-05-29,4776.75792524801,4441.381824506505,335.37610074150535
2021-05-30,4776.75792524801,4441.381824506505,335.37610074150535
2021-05-31,4776.75792524801,4441.381824506505,335.37610074150535
2021-06-01,4776.75792524801,4441.381824506505,335.37610074150535
2021-06-02,4776.75792524801,4441.381824506505,335.37610074150535
2021-06-03,4821.884777869483,4483.852402530901,338.0323753385819
2021-06-04,4719.360405998007,4393.5580984101825,325.8023075878244
2021-06-05,4810.891072056774,4485.088764468949,325.8023075878244
2021-06-06,4912.107904275041,4587.6669226838285,324.4409815912124
2021-06-07,4745.6761217091935,4429.332829327269,316.34329238192413
2021-06-08,4715.24970309355,4398.906410711626,316.34329238192413
2021-06-09,4715.24970309355,4398.906410711626,316.34329238192413
2021-06-10,4715.24970309355,4398.906410711626,316.34329238192413
2021-06-11,4715.24970309355,4398.906410711626,316.34329238192413
2021-06-12,4715.24970309355,4398.906410711626,316.34329238192413
2021-06-13,4715.24970309355,4398.906410711626,316.34329238192413
2021-06-14,4715.24970309355,4398.906410711626,316.34329238192413
2021-06-15,4715.24970309355,4398.906410711626,316.34329238192413
2021-06-16,4715.24970309355,4398.906410711626,316.34329238192413
2021-06-17,4715.24970309355,4398.906410711626,316.34329238192413
2021-06-18,4715.24970309355,4398.906410711626,316.34329238192413
2021-06-19,4715.24970309355,4398.906410711626,316.34329238192413
2021-06-20,4715.24970309355,4398.906410711626,316.34329238192413
2021-06-21,4715.24970309355,4398.906410711626,316.34329238192413
2021-06-22,4715.24970309355,4398.906410711626,316.34329238192413
2021-06-23,4715.24970309355,4398.906410711626,316.34329238192413
2021-06-24,4715.24970309355,4398.906410711626,316.34329238192413
2021-06-25,4715.24970309355,4398.906410711626,316.34329238192413
2021-06-26,4715.24970309355,4398.906410711626,316.34329238192413
2021-06-27,4715.24970309355,4398.906410711626,316.34329238192413
2021-06-28,4715.24970309355,4398.906410711626,316.34329238192413
2021-06-29,4657.797830636384,4341.45453825446,316.34329238192413
2021-06-30,4569.254497001215,4252.911204619291,316.34329238192413
2021-07-01,4569.254497001215,4252.911204619291,316.34329238192413
2021-07-02,4569.254497001215,4252.911204619291,316.34329238192413
2021-07-03,4569.254497001215,4252.911204619291,316.34329238192413
2021-07-04,4568.474119962066,4252.911204619291,315.56291534277426
2021-07-05,4561.529257707764,4252.911204619291,308.6180530884732
2021-07-06,4561.529257707764,4252.911204619291,308.6180530884732
2021-07-07,4560.868317106385,4252.911204619291,307.95711248709347
2021-07-08,4555.537304609101,4252.911204619291,302.62609998980923
2021-07-09,4555.537304609101,4252.911204619291,302.62609998980923
2021-07-10,4555.537304609101,4252.911204619291,302.62609998980923
2021-07-11,4555.537304609101,4252.911204619291,302.62609998980923
2021-07-12,4555.537304609101,4252.911204619291,302.62609998980923
2021-07-13,4555.537304609101,4252.911204619291,302.62609998980923
2021-07-14,4555.537304609101,4252.911204619291,302.62609998980923
2021-07-15,4555.537304609101,4252.911204619291,302.62609998980923
2021-07-16,4555.537304609101,4252.911204619291,302.62609998980923
2021-07-17,4555.537304609101,4252.911204619291,302.62609998980923
2021-07-18,4555.537304609101,4252.911204619291,302.62609998980923
2021-07-19,4555.537304609101,4252.911204619291,302.62609998980923
2021-07-20,4555.537304609101,4252.911204619291,302.62609998980923
2021-07-21,4555.537304609101,4252.911204619291,302.62609998980923
2021-07-22,4555.537304609101,4252.911204619291,302.62609998980923
2021-07-23,4552.465791768222,4249.839691778412,302.62609998980923
2021-07-24,4613.97148683828,4311.34538684847,302.62609998980923
2021-07-25,4646.286064606906,4343.659964617096,302.62609998980923
2021-07-26,4705.303940505912,4402.677840516102,302.62609998980923
2021-07-27,4661.540712618604,4358.914612628794,302.62609998980923
2021-07-28,4649.767940182192,4347.141840192383,302.62609998980923
2021-07-29,4649.347829017411,4347.095484683294,302.2523443341172
2021-07-30,4664.4156520219785,4359.571465722631,304.8441862993476
2021-07-31,4896.426575491725,4581.414215620115,315.0123598716097
2021-08-01,4776.380107558102,4467.341260133614,309.03884742448804
2021-08-02,4758.954442850089,4452.2271756591135,306.7272671909761
2021-08-03,4715.395636488701,4406.495761823742,308.89987466495825
2021-08-04,4944.681136312722,4631.9479296974005,312.73320661532136
2021-08-05,5116.2916240544555,4799.868690673618,316.422933380837
2021-08-06,5304.911219274067,4985.067371017803,319.84384825626313
2021-08-07,5547.132175261202,5216.60737670045,330.52479856075195
2021-08-08,5340.386410408262,5020.047155289405,320.3392551188573
2021-08-09,5562.415039375858,5233.788035806587,328.62700356927127
2021-08-10,5618.950170602348,5286.463352249676,332.48681835267223
2021-08-11,5674.87462368836,5339.357692033045,335.51693165531464
2021-08-12,5535.687259197211,5205.980237065927,329.70702213128345
2021-08-13,5998.341551027963,5648.8820849197655,349.4594661081977
2021-08-14,5903.9717350259725,5558.490385470042,345.4813495559305
2021-08-15,6348.962412181377,5979.962262810568,369.0001493708086
2021-08-16,6571.422905387739,6189.228811477043,382.19409391069644
2021-08-17,6529.799008576002,6148.147885470784,381.6511231052179
2021-08-18,6867.549290633046,6506.553280641332,360.99600999171474
2021-08-19,7047.355111755931,6686.359101764217,360.99600999171474
2021-08-20,7431.06333983145,7069.13681426944,361.92652556201006
2021-08-21,7170.81122109851,6809.723442202183,361.08777889632734
2021-08-22,7149.804653911999,6788.017612289098,361.78704162290086
2021-08-23,7336.317784467563,6974.112492085264,362.20529238229835
2021-08-24,6965.055271907807,6605.890712643262,359.1645592645442
2021-08-25,6919.182763187053,6557.841232427925,361.3415307591273
2021-08-26,6764.331362105692,6406.755723612674,357.5756384930181
2021-08-27,7183.445855110937,6825.870216617919,357.5756384930181
2021-08-28,7454.119321222102,7094.636249892136,359.48307132996615
2021-08-29,7361.842267381473,7004.949578724147,356.89268865732595
2021-08-30,7915.141587020514,7537.395666998516,377.7459200219973
2021-08-31,7986.828592229666,7611.805943570833,375.0226486588339
2021-09-01,8426.69183159472,8034.6136779258795,392.0781536688418
2021-09-02,9063.641121289256,8650.188335976534,413.4527853127212
2021-09-03,9880.554423933454,9439.069134861107,441.4852890723464
2021-09-04,9555.638331922948,9125.907289270872,429.7310426520763
2021-09-05,9771.213246745996,9332.29888631366,438.91436043233693
2021-09-06,10611.144609418023,10142.718029528733,468.4265798892901
2021-09-07,10407.338918680798,9965.341414040971,441.9975046398263
2021-09-08,10911.1720877469,10469.174583107073,441.9975046398263
2021-09-09,10776.299584910268,10356.123854726437,420.1757301838318
2021-09-10,10465.757668110371,10055.379929867686,410.37773824268595
2021-09-11,10445.466511734357,10035.088773491672,410.37773824268595
2021-09-12,10273.3540246164,9862.976286373714,410.37773824268595
2021-09-13,10100.879195420297,9690.501457177612,410.37773824268595
2021-09-14,9714.984882197927,9304.607143955242,410.37773824268595
2021-09-15,9796.915647172074,9386.53790892939,410.37773824268595
2021-09-16,9522.533756770415,9112.15601852773,410.37773824268595
2021-09-17,9229.881955996461,8819.504217753776,410.37773824268595
2021-09-18,10059.683616289454,9649.305878046769,410.37773824268595
2021-09-19,9364.903682997527,8954.525944754841,410.37773824268595
2021-09-20,8640.581868789528,8230.204130546843,410.37773824268595
2021-09-21,8431.54853561918,8021.170797376495,410.37773824268595
2021-09-22,8431.54853561918,8021.170797376495,410.37773824268595
2021-09-23,8431.54853561918,8021.170797376495,410.37773824268595
2021-09-24,8431.54853561918,8021.170797376495,410.37773824268595
2021-09-25,8431.54853561918,8021.170797376495,410.37773824268595
2021-09-26,8431.54853561918,8021.170797376495,410.37773824268595
2021-09-27,8431.54853561918,8021.170797376495,410.37773824268595
2021-09-28,8431.54853561918,8021.170797376495,410.37773824268595
2021-09-29,8431.54853561918,8021.170797376495,410.37773824268595
2021-09-30,8431.54853561918,8021.170797376495,410.37773824268595
2021-10-01,8735.15477471441,8316.760175657091,418.39459905731906
2021-10-02,9001.433973332076,8572.836485274893,428.597488057183
2021-10-03,9156.499390153465,8721.591030825657,434.9083593278084
2021-10-04,8981.222199827127,8552.204484527214,429.01771529991373
2021-10-05,9043.603580868554,8608.666922994118,434.9366578744351
2021-10-06,8757.916115479908,8329.625177861068,428.2909376188403
2021-10-07,8775.454426822722,8349.013616225038,426.4408105976841
2021-10-08,8894.592295269207,8468.864796293314,425.72749897589426
2021-10-09,8844.592422790742,8416.865595733316,427.72682705742517
2021-10-10,8460.847048278383,8039.958809997344,420.8882382810392
2021-10-11,8280.977059476965,7857.398345728183,423.57871374878204
2021-10-12,8247.681309891927,7826.368332524417,421.3129773675087
2021-10-13,8278.620599669584,7855.202240223773,423.41835944581146
2021-10-14,8371.461830897166,7946.2371234798065,425.2247074173589
2021-10-15,8521.803646367236,8087.138280277448,434.66536608978777
2021-10-16,8477.503412448761,8045.458218638297,432.04519381046475
2021-10-17,8503.627785772727,8069.975536207714,433.65224956501294
2021-10-18,8445.82925662403,8015.080509025412,430.7487475986193
2021-10-19,8581.344048862893,8142.383217887265,438.9608309756283
2021-10-20,8999.683827242894,8540.486654070533,459.1971731723615
2021-10-21,9199.884894352967,8738.77549128464,461.1094030683276
2021-10-22,9261.834774947525,8799.609276045152,462.22549890237264
2021-10-23,9439.217263327953,8975.602605116528,463.6146582114245
2021-10-24,9489.276008429395,9021.484357501027,467.7916509283681
2021-10-25,9823.313861967927,9348.32902995981,474.98483200811603
2021-10-26,9450.414442152485,8984.801678085576,465.61276406691
2021-10-27,8876.294409618002,8423.997737701291,452.2966719167101
2021-10-28,9374.358959353596,8922.062287436886,452.2966719167101
2021-10-29,9620.480190327513,9167.077237106132,453.4029532213809
2021-10-30,9428.821008107552,8978.487109170575,450.3338989369763
2021-10-31,9560.120398567791,9114.749039793005,445.3713587747854
2021-11-01,9608.693327131874,9163.321968357088,445.3713587747854
2021-11-02,10255.911673234774,9809.765465191686,446.14620804308896
2021-11-03,10840.121398706333,10378.139338438641,461.98206026769253
2021-11-04,10857.766788903908,10394.95334600353,462.8134429003761
2021-11-05,10524.080448381965,10071.713431993794,452.36701638817004
2021-11-06,11143.988574374125,10672.585560798918,471.4030135752074
2021-11-07,11017.31919723576,10550.061640402046,467.2575568337147
2021-11-08,11190.260945854137,10715.276039561712,474.9849062924252
2021-11-09,10891.853781628462,10427.201789054154,464.6519925743081
2021-11-10,10573.482352293246,10126.2441133837,447.2382389095463
2021-11-11,10639.108303475236,10191.87006456569,447.2382389095463
2021-11-12,10481.578978576257,10034.340739666712,447.2382389095463
2021-11-13,10789.44564629416,10342.207407384614,447.2382389095463
2021-11-14,10725.70625876888,10278.468019859334,447.2382389095463
2021-11-15,10637.219424760484,10189.981185850938,447.2382389095463
2021-11-16,9915.809206927775,9468.57096801823,447.2382389095463
2021-11-17,9913.298866979758,9466.060628070212,447.2382389095463
2021-11-18,9629.633590778625,9182.39535186908,447.2382389095463
2021-11-19,9629.633590778625,9182.39535186908,447.2382389095463
2021-11-20,9629.633590778625,9182.39535186908,447.2382389095463
2021-11-21,9660.487899908063,9213.249660998517,447.2382389095463
2021-11-22,9327.855729518074,8880.617490608529,447.2382389095463
2021-11-23,9465.189118901608,9017.950879992062,447.2382389095463
2021-11-24,9249.481503808072,8802.243264898527,447.2382389095463
2021-11-25,9276.033712074528,8828.795473164982,447.2382389095463
2021-11-26,8944.542841190598,8497.304602281052,447.2382389095463
2021-11-27,8944.542841190598,8497.304602281052,447.2382389095463
2021-11-28,8944.542841190598,8497.304602281052,447.2382389095463
2021-11-29,8944.542841190598,8497.304602281052,447.2382389095463
2021-11-30,8963.569690268145,8515.306832090148,448.2628581779969
2021-12-01,9158.317259464493,8711.375711410004,446.94154805448767
2021-12-02,9196.674755519767,8748.819615855668,447.8551396641004
2021-12-03,8599.630665640267,8176.801690014344,422.82897562592365
2021-12-04,8599.630665640267,8176.801690014344,422.82897562592365
2021-12-05,8599.630665640267,8176.801690014344,422.82897562592365
2021-12-06,8599.630665640267,8176.801690014344,422.82897562592365
2021-12-07,8599.630665640267,8176.801690014344,422.82897562592365
2021-12-08,8599.630665640267,8176.801690014344,422.82897562592365
2021-12-09,8599.630665640267,8176.801690014344,422.82897562592365
2021-12-10,8599.630665640267,8176.801690014344,422.82897562592365
2021-12-11,8599.630665640267,8176.801690014344,422.82897562592365
2021-12-12,8599.630665640267,8176.801690014344,422.82897562592365
2021-12-13,8599.630665640267,8176.801690014344,422.82897562592365
2021-12-14,8599.630665640267,8176.801690014344,422.82897562592365
2021-12-15,8599.630665640267,8176.801690014344,422.82897562592365
2021-12-16,8599.630665640267,8176.801690014344,422.82897562592365
2021-12-17,8599.630665640267,8176.801690014344,422.82897562592365
2021-12-18,8599.630665640267,8176.801690014344,422.82897562592365
2021-12-19,8599.630665640267,8176.801690014344,422.82897562592365
2021-12-20,8599.630665640267,8176.801690014344,422.82897562592365
2021-12-21,8599.630665640267,8176.801690014344,422.82897562592365
2021-12-22,8599.630665640267,8176.801690014344,422.82897562592365
2021-12-23,8599.630665640267,8176.801690014344,422.82897562592365
2021-12-24,8595.046081791497,8176.801690014344,418.24439177715374
2021-12-25,8597.422749765961,8176.801690014344,420.6210597516175
2021-12-26,8601.50818997024,8176.801690014344,424.70649995589656
2021-12-27,8599.65196023836,8176.801690014344,422.85027022401607
2021-12-28,8586.051026708014,8176.801690014344,409.2493366936701
2021-12-29,8586.051026708014,8176.801690014344,409.2493366936701
2021-12-30,8586.051026708014,8176.801690014344,409.2493366936701
2021-12-31,8586.051026708014,8176.801690014344,409.2493366936701
2022-01-01,8586.051026708014,8176.801690014344,409.2493366936701
2022-01-02,8586.051026708014,8176.801690014344,409.2493366936701
2022-01-03,8586.051026708014,8176.801690014344,409.2493366936701
2022-01-04,8586.051026708014,8176.801690014344,409.2493366936701
2022-01-05,8586.051026708014,8176.801690014344,409.2493366936701
2022-01-06,8586.051026708014,8176.801690014344,409.2493366936701
2022-01-07,8586.051026708014,8176.801690014344,409.2493366936701
2022-01-08,8586.051026708014,8176.801690014344,409.2493366936701
2022-01-09,8586.051026708014,8176.801690014344,409.2493366936701
2022-01-10,8586.051026708014,8176.801690014344,409.2493366936701
2022-01-11,8586.051026708014,8176.801690014344,409.2493366936701
2022-01-12,8586.051026708014,8176.801690014344,409.2493366936701
2022-01-13,8586.051026708014,8176.801690014344,409.2493366936701
2022-01-14,8586.051026708014,8176.801690014344,409.2493366936701
2022-01-15,8586.051026708014,8176.801690014344,409.2493366936701
2022-01-16,8586.051026708014,8176.801690014344,409.2493366936701
2022-01-17,8586.051026708014,8176.801690014344,409.2493366936701
2022-01-18,8586.051026708014,8176.801690014344,409.2493366936701
2022-01-19,8586.051026708014,8176.801690014344,409.2493366936701
2022-01-20,8586.051026708014,8176.801690014344,409.2493366936701
2022-01-21,8586.051026708014,8176.801690014344,409.2493366936701
2022-01-22,8586.051026708014,8176.801690014344,409.2493366936701
2022-01-23,8586.051026708014,8176.801690014344,409.2493366936701
2022-01-24,8586.051026708014,8176.801690014344,409.2493366936701
2022-01-25,8586.051026708014,8176.801690014344,409.2493366936701
2022-01-26,8586.051026708014,8176.801690014344,409.2493366936701
2022-01-27,8586.051026708014,8176.801690014344,409.2493366936701
2022-01-28,8586.051026708014,8176.801690014344,409.2493366936701
2022-01-29,8586.051026708014,8176.801690014344,409.2493366936701
2022-01-30,8586.051026708014,8176.801690014344,409.2493366936701
2022-01-31,8586.051026708014,8176.801690014344,409.2493366936701
2022-02-01,8586.051026708014,8176.801690014344,409.2493366936701
2022-02-02,8586.051026708014,8176.801690014344,409.2493366936701
2022-02-03,8586.051026708014,8176.801690014344,409.2493366936701
2022-02-04,8606.863199058627,8197.613862364957,409.2493366936701
2022-02-05,8601.848476973011,8192.59914027934,409.2493366936701
2022-02-06,8627.968151206705,8218.718814513035,409.2493366936701
2022-02-07,8707.75864493361,8298.50930823994,409.2493366936701
2022-02-08,8696.100133049864,8286.850796356193,409.2493366936701
2022-02-09,8786.916577749013,8377.667241055342,409.2493366936701
2022-02-10,8656.624383894292,8247.375047200621,409.2493366936701
2022-02-11,8573.591651126393,8164.342314432723,409.2493366936701
2022-02-12,8573.591651126393,8164.342314432723,409.2493366936701
2022-02-13,8573.591651126393,8164.342314432723,409.2493366936701
2022-02-14,8573.591651126393,8164.342314432723,409.2493366936701
2022-02-15,8573.591651126393,8164.342314432723,409.2493366936701
2022-02-16,8573.591651126393,8164.342314432723,409.2493366936701
2022-02-17,8573.591651126393,8164.342314432723,409.2493366936701
2022-02-18,8573.591651126393,8164.342314432723,409.2493366936701
2022-02-19,8573.591651126393,8164.342314432723,409.2493366936701
2022-02-20,8573.591651126393,8164.342314432723,409.2493366936701
2022-02-21,8573.591651126393,8164.342314432723,409.2493366936701
2022-02-22,8573.591651126393,8164.342314432723,409.2493366936701
2022-02-23,8573.591651126393,8164.342314432723,409.2493366936701
2022-02-24,8573.591651126393,8164.342314432723,409.2493366936701
2022-02-25,8573.591651126393,8164.342314432723,409.2493366936701
2022-02-26,8573.591651126393,8164.342314432723,409.2493366936701
2022-02-27,8573.591651126393,8164.342314432723,409.2493366936701
2022-02-28,8572.66435977291,8163.415023079241,409.2493366936701
2022-03-01,8594.34183623281,8185.09249953914,409.2493366936701
2022-03-02,8435.41801462768,8026.168677934009,409.2493366936701
2022-03-03,8205.223344431912,7795.974007738241,409.2493366936701
2022-03-04,8017.571313796259,7608.321977102589,409.2493366936701
2022-03-05,8017.571313796259,7608.321977102589,409.2493366936701
2022-03-06,8017.571313796259,7608.321977102589,409.2493366936701
2022-03-07,8017.571313796259,7608.321977102589,409.2493366936701
2022-03-08,8017.571313796259,7608.321977102589,409.2493366936701
2022-03-09,8010.812767600399,7601.563430906728,409.2493366936701
2022-03-10,7939.99874941011,7530.749412716439,409.2493366936701
2022-03-11,7939.99874941011,7530.749412716439,409.2493366936701
2022-03-12,7939.99874941011,7530.749412716439,409.2493366936701
2022-03-13,7939.99874941011,7530.749412716439,409.2493366936701
2022-03-14,7939.99874941011,7530.749412716439,409.2493366936701
2022-03-15,7939.99874941011,7530.749412716439,409.2493366936701
2022-03-16,7939.99874941011,7530.749412716439,409.2493366936701
2022-03-17,7945.028244549445,7535.778907855774,409.2493366936701
2022-03-18,8027.241707797668,7617.992371103997,409.2493366936701
2022-03-19,7972.151652232618,7562.902315538949,409.2493366936701
2022-03-20,7738.26869218209,7329.019355488419,409.2493366936701
2022-03-21,7751.181725877355,7341.932389183686,409.2493366936701
2022-03-22,7914.285311667396,7505.035974973726,409.2493366936701
2022-03-23,8152.373812108164,7743.124475414494,409.2493366936701
2022-03-24,8529.450672316356,8120.201335622685,409.2493366936701
2022-03-25,8382.325643073884,7973.076306380213,409.2493366936701
2022-03-26,8542.622878127413,8133.3735414337425,409.2493366936701
2022-03-27,8866.781835784908,8457.532499091238,409.2493366936701
2022-03-28,8842.063279842712,8432.813943149042,409.2493366936701
2022-03-29,9132.641642576338,8723.392305882668,409.2493366936701
2022-03-30,9480.96734294576,9071.71800625209,409.2493366936701
2022-03-31,9429.637560721067,9020.388224027396,409.2493366936701
2022-04-01,9866.903762399319,9457.654425705648,409.2493366936701
2022-04-02,9774.526055674534,9365.276718980864,409.2493366936701
2022-04-03,9965.012904028123,9555.763567334452,409.2493366936701
2022-04-04,9778.771955520426,9369.522618826755,409.2493366936701
2022-04-05,9542.35936584174,9133.110029148069,409.2493366936701
2022-04-06,9370.479099108828,8961.229762415158,409.2493366936701
2022-04-07,9370.479099108828,8961.229762415158,409.2493366936701
2022-04-08,9370.479099108828,8961.229762415158,409.2493366936701
2022-04-09,9370.479099108828,8961.229762415158,409.2493366936701
2022-04-10,9370.479099108828,8961.229762415158,409.2493366936701
2022-04-11,9370.479099108828,8961.229762415158,409.2493366936701
2022-04-12,9370.479099108828,8961.229762415158,409.2493366936701
2022-04-13,9370.479099108828,8961.229762415158,409.2493366936701
2022-04-14,9370.479099108828,8961.229762415158,409.2493366936701
2022-04-15,9370.479099108828,8961.229762415158,409.2493366936701
2022-04-16,9370.479099108828,8961.229762415158,409.2493366936701
2022-04-17,9370.479099108828,8961.229762415158,409.2493366936701
2022-04-18,9370.479099108828,8961.229762415158,409.2493366936701
2022-04-19,9361.201686260145,8951.952349566474,409.2493366936701
2022-04-20,9117.109892606202,8707.860555912532,409.2493366936701
2022-04-21,9006.694844784195,8597.445508090525,409.2493366936701
2022-04-22,9006.694844784195,8597.445508090525,409.2493366936701
2022-04-23,9006.694844784195,8597.445508090525,409.2493366936701
2022-04-24,9006.694844784195,8597.445508090525,409.2493366936701
2022-04-25,9006.694844784195,8597.445508090525,409.2493366936701
2022-04-26,9006.694844784195,8597.445508090525,409.2493366936701
2022-04-27,9006.694844784195,8597.445508090525,409.2493366936701
2022-04-28,9006.694844784195,8597.445508090525,409.2493366936701
2022-04-29,9006.694844784195,8597.445508090525,409.2493366936701
2022-04-30,9006.694844784195,8597.445508090525,409.2493366936701
2022-05-01,9006.694844784195,8597.445508090525,409.2493366936701
2022-05-02,9006.694844784195,8597.445508090525,409.2493366936701
2022-05-03,9006.694844784195,8597.445508090525,409.2493366936701
2022-05-04,9006.694844784195,8597.445508090525,409.2493366936701
2022-05-05,9006.694844784195,8597.445508090525,409.2493366936701
2022-05-06,9006.694844784195,8597.445508090525,409.2493366936701
2022-05-07,9006.694844784195,8597.445508090525,409.2493366936701
2022-05-08,9006.694844784195,8597.445508090525,409.2493366936701
2022-05-09,9006.694844784195,8597.445508090525,409.2493366936701
2022-05-10,9006.694844784195,8597.445508090525,409.2493366936701
2022-05-11,9006.694844784195,8597.445508090525,409.2493366936701
2022-05-12,9006.694844784195,8597.445508090525,409.2493366936701
2022-05-13,9006.694844784195,8597.445508090525,409.2493366936701
2022-05-14,9006.694844784195,8597.445508090525,409.2493366936701
2022-05-15,9006.694844784195,8597.445508090525,409.2493366936701
2022-05-16,9006.694844784195,8597.445508090525,409.2493366936701
2022-05-17,9006.694844784195,8597.445508090525,409.2493366936701
2022-05-18,9006.694844784195,8597.445508090525,409.2493366936701
2022-05-19,9006.694844784195,8597.445508090525,409.2493366936701
2022-05-20,9006.694844784195,8597.445508090525,409.2493366936701
2022-05-21,9006.694844784195,8597.445508090525,409.2493366936701
2022-05-22,9006.694844784195,8597.445508090525,409.2493366936701
2022-05-23,9006.694844784195,8597.445508090525,409.2493366936701
2022-05-24,9006.694844784195,8597.445508090525,409.2493366936701
2022-05-25,9006.694844784195,8597.445508090525,409.2493366936701
2022-05-26,9006.694844784195,8597.445508090525,409.2493366936701
2022-05-27,9006.694844784195,8597.445508090525,409.2493366936701
2022-05-28,9006.694844784195,8597.445508090525,409.2493366936701
2022-05-29,9006.694844784195,8597.445508090525,409.2493366936701
2022-05-30,9006.694844784195,8597.445508090525,409.2493366936701
2022-05-31,9006.694844784195,8597.445508090525,409.2493366936701
2022-06-01,9006.694844784195,8597.445508090525,409.2493366936701
2022-06-02,9006.694844784195,8597.445508090525,409.2493366936701
2022-06-03,9006.694844784195,8597.445508090525,409.2493366936701
2022-06-04,9006.694844784195,8597.445508090525,409.2493366936701
2022-06-05,9006.694844784195,8597.445508090525,409.2493366936701
2022-06-06,9006.694844784195,8597.445508090525,409.2493366936701
2022-06-07,9006.694844784195,8597.445508090525,409.2493366936701
2022-06-08,9006.694844784195,8597.445508090525,409.2493366936701
2022-06-09,9006.694844784195,8597.445508090525,409.2493366936701
2022-06-10,9006.694844784195,8597.445508090525,409.2493366936701
2022-06-11,9006.694844784195,8597.445508090525,409.2493366936701
2022-06-12,9006.694844784195,8597.445508090525,409.2493366936701
2022-06-13,9006.694844784195,8597.445508090525,409.2493366936701
2022-06-14,9006.694844784195,8597.445508090525,409.2493366936701
2022-06-15,9006.694844784195,8597.445508090525,409.2493366936701
2022-06-16,9006.694844784195,8597.445508090525,409.2493366936701
2022-06-17,9006.694844784195,8597.445508090525,409.2493366936701
2022-06-18,9006.694844784195,8597.445508090525,409.2493366936701
2022-06-19,9006.694844784195,8597.445508090525,409.2493366936701
2022-06-20,9006.694844784195,8597.445508090525,409.2493366936701
2022-06-21,9006.694844784195,8597.445508090525,409.2493366936701
2022-06-22,9006.694844784195,8597.445508090525,409.2493366936701
2022-06-23,9006.694844784195,8597.445508090525,409.2493366936701
2022-06-24,9006.694844784195,8597.445508090525,409.2493366936701
2022-06-25,9006.694844784195,8597.445508090525,409.2493366936701
2022-06-26,9006.694844784195,8597.445508090525,409.2493366936701
2022-06-27,9006.694844784195,8597.445508090525,409.2493366936701
2022-06-28,9006.694844784195,8597.445508090525,409.2493366936701
2022-06-29,9006.694844784195,8597.445508090525,409.2493366936701
2022-06-30,9006.694844784195,8597.445508090525,409.2493366936701
2022-07-01,9006.694844784195,8597.445508090525,409.2493366936701
2022-07-02,9006.694844784195,8597.445508090525,409.2493366936701
2022-07-03,9006.694844784195,8597.445508090525,409.2493366936701
2022-07-04,9006.694844784195,8597.445508090525,409.2493366936701
2022-07-05,9006.694844784195,8597.445508090525,409.2493366936701
2022-07-06,9006.694844784195,8597.445508090525,409.2493366936701
2022-07-07,9021.258444669913,8612.009107976242,409.2493366936701
2022-07-08,8980.717055161007,8571.467718467336,409.2493366936701
2022-07-09,8973.562692306494,8564.313355612823,409.2493366936701
2022-07-10,8812.589528079954,8403.340191386284,409.2493366936701
2022-07-11,8699.936632474344,8290.687295780674,409.2493366936701
2022-07-12,8699.936632474344,8290.687295780674,409.2493366936701
2022-07-13,8699.936632474344,8290.687295780674,409.2493366936701
2022-07-14,8699.936632474344,8290.687295780674,409.2493366936701
2022-07-15,8468.077617392633,8058.828280698964,409.2493366936701
2022-07-16,8934.835043230087,8525.585706536416,409.2493366936701
2022-07-17,8798.180531726995,8388.931195033325,409.2493366936701
2022-07-18,9776.93870497685,9367.68936828318,409.2493366936701
2022-07-19,9896.8350404779,9487.585703784229,409.2493366936701
2022-07-20,9540.133649507246,9130.884312813576,409.2493366936701
2022-07-21,9404.19654511066,8994.94720841699,409.2493366936701
2022-07-22,9313.633066762528,8904.383730068857,409.2493366936701
2022-07-23,9317.560871201627,8908.311534507957,409.2493366936701
2022-07-24,9404.692870581299,8995.443533887628,409.2493366936701
2022-07-25,9178.236078088534,8768.986741394863,409.2493366936701
2022-07-26,9178.236078088534,8768.986741394863,409.2493366936701
2022-07-27,9178.236078088534,8768.986741394863,409.2493366936701
2022-07-28,9282.937763186039,8873.688426492368,409.2493366936701
2022-07-29,9163.66710443052,8754.41776773685,409.2493366936701
2022-07-30,9353.550458581818,8944.301121888147,409.2493366936701
2022-07-31,9151.582681610122,8742.333344916451,409.2493366936701
2022-08-01,9012.996461953595,8603.747125259924,409.2493366936701
2022-08-02,8796.423156009223,8387.173819315552,409.2493366936701
2022-08-03,8783.76562556557,8374.516288871899,409.2493366936701
2022-08-04,8773.639601210643,8364.390264516973,409.2493366936701
2022-08-05,8901.55511475299,8492.305778059319,409.2493366936701
2022-08-06,8855.680253435241,8446.43091674157,409.2493366936701
2022-08-07,8865.200701823842,8455.951365130171,409.2493366936701
2022-08-08,8961.667288921215,8552.417952227544,409.2493366936701
2022-08-09,8661.228343399911,8251.97900670624,409.2493366936701
2022-08-10,8725.701797484408,8316.452460790737,409.2493366936701
2022-08-11,8644.687560066217,8235.438223372546,409.2493366936701
2022-08-12,9003.163470387084,8593.914133693414,409.2493366936701
2022-08-13,9137.906331097625,8728.656994403955,409.2493366936701
2022-08-14,8917.417154750807,8508.167818057136,409.2493366936701
2022-08-15,8761.740848094232,8352.491511400562,409.2493366936701
2022-08-16,8667.821617154408,8258.572280460738,409.2493366936701
2022-08-17,8409.451020313723,8000.201683620054,409.2493366936701
2022-08-18,8414.045985433211,8004.796648739541,409.2493366936701
2022-08-19,8176.390911469394,7767.141574775724,409.2493366936701
2022-08-20,8176.390911469394,7767.141574775724,409.2493366936701
2022-08-21,8176.390911469394,7767.141574775724,409.2493366936701
2022-08-22,8176.390911469394,7767.141574775724,409.2493366936701
2022-08-23,8176.390911469394,7767.141574775724,409.2493366936701
2022-08-24,8176.390911469394,7767.141574775724,409.2493366936701
2022-08-25,8176.390911469394,7767.141574775724,409.2493366936701
2022-08-26,8176.390911469394,7767.141574775724,409.2493366936701
2022-08-27,8176.390911469394,7767.141574775724,409.2493366936701
2022-08-28,8176.390911469394,7767.141574775724,409.2493366936701
2022-08-29,8176.390911469394,7767.141574775724,409.2493366936701
2022-08-30,8176.390911469394,7767.141574775724,409.2493366936701
2022-08-31,8176.390911469394,7767.141574775724,409.2493366936701
2022-09-01,8176.390911469394,7767.141574775724,409.2493366936701
2022-09-02,8176.390911469394,7767.141574775724,409.2493366936701
2022-09-03,8176.390911469394,7767.141574775724,409.2493366936701
2022-09-04,8176.390911469394,7767.141574775724,409.2493366936701
2022-09-05,8176.390911469394,7767.141574775724,409.2493366936701
2022-09-06,8176.390911469394,7767.141574775724,409.2493366936701
2022-09-07,8176.390911469394,7767.141574775724,409.2493366936701
2022-09-08,8176.390911469394,7767.141574775724,409.2493366936701
2022-09-09,8117.693564691421,7708.44422799775,409.2493366936701
2022-09-10,8247.391163630416,7838.141826936746,409.2493366936701
2022-09-11,8239.076696913105,7829.827360219435,409.2493366936701
2022-09-12,8442.751706453937,8033.502369760266,409.2493366936701
2022-09-13,7914.686625431064,7505.437288737395,409.2493366936701
2022-09-14,7914.686625431064,7505.437288737395,409.2493366936701
2022-09-15,7914.686625431064,7505.437288737395,409.2493366936701
2022-09-16,7914.686625431064,7505.437288737395,409.2493366936701
2022-09-17,7914.686625431064,7505.437288737395,409.2493366936701
2022-09-18,7914.686625431064,7505.437288737395,409.2493366936701
2022-09-19,7914.686625431064,7505.437288737395,409.2493366936701
2022-09-20,7914.686625431064,7505.437288737395,409.2493366936701
2022-09-21,7914.686625431064,7505.437288737395,409.2493366936701
2022-09-22,7914.686625431064,7505.437288737395,409.2493366936701
2022-09-23,7914.686625431064,7505.437288737395,409.2493366936701
2022-09-24,7914.686625431064,7505.437288737395,409.2493366936701
2022-09-25,7914.686625431064,7505.437288737395,409.2493366936701
2022-09-26,7914.686625431064,7505.437288737395,409.2493366936701
2022-09-27,7914.686625431064,7505.437288737395,409.2493366936701
2022-09-28,7914.686625431064,7505.437288737395,409.2493366936701
2022-09-29,7914.686625431064,7505.437288737395,409.2493366936701
2022-09-30,7914.686625431064,7505.437288737395,409.2493366936701
2022-10-01,7914.686625431064,7505.437288737395,409.2493366936701
2022-10-02,7914.686625431064,7505.437288737395,409.2493366936701
2022-10-03,7914.686625431064,7505.437288737395,409.2493366936701
2022-10-04,7913.611290207742,7504.3619535140715,409.2493366936701
2022-10-05,7906.016092976182,7496.766756282512,409.2493366936701
2022-10-06,7897.658245900086,7488.408909206416,409.2493366936701
2022-10-07,7880.421764584746,7471.172427891076,409.2493366936701
2022-10-08,7880.421764584746,7471.172427891076,409.2493366936701
2022-10-09,7880.421764584746,7471.172427891076,409.2493366936701
2022-10-10,7880.421764584746,7471.172427891076,409.2493366936701
2022-10-11,7880.421764584746,7471.172427891076,409.2493366936701
2022-10-12,7880.421764584746,7471.172427891076,409.2493366936701
2022-10-13,7880.421764584746,7471.172427891076,409.2493366936701
2022-10-14,7859.190810771272,7449.941474077601,409.2493366936701
2022-10-15,7859.190810771272,7449.941474077601,409.2493366936701
2022-10-16,7859.190810771272,7449.941474077601,409.2493366936701
2022-10-17,7859.190810771272,7449.941474077601,409.2493366936701
2022-10-18,7859.190810771272,7449.941474077601,409.2493366936701
2022-10-19,7859.190810771272,7449.941474077601,409.2493366936701
2022-10-20,7859.190810771272,7449.941474077601,409.2493366936701
2022-10-21,7859.190810771272,7449.941474077601,409.2493366936701
2022-10-22,7859.190810771272,7449.941474077601,409.2493366936701
2022-10-23,7858.17783039588,7448.92849370221,409.2493366936701
2022-10-24,7848.211590901579,7438.962254207909,409.2493366936701
2022-10-25,7826.23994964417,7416.990612950501,409.2493366936701
2022-10-26,7957.390266953285,7548.140930259616,409.2493366936701
2022-10-27,7783.522233488471,7374.272896794801,409.2493366936701
2022-10-28,8006.705922905976,7597.456586212305,409.2493366936701
2022-10-29,8196.97431927372,7787.72498258005,409.2493366936701
2022-10-30,8160.418416793806,7751.169080100135,409.2493366936701
2022-10-31,8090.203258706753,7680.953922013083,409.2493366936701
2022-11-01,8058.235080619952,7648.985743926281,409.2493366936701
2022-11-02,7948.310585064728,7539.061248371058,409.2493366936701
2022-11-03,7948.310585064728,7539.061248371058,409.2493366936701
2022-11-04,7948.310585064728,7539.061248371058,409.2493366936701
2022-11-05,8171.241213098427,7761.991876404756,409.2493366936701
2022-11-06,7712.705170018484,7303.455833324813,409.2493366936701
2022-11-07,7712.705170018484,7303.455833324813,409.2493366936701
2022-11-08,7712.705170018484,7303.455833324813,409.2493366936701
2022-11-09,7712.705170018484,7303.455833324813,409.2493366936701
2022-11-10,7712.705170018484,7303.455833324813,409.2493366936701
2022-11-11,7712.705170018484,7303.455833324813,409.2493366936701
2022-11-12,7712.705170018484,7303.455833324813,409.2493366936701
2022-11-13,7712.705170018484,7303.455833324813,409.2493366936701
2022-11-14,7712.705170018484,7303.455833324813,409.2493366936701
2022-11-15,7712.705170018484,7303.455833324813,409.2493366936701
2022-11-16,7712.705170018484,7303.455833324813,409.2493366936701
2022-11-17,7712.705170018484,7303.455833324813,409.2493366936701
2022-11-18,7712.705170018484,7303.455833324813,409.2493366936701
2022-11-19,7712.705170018484,7303.455833324813,409.2493366936701
2022-11-20,7712.705170018484,7303.455833324813,409.2493366936701
2022-11-21,7712.705170018484,7303.455833324813,409.2493366936701
2022-11-22,7712.705170018484,7303.455833324813,409.2493366936701
2022-11-23,7712.705170018484,7303.455833324813,409.2493366936701
2022-11-24,7712.705170018484,7303.455833324813,409.2493366936701
2022-11-25,7712.705170018484,7303.455833324813,409.2493366936701
2022-11-26,7712.705170018484,7303.455833324813,409.2493366936701
2022-11-27,7712.705170018484,7303.455833324813,409.2493366936701
2022-11-28,7712.705170018484,7303.455833324813,409.2493366936701
2022-11-29,7712.705170018484,7303.455833324813,409.2493366936701
2022-11-30,7712.705170018484,7303.455833324813,409.2493366936701
2022-12-01,7712.705170018484,7303.455833324813,409.2493366936701
2022-12-02,7712.705170018484,7303.455833324813,409.2493366936701
2022-12-03,7712.705170018484,7303.455833324813,409.2493366936701
2022-12-04,7712.705170018484,7303.455833324813,409.2493366936701
2022-12-05,7712.705170018484,7303.455833324813,409.2493366936701
2022-12-06,7712.705170018484,7303.455833324813,409.2493366936701
2022-12-07,7712.705170018484,7303.455833324813,409.2493366936701
2022-12-08,7712.705170018484,7303.455833324813,409.2493366936701
2022-12-09,7712.705170018484,7303.455833324813,409.2493366936701
2022-12-10,7712.705170018484,7303.455833324813,409.2493366936701
2022-12-11,7712.705170018484,7303.455833324813,409.2493366936701
2022-12-12,7712.705170018484,7303.455833324813,409.2493366936701
2022-12-13,7712.705170018484,7303.455833324813,409.2493366936701
2022-12-14,7692.823730095382,7283.574393401712,409.2493366936701
2022-12-15,7692.823730095382,7283.574393401712,409.2493366936701
2022-12-16,7692.823730095382,7283.574393401712,409.2493366936701
2022-12-17,7692.823730095382,7283.574393401712,409.2493366936701
2022-12-18,7692.823730095382,7283.574393401712,409.2493366936701
2022-12-19,7692.823730095382,7283.574393401712,409.2493366936701
2022-12-20,7692.823730095382,7283.574393401712,409.2493366936701
2022-12-21,7692.823730095382,7283.574393401712,409.2493366936701
2022-12-22,7692.823730095382,7283.574393401712,409.2493366936701
2022-12-23,7692.823730095382,7283.574393401712,409.2493366936701
2022-12-24,7692.823730095382,7283.574393401712,409.2493366936701
2022-12-25,7692.823730095382,7283.574393401712,409.2493366936701
2022-12-26,7692.823730095382,7283.574393401712,409.2493366936701
2022-12-27,7692.823730095382,7283.574393401712,409.2493366936701
2022-12-28,7692.823730095382,7283.574393401712,409.2493366936701
2022-12-29,7692.823730095382,7283.574393401712,409.2493366936701
2022-12-30,7692.823730095382,7283.574393401712,409.2493366936701
2022-12-31,7692.823730095382,7283.574393401712,409.2493366936701
2023-01-01,7692.823730095382,7283.574393401712,409.2493366936701
2023-01-02,7692.823730095382,7283.574393401712,409.2493366936701
2023-01-03,7760.800790591275,7351.551453897604,409.2493366936701
2023-01-04,7776.2713652620005,7367.02202856833,409.2493366936701
2023-01-05,7776.2713652620005,7367.02202856833,409.2493366936701
2023-01-06,7783.994341433028,7374.745004739358,409.2493366936701
2023-01-07,7671.4773004535145,7262.227963759844,409.2493366936701
2023-01-08,8066.813062525982,7657.563725832312,409.2493366936701
2023-01-09,8589.262047906295,8180.012711212626,409.2493366936701
2023-01-10,8617.055152909223,8207.805816215552,409.2493366936701
2023-01-11,8779.278377769473,8370.029041075803,409.2493366936701
2023-01-12,8895.299957466636,8486.050620772965,409.2493366936701
2023-01-13,9430.073073096957,9020.823736403287,409.2493366936701
2023-01-14,11082.12165106195,10672.87231436828,409.2493366936701
2023-01-15,10731.210715430132,10321.961378736461,409.2493366936701
2023-01-16,10925.04713044005,10515.79779374638,409.2493366936701
2023-01-17,10736.892986732031,10327.64365003836,409.2493366936701
2023-01-18,10180.603781274373,9771.354444580702,409.2493366936701
2023-01-19,10357.324551261125,9948.075214567454,409.2493366936701
2023-01-20,11492.059742906124,11082.810406212453,409.2493366936701
2023-01-21,11198.72545946603,10789.47612277236,409.2493366936701
2023-01-22,11103.558358073979,10694.309021380308,409.2493366936701
2023-01-23,11142.738847411552,10733.489510717882,409.2493366936701
2023-01-24,10593.15026544392,10183.900928750249,409.2493366936701
2023-01-25,10614.260166320519,10205.010829626848,409.2493366936701
2023-01-26,10611.730726264543,10202.481389570872,409.2493366936701
2023-01-27,10614.912129618238,10205.662792924568,409.2493366936701
2023-01-28,10612.369374124259,10203.120037430588,409.2493366936701
2023-01-29,10562.801996901315,10154.203693898748,408.5983030025682
2023-01-30,9675.975942066283,9269.873494672156,406.1024473941263
2023-01-31,9690.720570413641,9284.618123019514,406.1024473941263
2023-02-01,9720.681785410863,9314.579338016736,406.1024473941263
2023-02-02,9659.89793824356,9255.99657893595,403.9013593076091
2023-02-03,9690.156778371851,9284.742599405256,405.4141789665962
2023-02-04,9689.612137130058,9283.985866779898,405.62627035016004
2023-02-05,9608.156868703445,9206.762301449435,401.394567254011
2023-02-06,9576.966364894379,9175.571797640368,401.394567254011
2023-02-07,9688.314082637262,9286.919515383252,401.394567254011
2023-02-08,9642.762311721528,9241.367744467518,401.394567254011
2023-02-09,9463.53639627575,9062.141829021739,401.394567254011
2023-02-10,9455.185761734116,9053.791194480105,401.394567254011
2023-02-11,9455.185761734116,9053.791194480105,401.394567254011
2023-02-12,9455.185761734116,9053.791194480105,401.394567254011
2023-02-13,9455.185761734116,9053.791194480105,401.394567254011
2023-02-14,9453.466727924178,9052.072160670168,401.394567254011
2023-02-15,9600.293937596078,9198.98324675723,401.31069083884677
2023-02-16,9177.544767616731,8785.32021323812,392.2245543786122
2023-02-17,9491.520456102404,9099.295901723792,392.2245543786122
2023-02-18,9555.67932413378,9163.454769755168,392.2245543786122
2023-02-19,9810.252504090557,9418.027949711945,392.2245543786122
2023-02-20,10164.295600214966,9772.071045836354,392.2245543786122
2023-02-21,9797.837806915035,9405.613252536423,392.2245543786122
2023-02-22,9538.214469748717,9145.989915370104,392.2245543786122
2023-02-23,9526.58452958965,9134.359975211039,392.2245543786122
2023-02-24,9490.306862859015,9098.082308480403,392.2245543786122
2023-02-25,9488.950733313588,9096.726178934976,392.2245543786122
2023-02-26,9508.066297118694,9115.841742740082,392.2245543786122
2023-02-27,9505.050326520854,9112.825772142241,392.2245543786122
2023-02-28,9488.205871231585,9095.981316852973,392.2245543786122
2023-03-01,9511.628179539213,9119.403625160601,392.2245543786122
2023-03-02,9503.763877621808,9111.539323243196,392.2245543786122
2023-03-03,9447.369186624463,9055.14463224585,392.2245543786122
2023-03-04,9447.369186624463,9055.14463224585,392.2245543786122
2023-03-05,9447.369186624463,9055.14463224585,392.2245543786122
2023-03-06,9447.369186624463,9055.14463224585,392.2245543786122
2023-03-07,9447.369186624463,9055.14463224585,392.2245543786122
2023-03-08,9447.369186624463,9055.14463224585,392.2245543786122
2023-03-09,9447.369186624463,9055.14463224585,392.2245543786122
2023-03-10,9447.369186624463,9055.14463224585,392.2245543786122
2023-03-11,9447.369186624463,9055.14463224585,392.2245543786122
2023-03-12,9444.558296142488,9052.333741763876,392.2245543786122
2023-03-13,9580.638918262819,9187.56230734731,393.0766109155088
2023-03-14,9393.819550938011,8997.07794389273,396.7416070452812
2023-03-15,8881.463982537443,8489.414199098876,392.04978343856743
2023-03-16,8904.597455516714,8508.503065090357,396.0943904263574
2023-03-17,8980.696481448866,8568.5662766517,412.1302047971662
2023-03-18,8641.62083088442,8233.22799235308,408.39283853133935
2023-03-19,8824.659672223774,8411.161374564264,413.49829765950847
2023-03-20,8801.349448762212,8392.000860702672,409.34858805953996
2023-03-21,8987.113264994476,8571.757332506832,415.35593248764417
2023-03-22,8589.03976790874,8181.163460141637,407.87630776710284
2023-03-23,8728.030275659035,8311.17013129206,416.860144366976
2023-03-24,8615.76780036118,8206.15766329912,409.6101370620598
2023-03-25,8604.7405096509,8195.62872646414,409.1117831867598
2023-03-26,8662.583744046835,8249.56784748378,413.01589656305407
2023-03-27,8552.40806744938,8147.465042460124,404.9430249892556
2023-03-28,8632.698843770058,8227.755818780803,404.9430249892556
2023-03-29,8658.984361297336,8254.04133630808,404.9430249892556
2023-03-30,8647.017727272558,8242.074702283302,404.9430249892556
2023-03-31,8703.164324637803,8298.221299648547,404.9430249892556
2023-04-01,8701.647924938325,8296.704899949069,404.9430249892556
2023-04-02,8653.963819208939,8249.020794219683,404.9430249892556
2023-04-03,8661.425898894506,8256.48287390525,404.9430249892556
2023-04-04,8759.367568514082,8354.199401036823,405.168167477259
2023-04-05,8815.20622605424,8407.638268824767,407.56795722947413
2023-04-06,8757.099818490735,8351.803896026668,405.295922464068
2023-04-07,8739.412457910596,8334.660746640337,404.7517112702593
2023-04-08,8718.928442500366,8315.225625974306,403.70281652606053
2023-04-09,8748.277844640581,8344.575028114521,403.70281652606053
2023-04-10,8873.082153803847,8468.037442833185,405.0447109706615
2023-04-11,9190.729927137827,8783.948645557959,406.7812815798683
2023-04-12,9377.42278678027,8971.604810289884,405.8179764903859
2023-04-13,9646.825087916008,9238.074271821308,408.7508160946993
2023-04-14,9834.449483968505,9420.2856145111,414.1638694574054
2023-04-15,9685.916478491783,9272.829660739368,413.0868177524154
2023-04-16,9976.360997009495,9561.60925971344,414.7517372960562
2023-04-17,9727.236782059674,9316.608104535724,410.62867752394936
2023-04-18,9855.294702446516,9442.947273198817,412.34742924769785
2023-04-19,9027.404561305211,8622.284129983487,405.12043132172363
2023-04-20,9040.488606157187,8635.368174835463,405.12043132172363
2023-04-21,8895.38531106885,8490.264879747127,405.12043132172363
2023-04-22,8895.38531106885,8490.264879747127,405.12043132172363
2023-04-23,8895.38531106885,8490.264879747127,405.12043132172363
2023-04-24,8895.38531106885,8490.264879747127,405.12043132172363
2023-04-25,8895.38531106885,8490.264879747127,405.12043132172363
2023-04-26,8391.568111946692,7986.447680624969,405.12043132172363
2023-04-27,8391.568111946692,7986.447680624969,405.12043132172363
2023-04-28,8391.728639531502,7986.608208209778,405.12043132172363
2023-04-29,8363.810798695047,7958.690367373323,405.12043132172363
2023-04-30,8280.057276185678,7874.936844863955,405.12043132172363
2023-05-01,8170.670522814973,7765.550091493249,405.12043132172363
2023-05-02,8170.670522814973,7765.550091493249,405.12043132172363
2023-05-03,8170.670522814973,7765.550091493249,405.12043132172363
2023-05-04,8170.670522814973,7765.550091493249,405.12043132172363
2023-05-05,8172.913160988444,7765.550091493249,407.36306949519485
2023-05-06,8165.958818648049,7765.550091493249,400.4087271547995
2023-05-07,8165.958818648049,7765.550091493249,400.4087271547995
2023-05-08,8165.958818648049,7765.550091493249,400.4087271547995
2023-05-09,8165.958818648049,7765.550091493249,400.4087271547995
2023-05-10,8165.958818648049,7765.550091493249,400.4087271547995
2023-05-11,8165.958818648049,7765.550091493249,400.4087271547995
2023-05-12,8165.958818648049,7765.550091493249,400.4087271547995
2023-05-13,8165.958818648049,7765.550091493249,400.4087271547995
2023-05-14,8165.958818648049,7765.550091493249,400.4087271547995
2023-05-15,8165.958818648049,7765.550091493249,400.4087271547995
2023-05-16,8165.958818648049,7765.550091493249,400.4087271547995
2023-05-17,8165.958818648049,7765.550091493249,400.4087271547995
2023-05-18,8165.958818648049,7765.550091493249,400.4087271547995
2023-05-19,8165.958818648049,7765.550091493249,400.4087271547995
2023-05-20,8165.958818648049,7765.550091493249,400.4087271547995
2023-05-21,8165.958818648049,7765.550091493249,400.4087271547995
2023-05-22,8165.958818648049,7765.550091493249,400.4087271547995
2023-05-23,8165.136793552656,7765.550091493249,399.58670205940734
2023-05-24,8163.118503585615,7765.550091493249,397.5684120923663
2023-05-25,8163.118503585615,7765.550091493249,397.5684120923663
2023-05-26,8163.118503585615,7765.550091493249,397.5684120923663
2023-05-27,8163.118503585615,7765.550091493249,397.5684120923663
2023-05-28,8163.454719046382,7764.291541494964,399.16317755141756
2023-05-29,8149.660298349753,7752.502921379183,397.1573769705702
2023-05-30,8138.3986070427245,7740.927011021931,397.4715960207935
2023-05-31,8036.262796718911,7642.544287031093,393.718509687818
2023-06-01,7979.3347503583145,7585.616240670496,393.718509687818
2023-06-02,8116.3178619135015,7722.599352225683,393.718509687818
2023-06-03,8103.864851772121,7710.146342084303,393.718509687818
2023-06-04,8215.941943044547,7822.2234333567285,393.718509687818
2023-06-05,7875.278731868026,7481.560222180207,393.718509687818
2023-06-06,7875.278731868026,7481.560222180207,393.718509687818
2023-06-07,7875.278731868026,7481.560222180207,393.718509687818
2023-06-08,7875.278731868026,7481.560222180207,393.718509687818
2023-06-09,7875.278731868026,7481.560222180207,393.718509687818
2023-06-10,7875.278731868026,7481.560222180207,393.718509687818
2023-06-11,7875.278731868026,7481.560222180207,393.718509687818
2023-06-12,7875.278731868026,7481.560222180207,393.718509687818
2023-06-13,7875.278731868026,7481.560222180207,393.718509687818
2023-06-14,7875.278731868026,7481.560222180207,393.718509687818
2023-06-15,7875.278731868026,7481.560222180207,393.718509687818
2023-06-16,7875.278731868026,7481.560222180207,393.718509687818
2023-06-17,7875.278731868026,7481.560222180207,393.718509687818
2023-06-18,7875.278731868026,7481.560222180207,393.718509687818
2023-06-19,7875.278731868026,7481.560222180207,393.718509687818
2023-06-20,7883.518036481152,7488.945525633361,394.57251084779074
2023-06-21,8074.103795090664,7668.3254169221655,405.7783781684984
2023-06-22,8049.201869750039,7644.789583695268,404.4122860547704
2023-06-23,8097.807330372074,7689.576173679459,408.23115669261483
2023-06-24,8070.735802394025,7664.072856068822,406.662946325203
2023-06-25,8099.464022453808,7691.596587006856,407.8674354469525
2023-06-26,8035.16805653469,7630.291493341667,404.8765631930229
2023-06-27,8075.724108408912,7667.661091303369,408.063017105543
2023-06-28,8019.556668812919,7617.7367856305045,401.81988318241514
2023-06-29,8020.751684588565,7617.7367856305045,403.0148989580603
2023-06-30,7997.209491338921,7596.369541695431,400.8399496434908
2023-07-01,7967.137944074604,7566.297994431114,400.8399496434908
2023-07-02,8108.098321876087,7707.258372232596,400.8399496434908
2023-07-03,8072.388359499711,7671.548409856221,400.8399496434908
2023-07-04,8047.955227347455,7647.115277703964,400.8399496434908
2023-07-05,8023.522095195198,7622.682145551707,400.8399496434908
2023-07-06,8138.1698691404035,7737.329919496913,400.8399496434908
2023-07-07,8493.390021200139,8092.550071556649,400.8399496434908
2023-07-08,8551.653644024753,8150.8136943812615,400.8399496434908
2023-07-09,8459.559530527784,8058.7195808842935,400.8399496434908
2023-07-10,8455.800587119744,8054.960637476253,400.8399496434908
2023-07-11,8600.519908329265,8199.679958685774,400.8399496434908
2023-07-12,8576.08677617701,8175.246826533518,400.8399496434908
2023-07-13,9421.737673564436,9021.061473589092,400.67619997534416
2023-07-14,9208.988471817956,8817.489847869087,391.49862394887066
2023-07-15,9200.859674826175,8809.361050877305,391.49862394887066
2023-07-16,9189.084314697893,8797.585690749023,391.49862394887066
2023-07-17,9175.270424482887,8783.771800534018,391.49862394887066
2023-07-18,9157.556737580233,8766.058113631363,391.49862394887066
2023-07-19,9146.693018236077,8755.194394287208,391.49862394887066
2023-07-20,9131.872452303765,8740.373828354896,391.49862394887066
2023-07-21,9135.662834498811,8744.164210549941,391.49862394887066
2023-07-22,9120.179932297553,8728.681308348683,391.49862394887066
2023-07-23,9130.471921542568,8738.973297593699,391.49862394887066
2023-07-24,9116.090309138364,8724.591685189494,391.49862394887066
2023-07-25,9116.090309138364,8724.591685189494,391.49862394887066
2023-07-26,9116.090309138364,8724.591685189494,391.49862394887066
2023-07-27,9116.090309138364,8724.591685189494,391.49862394887066
2023-07-28,9116.090309138364,8724.591685189494,391.49862394887066
2023-07-29,9116.090309138364,8724.591685189494,391.49862394887066
2023-07-30,9116.090309138364,8724.591685189494,391.49862394887066
2023-07-31,9116.090309138364,8724.591685189494,391.49862394887066
2023-08-01,9116.090309138364,8724.591685189494,391.49862394887066
2023-08-02,9116.090309138364,8724.591685189494,391.49862394887066
2023-08-03,9116.090309138364,8724.591685189494,391.49862394887066
2023-08-04,9116.090309138364,8724.591685189494,391.49862394887066
2023-08-05,9116.090309138364,8724.591685189494,391.49862394887066
2023-08-06,9116.090309138364,8724.591685189494,391.49862394887066
2023-08-07,9116.090309138364,8724.591685189494,391.49862394887066
2023-08-08,9212.580760554913,8823.606666812215,388.9740937426981
2023-08-09,9248.019161259012,8858.021410472324,389.9977507866871
2023-08-10,9301.176762315159,8909.643525962489,391.53323635267066
2023-08-11,9301.176762315159,8909.643525962489,391.53323635267066
2023-08-12,9365.408863591336,8972.020248846435,393.3886147449007
2023-08-13,9214.79566059892,8825.757588290973,389.0380723079474
2023-08-14,9425.211164779499,9030.095128772868,395.1160360066321
2023-08-15,9141.181275622188,8754.777179491997,386.4040961301915
2023-08-16,9038.084920493528,8651.680824363337,386.4040961301915
2023-08-17,9038.084920493528,8651.680824363337,386.4040961301915
2023-08-18,9038.084920493528,8651.680824363337,386.4040961301915
2023-08-19,9038.084920493528,8651.680824363337,386.4040961301915
2023-08-20,9038.084920493528,8651.680824363337,386.4040961301915
2023-08-21,9038.084920493528,8651.680824363337,386.4040961301915
2023-08-22,9038.084920493528,8651.680824363337,386.4040961301915
2023-08-23,9038.084920493528,8651.680824363337,386.4040961301915
2023-08-24,9038.084920493528,8651.680824363337,386.4040961301915
2023-08-25,9038.084920493528,8651.680824363337,386.4040961301915
2023-08-26,9038.084920493528,8651.680824363337,386.4040961301915
2023-08-27,9038.084920493528,8651.680824363337,386.4040961301915
2023-08-28,9038.084920493528,8651.680824363337,386.4040961301915
2023-08-29,9032.878935513238,8646.474839383047,386.4040961301915
2023-08-30,9018.407551040487,8632.003454910297,386.4040961301915
2023-08-31,9001.55567957054,8615.151583440349,386.4040961301915
2023-09-01,9001.55567957054,8615.151583440349,386.4040961301915
2023-09-02,9001.55567957054,8615.151583440349,386.4040961301915
2023-09-03,9001.55567957054,8615.151583440349,386.4040961301915
2023-09-04,9001.55567957054,8615.151583440349,386.4040961301915
2023-09-05,9001.55567957054,8615.151583440349,386.4040961301915
2023-09-06,9001.55567957054,8615.151583440349,386.4040961301915
2023-09-07,9001.55567957054,8615.151583440349,386.4040961301915
2023-09-08,9001.55567957054,8615.151583440349,386.4040961301915
2023-09-09,9001.55567957054,8615.151583440349,386.4040961301915
2023-09-10,9001.55567957054,8615.151583440349,386.4040961301915
2023-09-11,9001.55567957054,8615.151583440349,386.4040961301915
2023-09-12,9001.55567957054,8615.151583440349,386.4040961301915
2023-09-13,9001.55567957054,8615.151583440349,386.4040961301915
2023-09-14,8994.392656439511,8607.98856030932,386.4040961301915
2023-09-15,8997.097771837416,8610.693675707225,386.4040961301915
2023-09-16,8995.68587454225,8609.28177841206,386.4040961301915
2023-09-17,8994.559997601697,8608.155901471506,386.4040961301915
2023-09-18,9002.787021265565,8616.382925135375,386.4040961301915
2023-09-19,8971.519531712436,8585.115435582245,386.4040961301915
2023-09-20,9027.995508775772,8641.591412645581,386.4040961301915
2023-09-21,8807.263723931093,8420.859627800903,386.4040961301915
2023-09-22,8807.263723931093,8420.859627800903,386.4040961301915
2023-09-23,8807.263723931093,8420.859627800903,386.4040961301915
2023-09-24,8807.263723931093,8420.859627800903,386.4040961301915
2023-09-25,8807.263723931093,8420.859627800903,386.4040961301915
2023-09-26,8807.263723931093,8420.859627800903,386.4040961301915
2023-09-27,8807.263723931093,8420.859627800903,386.4040961301915
2023-09-28,8801.235760228501,8414.83166409831,386.4040961301915
2023-09-29,8828.55544542766,8442.15134929747,386.4040961301915
2023-09-30,9075.537106903934,8689.133010773743,386.4040961301915
2023-10-01,9131.294394848665,8744.890298718474,386.4040961301915
2023-10-02,9107.39529040551,8720.991194275319,386.4040961301915
2023-10-03,9104.957696158044,8718.553600027853,386.4040961301915
2023-10-04,9117.570500132693,8731.166404002503,386.4040961301915
2023-10-05,9104.382058545161,8717.97796241497,386.4040961301915
2023-10-06,9123.03386346294,8736.62976733275,386.4040961301915
2023-10-07,9123.950155319668,8737.546059189477,386.4040961301915
2023-10-08,9122.530941740173,8736.126845609982,386.4040961301915
2023-10-09,9099.018342142228,8712.614246012037,386.4040961301915
2023-10-10,9099.018342142228,8712.614246012037,386.4040961301915
2023-10-11,9099.018342142228,8712.614246012037,386.4040961301915
2023-10-12,9099.018342142228,8712.614246012037,386.4040961301915
2023-10-13,9099.018342142228,8712.614246012037,386.4040961301915
2023-10-14,9099.018342142228,8712.614246012037,386.4040961301915
2023-10-15,9099.018342142228,8712.614246012037,386.4040961301915
2023-10-16,9378.927501004599,8992.523404874408,386.4040961301915
2023-10-17,9370.63673254516,8984.232636414969,386.4040961301915
2023-10-18,9250.843757264698,8864.439661134507,386.4040961301915
2023-10-19,9612.316645487213,9225.07866124668,387.2379842405341
2023-10-20,10141.19665943764,9741.009144532909,400.18751490473113
2023-10-21,10680.949196271667,10266.640526499788,414.30866977187924
2023-10-22,10666.463066498613,10253.819336383558,412.6437301150539
2023-10-23,11550.538021916103,11117.246415121328,433.2916067947756
2023-10-24,11203.573640575885,10780.82665160767,422.74698896821525
2023-10-25,11761.82569852231,11325.080883550416,436.7448149718948
2023-10-26,11849.621113115698,11410.841371896571,438.7797412191258
2023-10-27,11562.790665879626,11130.424025560864,432.3666403187616
2023-10-28,11533.232185191779,11101.48218919036,431.7499960014188
2023-10-29,11831.74203253508,11392.592304725547,439.14972780953144
2023-10-30,12327.505486714921,11875.344563809458,452.1609229054627
2023-10-31,13149.160229412702,12675.663413127182,473.4968162855206
2023-11-01,13837.253850948931,13346.893495620458,490.3603553284736
2023-11-02,13531.036619436285,13053.66991237161,477.3667070646745
2023-11-03,13389.100882553566,12911.734175488891,477.3667070646745
2023-11-04,14113.118865202876,13635.7521581382,477.3667070646745
2023-11-05,13873.069074907833,13395.702367843158,477.3667070646745
2023-11-06,14119.241366337257,13641.874659272582,477.3667070646745
2023-11-07,14286.266840329221,13808.900133264546,477.3667070646745
2023-11-08,14344.098704504735,13866.73199744006,477.3667070646745
2023-11-09,15200.172553050053,14729.490753534388,470.6817995156659
2023-11-10,17796.20392432605,17302.16765774699,494.03626657905806
2023-11-11,17676.397574844774,17185.116397095546,491.281177749229
2023-11-12,17647.40152635103,17156.838119018532,490.56340733249965
2023-11-13,16544.73485638262,16074.009710381739,470.7251460008819
2023-11-14,17621.101120160183,17131.88076662564,489.22035353454174
2023-11-15,19832.26010170238,19305.610248246285,526.6498534560976
2023-11-16,17848.818032995965,17355.298931790618,493.51910120534683
2023-11-17,18029.315538270766,17532.71349681666,496.6020414541061
2023-11-18,18041.971425289077,17545.15227536675,496.81914992232856
2023-11-19,18734.163753675723,18226.31549356769,507.8482601080307
2023-11-20,17693.94005825053,17203.422272133215,490.5177861173141
2023-11-21,16377.471899858576,15886.954113741262,490.5177861173141
2023-11-22,17979.94430079931,17489.426514681996,490.5177861173141
2023-11-23,17733.386737502096,17242.868951384782,490.5177861173141
2023-11-24,17852.98244846753,17364.67354158814,488.30890687938734
2023-11-25,18308.924923626404,17820.34423225241,488.5806913739959
2023-11-26,17978.02811065402,17491.824141140987,486.20396951303496
2023-11-27,17342.855595593373,16858.23155353544,484.624042057933
2023-11-28,18109.116287683944,17624.49224562601,484.624042057933
2023-11-29,18336.466953279163,17857.46074617828,479.0062071008845
2023-11-30,18362.827348759507,17883.86153913717,478.9658096223347
2023-12-01,18552.307545232834,18071.378755254358,480.9287899784746
2023-12-02,19606.1016733769,19107.448646936416,498.6530264404846
2023-12-03,19508.49913470934,19010.060007839384,498.4391268699532
2023-12-04,19345.341998317286,18845.31764327209,500.0243550451968
2023-12-05,19346.80859242667,18849.76548213299,497.0431102936826
2023-12-06,19433.5471344107,18940.102894642256,493.44423976844286
2023-12-07,20950.310196998747,20452.3504820195,497.9597149792459
2023-12-08,22666.998924189076,22141.418886156272,525.580038032805
2023-12-09,22007.34129347353,21492.997638405104,514.3436550684257
2023-12-10,22627.084514587797,22102.921677536742,524.1628370510562
2023-12-11,21256.87872386738,20770.520404120318,486.3583197470604
2023-12-12,20855.200951989336,20368.842632242275,486.3583197470604
2023-12-13,21448.63519404943,20962.27687430237,486.3583197470604
2023-12-14,22695.220330256998,22208.862010509936,486.3583197470604
2023-12-15,21773.061831555762,21306.86516479279,466.1966667629729
2023-12-16,22074.880199517545,21608.683532754574,466.1966667629729
2023-12-17,21342.236274935207,20876.039608172236,466.1966667629729
2023-12-18,22120.374360880633,21654.17769411766,466.1966667629729
2023-12-19,21780.947281289755,21314.750614526783,466.1966667629729
2023-12-20,23947.622155668203,23478.394874407542,469.2272812606603
2023-12-21,26656.78874156844,26155.84158962207,500.9471519463742
2023-12-22,27615.24324429853,27103.13643882753,512.106805471001
2023-12-23,29902.751476157035,29364.360423536404,538.3910526206307
2023-12-24,30880.132705157514,30331.55409544296,548.5786097145534
2023-12-25,32875.57484927733,32304.225793709033,571.3490555682956
2023-12-26,30790.459257266193,30241.772985869116,548.686271397077
2023-12-27,29522.61149440786,28988.944027722828,533.6674666850342
2023-12-28,28254.549844221587,27744.10163512394,510.44820909764354
2023-12-29,29186.618940534976,28676.17073143733,510.44820909764354
2023-12-30,28199.5689623847,27689.120753287054,510.44820909764354
2023-12-31,28122.62861678516,27612.180407687516,510.44820909764354
2024-01-01,30069.521601231267,29559.166018904947,510.35558232631945
2024-01-02,29367.68482184194,28855.72039381114,511.96442803079754
2024-01-03,27404.747755320106,26896.955348352993,507.79240696711236
2024-01-04,28917.76645924069,28409.974052273577,507.79240696711236
2024-01-05,27776.248338789723,27268.45593182261,507.79240696711236
2024-01-06,26353.195654426123,25845.40324745901,507.79240696711236
2024-01-07,25331.80946399091,24824.017057023797,507.79240696711236
2024-01-08,25408.560574200696,24900.91278462249,507.6477895782054
2024-01-09,25295.426480479156,24790.901038265263,504.52544221389394
2024-01-10,25514.712599116596,25004.579953071647,510.1326460449498
2024-01-11,25541.676214874176,25030.121799473876,511.55441540029824
2024-01-12,25306.3418786213,24798.823630938965,507.51824768233473
2024-01-13,25370.305722108515,24860.43476956073,509.8709525477864
2024-01-14,25249.146873422906,24743.833060312856,505.31381311005055
2024-01-15,25292.224850130413,24786.911037020363,505.31381311005055
2024-01-16,25375.945143078803,24870.631329968754,505.31381311005055
2024-01-17,25312.60689976252,24807.29308665247,505.31381311005055
2024-01-18,25246.866209531425,24741.552396421375,505.31381311005055
2024-01-19,25270.326048298633,24765.012235188584,505.31381311005055
2024-01-20,25248.194751604133,24742.880938494083,505.31381311005055
2024-01-21,25231.632260431055,24726.318447321006,505.31381311005055
2024-01-22,25144.516795181986,24639.202982071936,505.31381311005055
2024-01-23,25144.516795181986,24639.202982071936,505.31381311005055
2024-01-24,25144.516795181986,24639.202982071936,505.31381311005055
2024-01-25,25144.516795181986,24639.202982071936,505.31381311005055
2024-01-26,25144.516795181986,24639.202982071936,505.31381311005055
2024-01-27,25144.516795181986,24639.202982071936,505.31381311005055
2024-01-28,24966.259117456077,24475.329312302503,490.9298051535719
2024-01-29,26100.742850080605,25603.0309322644,497.7119178162068
2024-01-30,25999.660868016275,25503.395859375934,496.26500864034017
2024-01-31,25083.737576033753,24599.350810886463,484.38676514729184
2024-02-01,24393.242362108078,23916.480638717694,476.76172339038425
2024-02-02,24393.483452235916,23916.480638717694,477.0028135182233
2024-02-03,24393.094383928637,23916.480638717694,476.6137452109443
2024-02-04,24392.21246693187,23916.480638717694,475.7318282141735
2024-02-05,24392.4715986582,23916.480638717694,475.990959940508
2024-02-06,24393.275335394825,23916.480638717694,476.7946966771321
2024-02-07,24397.973826661902,23918.486176704446,479.48764995745546
2024-02-08,24535.19420170972,24058.905499901797,476.28870180792296
2024-02-09,25402.92193016047,24910.542301037567,492.37962912290516
2024-02-10,25806.358036373258,25307.457620250534,498.9004161227245
2024-02-11,25549.897727552976,25053.054392327133,496.84333522584166
2024-02-12,26481.366593730858,25965.20434945015,516.1622442807088
2024-02-13,26606.067032015173,26089.324566551528,516.7424654636458
2024-02-14,27585.651866494183,27048.681600941185,536.9702655529989
2024-02-15,27017.640802520385,26486.245632364957,531.3951701554298
2024-02-16,26298.609160498403,25774.740127420166,523.8690330782379
2024-02-17,26259.772881239405,25749.838857181072,509.9340240583337
2024-02-18,26364.34496469483,25850.306490304243,514.0384743905834
2024-02-19,26419.964611642168,25903.186103231106,516.7785084110628
2024-02-20,26499.27245590874,25979.477755960354,519.7946999483861
2024-02-21,26425.00026402516,25907.226554578356,517.773709446803
2024-02-22,26428.469830791226,25910.545333308706,517.9244974825211
2024-02-23,26379.737287299828,25863.93071548471,515.8065718151191
2024-02-24,26449.505318441497,25930.666614639566,518.8387038019328
2024-02-25,26568.432154134403,26044.42486729101,524.0072868433938
2024-02-26,26691.694692111916,26165.078561067567,526.616131044351
2024-02-27,26544.620538803494,26019.090448082294,525.5300907212011
2024-02-28,28718.408025789337,28183.142484971566,535.265540817769
2024-02-29,29784.564618479646,29238.33016709981,546.2344513798333
2024-03-01,30641.736281635738,30085.635695447658,556.1005861880799
2024-03-02,30732.619031364975,30176.07256226537,556.546469099604
2024-03-03,30857.541691413608,30298.630414100095,558.9112773135117
2024-03-04,31760.663035512862,31183.711568109866,576.9514674029963
2024-03-05,29969.469440784305,29442.897272379138,526.5721684051664
2024-03-06,31339.724779796037,30815.198041048017,524.5267387480214
2024-03-07,33918.72722925026,33396.29015917615,522.4370700741163
2024-03-08,34160.924161359806,33636.43671447546,524.4874468843502
2024-03-09,34090.300762701256,33565.94623264026,524.3545300609985
2024-03-10,34103.694335046384,33580.01684217079,523.6774928755892
2024-03-11,35244.488018446835,34706.108988220265,538.3790302265681
2024-03-12,35573.73646444926,35035.37228458424,538.3641798650174
2024-03-13,38148.19517998291,37585.4144814319,562.7806985510076
2024-03-14,40449.80687273196,39876.56409178546,573.2427809465022
2024-03-15,41675.46027161286,41095.34449600504,580.1157756078202
2024-03-16,40972.31844149533,40395.31935528218,576.9990862131426
2024-03-17,45032.40742973501,44422.91275567525,609.4946740597557
2024-03-18,43737.001322359676,43137.250403565384,599.7509187942896
2024-03-19,38384.76740801219,37831.03733207587,553.7300759363118
2024-03-20,42615.016466197456,42061.28639026114,553.7300759363118
2024-03-21,40202.82094152023,39649.090865583916,553.7300759363118
2024-03-22,39355.06295044906,38801.332874512744,553.7300759363118
2024-03-23,38864.753037276445,38311.02296134013,553.7300759363118
2024-03-24,41083.42080850064,40529.690732564326,553.7300759363118
2024-03-25,42067.3321824859,41513.57401863008,553.7581638558157
2024-03-26,42350.03172190277,41796.10660390919,553.9251179935823
2024-03-27,41470.132995079985,40917.008728210625,553.124266869363
2024-03-28,42181.31995574397,41626.169466423475,555.1504893204989
2024-03-29,42579.46232611285,42025.749723313056,553.7126027997922
2024-03-30,42993.242006722954,42439.944292453685,553.2977142692707
2024-03-31,44734.98118541038,44179.058600840865,555.9225845695216
2024-04-01,42556.197626550995,42005.08484420562,551.1127823453706
2024-04-02,40491.45470969961,39940.34192735424,551.1127823453706
2024-04-03,41170.0630259757,40618.95024363033,551.1127823453706
2024-04-04,40964.96078479491,40413.84800244954,551.1127823453706
2024-04-05,38160.52068026699,37609.40789792162,551.1127823453706
2024-04-06,38189.93977314789,37638.82699080252,551.1127823453706
2024-04-07,38199.24042378977,37648.1276414444,551.1127823453706
2024-04-08,38448.94001088922,37899.4560854017,549.4839254875153
2024-04-09,38201.62662633627,37659.51435884736,542.1122674889142
2024-04-10,38242.253852484755,37700.14158499584,542.1122674889142
2024-04-11,38225.15987622834,37683.04760873943,542.1122674889142
2024-04-12,38136.364624286885,37594.25235679797,542.1122674889142
2024-04-13,38136.364624286885,37594.25235679797,542.1122674889142
2024-04-14,38136.364624286885,37594.25235679797,542.1122674889142
2024-04-15,38136.364624286885,37594.25235679797,542.1122674889142
2024-04-16,38136.364624286885,37594.25235679797,542.1122674889142
2024-04-17,38136.364624286885,37594.25235679797,542.1122674889142
2024-04-18,38136.364624286885,37594.25235679797,542.1122674889142
2024-04-19,38136.364624286885,37594.25235679797,542.1122674889142
2024-04-20,38136.364624286885,37594.25235679797,542.1122674889142
2024-04-21,38136.364624286885,37594.25235679797,542.1122674889142
2024-04-22,38136.364624286885,37594.25235679797,542.1122674889142
2024-04-23,38136.364624286885,37594.25235679797,542.1122674889142
2024-04-24,38136.364624286885,37594.25235679797,542.1122674889142
2024-04-25,38136.364624286885,37594.25235679797,542.1122674889142
2024-04-26,38136.364624286885,37594.25235679797,542.1122674889142
2024-04-27,38136.364624286885,37594.25235679797,542.1122674889142
2024-04-28,38093.72984775001,37553.28566719056,540.4441805594454
2024-04-29,38016.42881400074,37479.03222670422,537.3965872965198
2024-04-30,38016.42881400074,37479.03222670422,537.3965872965198
2024-05-01,38016.42881400074,37479.03222670422,537.3965872965198
2024-05-02,38016.42881400074,37479.03222670422,537.3965872965198
2024-05-03,38016.42881400074,37479.03222670422,537.3965872965198
2024-05-04,38016.42881400074,37479.03222670422,537.3965872965198
2024-05-05,38016.42881400074,37479.03222670422,537.3965872965198
2024-05-06,38014.094398417365,37479.03222670422,535.0621717131432
2024-05-07,38005.648828100086,37479.03222670422,526.6166013958648
2024-05-08,38002.55196617594,37479.03222670422,523.5197394717156
2024-05-09,38002.55196617594,37479.03222670422,523.5197394717156
2024-05-10,38002.55196617594,37479.03222670422,523.5197394717156
2024-05-11,38002.55196617594,37479.03222670422,523.5197394717156
2024-05-12,38002.55196617594,37479.03222670422,523.5197394717156
2024-05-13,38002.55196617594,37479.03222670422,523.5197394717156
2024-05-14,38002.55196617594,37479.03222670422,523.5197394717156
2024-05-15,38004.53933097968,37479.03222670422,525.5071042754555
2024-05-16,37293.97237025993,36768.6164726221,525.3558976378253
2024-05-17,39099.651066429884,38555.7969353942,543.8541310356835
2024-05-18,39661.792413386356,39112.190149524315,549.6022638620427
2024-05-19,39148.81683942487,38606.080807033475,542.7360323913967
2024-05-20,42483.935591572415,41902.137763964194,581.7978276082205
2024-05-21,41004.1602214249,40434.52241139864,569.637810026256
2024-05-22,40725.68732978141,40161.13757881365,564.5497509677564
2024-05-23,39390.473842824045,38848.7767741316,541.6970686924451
2024-05-24,39372.7882517817,38831.09118308925,541.6970686924451
2024-05-25,39392.86473348507,38851.16766479262,541.6970686924451
2024-05-26,39371.640993273926,38829.94392458148,541.6970686924451
2024-05-27,39341.45894788829,38801.73722053619,539.7217273521046
2024-05-28,39275.465028334926,38737.92514530163,537.5398830332936
2024-05-29,39199.59945689104,38662.05957385775,537.5398830332936
2024-05-30,39181.29101855628,38643.75113552299,537.5398830332936
2024-05-31,39159.2740651141,38621.73418208081,537.5398830332936
2024-06-01,39165.423500839606,38627.883617806314,537.5398830332936
2024-06-02,39165.39042769737,38627.85054466408,537.5398830332936
2024-06-03,39193.69968199586,38656.159798962566,537.5398830332936
2024-06-04,39240.542637239756,38703.00275420646,537.5398830332936
2024-06-05,39312.661028527626,38775.93314752967,536.7278809979548
2024-06-06,38614.99444423398,38078.72805907619,536.2663851577885
2024-06-07,36593.584614335836,36059.72820574754,533.8564085882999
2024-06-08,36592.36090807306,36058.50449948476,533.8564085882999
2024-06-09,36601.51512009822,36067.658711509925,533.8564085882999
2024-06-10,36598.583538457606,36064.72712986931,533.8564085882999
2024-06-11,36542.89371488417,36009.037306295875,533.8564085882999
2024-06-12,36480.692702085806,35946.83629349751,533.8564085882999
2024-06-13,36480.692702085806,35946.83629349751,533.8564085882999
2024-06-14,36480.692702085806,35946.83629349751,533.8564085882999
2024-06-15,36480.692702085806,35946.83629349751,533.8564085882999
2024-06-16,36480.692702085806,35946.83629349751,533.8564085882999
2024-06-17,36480.692702085806,35946.83629349751,533.8564085882999
2024-06-18,36480.692702085806,35946.83629349751,533.8564085882999
2024-06-19,36480.692702085806,35946.83629349751,533.8564085882999
2024-06-20,36480.692702085806,35946.83629349751,533.8564085882999
2024-06-21,36480.692702085806,35946.83629349751,533.8564085882999
2024-06-22,36480.692702085806,35946.83629349751,533.8564085882999
2024-06-23,36480.692702085806,35946.83629349751,533.8564085882999
2024-06-24,36480.692702085806,35946.83629349751,533.8564085882999
2024-06-25,36480.692702085806,35946.83629349751,533.8564085882999
2024-06-26,36480.692702085806,35946.83629349751,533.8564085882999
2024-06-27,36480.692702085806,35946.83629349751,533.8564085882999
2024-06-28,36480.692702085806,35946.83629349751,533.8564085882999
2024-06-29,36480.692702085806,35946.83629349751,533.8564085882999
2024-06-30,36480.692702085806,35946.83629349751,533.8564085882999
2024-07-01,36480.692702085806,35946.83629349751,533.8564085882999
2024-07-02,36677.30748775317,36141.50804653906,535.7994412141145
2024-07-03,34334.51815464849,33816.77643702367,517.7417176248227
2024-07-04,34334.51815464849,33816.77643702367,517.7417176248227
2024-07-05,34334.51815464849,33816.77643702367,517.7417176248227
2024-07-06,34334.51815464849,33816.77643702367,517.7417176248227
2024-07-07,34334.51815464849,33816.77643702367,517.7417176248227
2024-07-08,34334.51815464849,33816.77643702367,517.7417176248227
2024-07-09,34334.51815464849,33816.77643702367,517.7417176248227
2024-07-10,34334.51815464849,33816.77643702367,517.7417176248227
2024-07-11,34334.51815464849,33816.77643702367,517.7417176248227
2024-07-12,34334.51815464849,33816.77643702367,517.7417176248227
2024-07-13,34334.51815464849,33816.77643702367,517.7417176248227
2024-07-14,34334.51815464849,33816.77643702367,517.7417176248227
2024-07-15,35537.54565228006,35001.73953197221,535.8061203078487
2024-07-16,35733.161328912014,35196.45557352741,536.7057553845993
2024-07-17,34774.40776971935,34248.21820539864,526.1895643207125
2024-07-18,35448.93456206076,34915.16707830014,533.7674837606174
2024-07-19,37300.56909686346,36748.355873411056,552.2132234524006
2024-07-20,38099.325058094466,37538.30307577288,561.0219823215906
2024-07-21,40030.63730174731,39448.86162978811,581.7756719591994
2024-07-22,38973.554443085195,38405.292522721335,568.2619203638576
2024-07-23,37950.68742583957,37393.5823120437,557.1051137958733
2024-07-24,38757.64970300566,38197.47316237064,560.1765406350231
2024-07-25,37204.450067499165,36666.67062020834,537.7794472908312
2024-07-26,37204.450067499165,36666.67062020834,537.7794472908312
2024-07-27,37174.15418459697,36639.0319477311,535.1222368658704
2024-07-28,37183.604048493915,36648.481811628044,535.1222368658704
2024-07-29,35506.74203004212,34986.31775181189,520.4242782302315
2024-07-30,34493.00162647679,33972.57734824656,520.4242782302315
2024-07-31,34493.00162647679,33972.57734824656,520.4242782302315
2024-08-01,34493.00162647679,33972.57734824656,520.4242782302315
2024-08-02,34493.00162647679,33972.57734824656,520.4242782302315
2024-08-03,34493.00162647679,33972.57734824656,520.4242782302315
2024-08-04,34493.00162647679,33972.57734824656,520.4242782302315
2024-08-05,34493.00162647679,33972.57734824656,520.4242782302315
2024-08-06,34493.00162647679,33972.57734824656,520.4242782302315
2024-08-07,34493.00162647679,33972.57734824656,520.4242782302315
2024-08-08,34749.72859755942,34229.30431932919,520.4242782302315
2024-08-09,33406.28217192191,32885.857893691675,520.4242782302315
2024-08-10,33406.28217192191,32885.857893691675,520.4242782302315
2024-08-11,33406.28217192191,32885.857893691675,520.4242782302315
2024-08-12,33406.28217192191,32885.857893691675,520.4242782302315
2024-08-13,33406.28217192191,32885.857893691675,520.4242782302315
2024-08-14,33406.28217192191,32885.857893691675,520.4242782302315
2024-08-15,33406.28217192191,32885.857893691675,520.4242782302315
2024-08-16,33406.28217192191,32885.857893691675,520.4242782302315
2024-08-17,33406.28217192191,32885.857893691675,520.4242782302315
2024-08-18,33406.28217192191,32885.857893691675,520.4242782302315
2024-08-19,33406.28217192191,32885.857893691675,520.4242782302315
2024-08-20,33406.28217192191,32885.857893691675,520.4242782302315
2024-08-21,33406.28217192191,32885.857893691675,520.4242782302315
2024-08-22,33406.28217192191,32885.857893691675,520.4242782302315
2024-08-23,33406.014359208595,32885.857893691675,520.1564655169238
2024-08-24,33928.269895296355,33395.16489653129,533.104998765059
2024-08-25,33640.75773885123,33110.710760758804,530.0469780924225
2024-08-26,33345.03094936482,32818.129363964246,526.9015854005679
2024-08-27,31617.806240124686,31109.212220668618,508.5940194560697
2024-08-28,31617.806240124686,31109.212220668618,508.5940194560697
2024-08-29,31617.806240124686,31109.212220668618,508.5940194560697
2024-08-30,31617.806240124686,31109.212220668618,508.5940194560697
2024-08-31,31617.806240124686,31109.212220668618,508.5940194560697
2024-09-01,31617.806240124686,31109.212220668618,508.5940194560697
2024-09-02,31617.806240124686,31109.212220668618,508.5940194560697
2024-09-03,31617.806240124686,31109.212220668618,508.5940194560697
2024-09-04,31617.806240124686,31109.212220668618,508.5940194560697
2024-09-05,31617.806240124686,31109.212220668618,508.5940194560697
2024-09-06,31617.806240124686,31109.212220668618,508.5940194560697
2024-09-07,31617.806240124686,31109.212220668618,508.5940194560697
2024-09-08,31617.806240124686,31109.212220668618,508.5940194560697
2024-09-09,31617.806240124686,31109.212220668618,508.5940194560697
2024-09-10,31617.806240124686,31109.212220668618,508.5940194560697
2024-09-11,31617.806240124686,31109.212220668618,508.5940194560697
2024-09-12,31617.806240124686,31109.212220668618,508.5940194560697
2024-09-13,31617.806240124686,31109.212220668618,508.5940194560697
2024-09-14,31617.806240124686,31109.212220668618,508.5940194560697
2024-09-15,31617.806240124686,31109.212220668618,508.5940194560697
2024-09-16,31617.806240124686,31109.212220668618,508.5940194560697
2024-09-17,31617.806240124686,31109.212220668618,508.5940194560697
2024-09-18,31617.806240124686,31109.212220668618,508.5940194560697
2024-09-19,31595.499504676685,31086.905485220617,508.5940194560697
2024-09-20,32231.741225550217,31723.14720609415,508.5940194560697
2024-09-21,32744.25728910006,32235.663269643992,508.5940194560697
2024-09-22,31919.242466151416,31410.648446695348,508.5940194560697
2024-09-23,32001.308777089485,31492.714757633417,508.5940194560697
2024-09-24,33362.63847422034,32854.04445476427,508.5940194560697
2024-09-25,32446.83716189979,31938.243142443724,508.5940194560697
2024-09-26,33768.66619739469,33260.07217793862,508.5940194560697
2024-09-27,34132.989733366376,33624.39571391031,508.5940194560697
2024-09-28,33985.30484289539,33476.71082343932,508.5940194560697
2024-09-29,34267.49142748192,33758.89740802585,508.5940194560697
2024-09-30,33210.62959501322,32702.03557555715,508.5940194560697
2024-10-01,33210.62959501322,32702.03557555715,508.5940194560697
2024-10-02,33210.62959501322,32702.03557555715,508.5940194560697
2024-10-03,33210.62959501322,32702.03557555715,508.5940194560697
2024-10-04,33210.62959501322,32702.03557555715,508.5940194560697
2024-10-05,33210.62959501322,32702.03557555715,508.5940194560697
2024-10-06,33210.62959501322,32702.03557555715,508.5940194560697
2024-10-07,32002.262940092238,31493.66892063617,508.5940194560697
2024-10-08,32000.45617882381,31491.86215936774,508.5940194560697
2024-10-09,31963.442950214503,31454.848930758435,508.5940194560697
2024-10-10,31963.442950214503,31454.848930758435,508.5940194560697
2024-10-11,31969.089716229737,31460.49569677367,508.5940194560697
2024-10-12,31987.610166502396,31479.016147046328,508.5940194560697
2024-10-13,31978.26404152616,31469.67002207009,508.5940194560697
2024-10-14,32909.42913275683,32398.740344507365,510.68878824945995
2024-10-15,32427.429706627554,31915.257803175315,512.1719034522383
2024-10-16,32363.72689885045,31850.737353530072,512.9895453203801
2024-10-17,31696.996739473056,31184.304116767074,512.6926227059815
2024-10-18,32530.38100879733,32016.18120013029,514.1998086670376
2024-10-19,33375.81505577766,32861.947316688354,513.8677390893035
2024-10-20,34817.32569813478,34290.230352973565,527.0953451612155
2024-10-21,34477.85575038058,33956.092316012066,521.763434368513
2024-10-22,34709.629550165344,34185.58067812144,524.0488720439004
2024-10-23,35269.801294405836,34740.505572487455,529.2957219183811
2024-10-24,36444.246827840274,35904.747109540236,539.49971830004
2024-10-25,34205.67008843129,33689.376628791775,516.2934596395114
2024-10-26,35274.113960104114,34757.8205004646,516.2934596395114
2024-10-27,36317.030895296935,35800.73743565742,516.2934596395114
2024-10-28,36662.88002401888,36146.21081141233,516.6692126065491
2024-10-29,37007.57148531243,36490.628335445675,516.9431498667516
2024-10-30,36202.22008953879,35693.97640275779,508.2436867809953
2024-10-31,34955.90188872732,34451.00832877573,504.89355995159053
2024-11-01,34475.442879561684,33970.549319610094,504.89355995159053
2024-11-02,34484.384600487865,33979.491040536275,504.89355995159053
2024-11-03,33339.435917715346,32834.542357763756,504.89355995159053
2024-11-04,33313.21197865664,32808.31841870505,504.89355995159053
2024-11-05,33356.315323488445,32851.421763536855,504.89355995159053
2024-11-06,33775.12903902972,33266.7041798017,508.42485922801706
2024-11-07,35409.1648728159,34887.12926839066,522.0356044252412
2024-11-08,36014.98734831501,35487.331759362765,527.6555889522435
2024-11-09,36170.987897035324,35643.05251604237,527.9353809929536
2024-11-10,37866.652843851545,37319.95445764181,546.6983862097302
2024-11-11,40097.81267597394,39523.634667962724,574.1780080112185
2024-11-12,38382.52026687581,37823.493949374664,559.0263175011409
2024-11-13,38940.33997799854,38373.32422603642,567.0157519621234
2024-11-14,37896.254005988805,37340.87556490836,555.3784410804446
2024-11-15,39369.68179435461,38797.28328227496,572.3985120796515
2024-11-16,38935.76489832638,38367.67833292405,568.0865654023263
2024-11-17,42255.20462775302,41658.61368592152,596.5909418314959
2024-11-18,42629.46663650197,42028.91369472061,600.5529417813599
2024-11-19,42352.59467886613,41752.48437414406,600.1103047220649
2024-11-20,42081.086798528464,41481.231949901514,599.8548486269486
2024-11-21,45474.5236884679,44840.93760599947,633.586082468438
2024-11-22,45548.06212170801,44912.984408738324,635.0777129696844
2024-11-23,45259.90351944528,44631.276670120475,628.626849324806
2024-11-24,44902.880888942156,44279.94438434671,622.9365045954507
2024-11-25,41959.28305747753,41365.67761814339,593.6054393341389
2024-11-26,41318.8345107922,40725.22907145806,593.6054393341389
2024-11-27,43438.88252945852,42842.58484170128,596.2976877572379
2024-11-28,42699.38495930513,42105.15609099335,594.2288683117779
2024-11-29,43636.671963966415,43042.07038043168,594.6015835347349
2024-11-30,42836.85704801896,42239.16181704121,597.6952309777447
2024-12-01,42740.78867429213,42142.98207311737,597.8066011747684
2024-12-02,40957.663402319515,40361.63955749062,596.0238448288953
2024-12-03,42179.392497363755,41584.171573331856,595.2209240318991
2024-12-04,41735.49154128468,41134.069158077364,601.4223832073158
2024-12-05,42653.974440609614,42058.93180244103,595.0426381685807
2024-12-06,43088.943008043156,42487.96608807955,600.9769199636063
2024-12-07,43282.33587376092,42681.43255255595,600.9033212049746
2024-12-08,43155.45344722324,42554.3298852047,601.1235620185403
2024-12-09,40441.24294420661,39846.01188710585,595.2310571007633
2024-12-10,40346.192264023506,39750.961206922744,595.2310571007633
2024-12-11,40658.52039815162,40063.289341050855,595.2310571007633
2024-12-12,40671.791752583384,40076.56069548262,595.2310571007633
2024-12-13,40734.772454151134,40139.54139705037,595.2310571007633
2024-12-14,40701.65373500256,40106.4226779018,595.2310571007633
2024-12-15,40868.00111822474,40272.88803305706,595.1130851676767
2024-12-16,40937.57686517268,40342.588038116366,594.9888270563195
2024-12-17,40853.02196690694,40260.45146079522,592.570506111718
2024-12-18,40437.67605710362,39851.915198714,585.7608583896235
2024-12-19,40344.29375419743,39758.53289580781,585.7608583896235
2024-12-20,40206.83359157139,39621.07273318177,585.7608583896235
2024-12-21,40206.83359157139,39621.07273318177,585.7608583896235
2024-12-22,40206.83359157139,39621.07273318177,585.7608583896235
2024-12-23,40206.83359157139,39621.07273318177,585.7608583896235
2024-12-24,40206.83359157139,39621.07273318177,585.7608583896235
2024-12-25,40203.624820475336,39617.863962085714,585.7608583896235
2024-12-26,40104.13967828679,39518.37881989717,585.7608583896235
2024-12-27,40104.13967828679,39518.37881989717,585.7608583896235
2024-12-28,40104.13967828679,39518.37881989717,585.7608583896235
2024-12-29,40104.13967828679,39518.37881989717,585.7608583896235
2024-12-30,40104.13967828679,39518.37881989717,585.7608583896235
2024-12-31,40104.13967828679,39518.37881989717,585.7608583896235
2025-01-01,40104.13967828679,39518.37881989717,585.7608583896235
2025-01-02,40107.471087449725,39518.37881989717,589.0922675525567
2025-01-03,40550.0748431775,39945.147581663354,604.9272615141451
2025-01-04,40402.6272302056,39798.35375252245,604.2734776831519
2025-01-05,39922.61109434239,39323.87677772285,598.7343166195395
2025-01-06,40745.5022404414,40134.463291111635,611.0389493297612
2025-01-07,38914.39093124537,38332.362069602335,582.0288616430316
2025-01-08,38914.39093124537,38332.362069602335,582.0288616430316
2025-01-09,38914.39093124537,38332.362069602335,582.0288616430316
2025-01-10,38914.39093124537,38332.362069602335,582.0288616430316
2025-01-11,38914.39093124537,38332.362069602335,582.0288616430316
2025-01-12,38914.39093124537,38332.362069602335,582.0288616430316
2025-01-13,38914.39093124537,38332.362069602335,582.0288616430316
2025-01-14,38911.88069167257,38329.85183002954,582.0288616430316
2025-01-15,39543.37957245339,38961.35071081036,582.0288616430316
2025-01-16,40297.632208571384,39718.33216665074,579.3000419206433
2025-01-17,41621.60599359316,41026.73342208304,594.872571510123
2025-01-18,47875.31868647814,47217.37880892742,657.9398775507213
2025-01-19,46364.47980440568,45745.56806955398,618.9117348517055
2025-01-20,44803.40873156597,44183.46688109308,619.9418504728922
2025-01-21,46049.369603860396,45425.11861833223,624.2509855281685
2025-01-22,47034.990664026474,46413.44373755148,621.546926474992
2025-01-23,46419.30416946188,45797.53125751694,621.7729119449451
2025-01-24,46472.157832098565,45849.31961080155,622.838221297018
2025-01-25,46912.898946981564,46290.19791688329,622.7010300982763
2025-01-26,46445.87722194212,45825.649816282654,620.2274056594683
2025-01-27,46426.27786360144,45806.05045794197,620.2274056594683
2025-01-28,46426.27786360144,45806.05045794197,620.2274056594683
2025-01-29,46426.74605554308,45806.51864988361,620.2274056594683
2025-01-30,46450.18405613316,45829.956650473694,620.2274056594683
2025-01-31,46395.87240432626,45775.644998666794,620.2274056594683
2025-02-01,46350.41010598469,45730.18270032522,620.2274056594683
2025-02-02,46350.41010598469,45730.18270032522,620.2274056594683
2025-02-03,46350.41010598469,45730.18270032522,620.2274056594683
2025-02-04,46350.41010598469,45730.18270032522,620.2274056594683
2025-02-05,46350.41010598469,45730.18270032522,620.2274056594683
2025-02-06,46350.41010598469,45730.18270032522,620.2274056594683
2025-02-07,46350.41010598469,45730.18270032522,620.2274056594683
2025-02-08,46350.41010598469,45730.18270032522,620.2274056594683
2025-02-09,46350.41010598469,45730.18270032522,620.2274056594683
2025-02-10,46350.41010598469,45730.18270032522,620.2274056594683
2025-02-11,46350.41010598469,45730.18270032522,620.2274056594683
2025-02-12,46350.41010598469,45730.18270032522,620.2274056594683
2025-02-13,46350.41010598469,45730.18270032522,620.2274056594683
2025-02-14,46350.41010598469,45730.18270032522,620.2274056594683
2025-02-15,46350.41010598469,45730.18270032522,620.2274056594683
2025-02-16,46350.41010598469,45730.18270032522,620.2274056594683
2025-02-17,46350.41010598469,45730.18270032522,620.2274056594683
2025-02-18,46350.41010598469,45730.18270032522,620.2274056594683
2025-02-19,46350.41010598469,45730.18270032522,620.2274056594683
2025-02-20,46350.41010598469,45730.18270032522,620.2274056594683
2025-02-21,46350.41010598469,45730.18270032522,620.2274056594683
2025-02-22,46350.41010598469,45730.18270032522,620.2274056594683
2025-02-23,46350.41010598469,45730.18270032522,620.2274056594683
2025-02-24,46350.41010598469,45730.18270032522,620.2274056594683
2025-02-25,46350.41010598469,45730.18270032522,620.2274056594683
2025-02-26,46350.41010598469,45730.18270032522,620.2274056594683
2025-02-27,46350.41010598469,45730.18270032522,620.2274056594683
2025-02-28,46350.41010598469,45730.18270032522,620.2274056594683
2025-03-01,46350.41010598469,45730.18270032522,620.2274056594683
2025-03-02,46350.41010598469,45730.18270032522,620.2274056594683
2025-03-03,46350.41010598469,45730.18270032522,620.2274056594683
2025-03-04,46350.41010598469,45730.18270032522,620.2274056594683
2025-03-05,46350.41010598469,45730.18270032522,620.2274056594683
2025-03-06,46350.41010598469,45730.18270032522,620.2274056594683
2025-03-07,46350.41010598469,45730.18270032522,620.2274056594683
2025-03-08,46350.41010598469,45730.18270032522,620.2274056594683
2025-03-09,46350.41010598469,45730.18270032522,620.2274056594683
2025-03-10,46350.41010598469,45730.18270032522,620.2274056594683
2025-03-11,46350.41010598469,45730.18270032522,620.2274056594683
2025-03-12,46350.41010598469,45730.18270032522,620.2274056594683
2025-03-13,46350.41010598469,45730.18270032522,620.2274056594683
2025-03-14,46350.41010598469,45730.18270032522,620.2274056594683
2025-03-15,46350.41010598469,45730.18270032522,620.2274056594683
2025-03-16,46350.41010598469,45730.18270032522,620.2274056594683
2025-03-17,46350.41010598469,45730.18270032522,620.2274056594683
2025-03-18,46350.41010598469,45730.18270032522,620.2274056594683
2025-03-19,46350.41010598469,45730.18270032522,620.2274056594683
2025-03-20,46350.41010598469,45730.18270032522,620.2274056594683
2025-03-21,46350.41010598469,45730.18270032522,620.2274056594683
2025-03-22,46350.41010598469,45730.18270032522,620.2274056594683
2025-03-23,46350.41010598469,45730.18270032522,620.2274056594683
2025-03-24,46326.61571720454,45706.38831154507,620.2274056594683
2025-03-25,46324.01222171892,45703.78481605945,620.2274056594683
2025-03-26,46312.051819340784,45691.824413681315,620.2274056594683
2025-03-27,46320.034652302864,45699.807246643395,620.2274056594683
2025-03-28,46267.47672658483,45647.24932092536,620.2274056594683
2025-03-29,46267.47672658483,45647.24932092536,620.2274056594683
2025-03-30,46267.47672658483,45647.24932092536,620.2274056594683
2025-03-31,46267.47672658483,45647.24932092536,620.2274056594683
2025-04-01,46267.47672658483,45647.24932092536,620.2274056594683
2025-04-02,46159.17383472775,45538.94642906828,620.2274056594683
2025-04-03,46159.17383472775,45538.94642906828,620.2274056594683
2025-04-04,46159.17383472775,45538.94642906828,620.2274056594683
2025-04-05,46159.17383472775,45538.94642906828,620.2274056594683
2025-04-06,46159.17383472775,45538.94642906828,620.2274056594683
2025-04-07,46159.17383472775,45538.94642906828,620.2274056594683
2025-04-08,46159.17383472775,45538.94642906828,620.2274056594683
2025-04-09,46159.17383472775,45538.94642906828,620.2274056594683
2025-04-10,46159.17383472775,45538.94642906828,620.2274056594683
2025-04-11,46159.17383472775,45538.94642906828,620.2274056594683
2025-04-12,46603.93895622827,45983.7115505688,620.2274056594683
2025-04-13,45535.55883659388,44915.33143093441,620.2274056594683
2025-04-14,45823.41254758345,45203.18514192398,620.2274056594683
2025-04-15,44907.26275587627,44287.0353502168,620.2274056594683
2025-04-16,46352.066959112395,45731.839553452926,620.2274056594683
2025-04-17,47320.80540955807,46700.5780038986,620.2274056594683
2025-04-18,47102.14730217175,46481.91989651228,620.2274056594683
2025-04-19,48715.788778199836,48095.56137254037,620.2274056594683
2025-04-20,48159.456125229604,47539.228719570136,620.2274056594683
2025-04-21,47785.039850213616,47164.81244455415,620.2274056594683
2025-04-22,51305.34758227053,50685.12017661106,620.2274056594683
2025-04-23,51948.68493542477,51328.4575297653,620.2274056594683
2025-04-24,52354.650301389396,51734.42289572993,620.2274056594683
2025-04-25,51886.34950615044,51266.122100490975,620.2274056594683
2025-04-26,51440.55891587726,50820.33151021779,620.2274056594683
2025-04-27,51086.055448207895,50465.828042548426,620.2274056594683
2025-04-28,51067.49871577806,50447.271310118595,620.2274056594683
2025-04-29,50581.330188536056,49961.10278287659,620.2274056594683
2025-04-30,50579.97288532975,49959.74547967028,620.2274056594683
2025-05-01,50617.31661258576,49996.83704622215,620.4795663636105
2025-05-02,50624.14182829438,50003.19358421603,620.9482440783456
2025-05-03,50606.431971699494,49986.6998379203,619.7321337791948
2025-05-04,50593.55049943338,49975.792371130905,617.7581283024787
2025-05-05,50593.55049943338,49975.792371130905,617.7581283024787
2025-05-06,50593.55049943338,49975.792371130905,617.7581283024787
2025-05-07,50593.55049943338,49975.792371130905,617.7581283024787
2025-05-08,55046.70021801557,54424.44285586456,622.2573621510081
2025-05-09,57660.74478555778,57038.812394606706,621.9323909510704
2025-05-10,59611.52399809523,58987.52970465898,623.9942934362523
2025-05-11,58106.59664207951,57483.37831402392,623.2183280555925
2025-05-12,58297.63660416926,57675.90694291224,621.7296612570242
2025-05-13,61405.12266519199,60781.92036071547,623.2023044765202
2025-05-14,59188.09733979803,58565.563694338955,622.533645459073
2025-05-15,56897.427454884804,56274.60667541671,622.8207794680923
2025-05-16,56354.379074117736,55731.8947112632,622.4843628545315
2025-05-17,55815.99357738066,55193.88764254028,622.105934840378
2025-05-18,58094.67429045072,57468.83444650974,625.839843940978
2025-05-19,56227.67643528706,55606.85968313119,620.816752155873
2025-05-20,56758.52498433393,56137.70823217806,620.816752155873
2025-05-21,58314.077396746536,57696.37759887772,617.6997978688196
2025-05-22,60353.445183789576,59735.94078817939,617.5043956101899
2025-05-23,58374.186030716504,57760.1288822762,614.0571484403072
2025-05-24,58937.27914119872,58323.221992758416,614.0571484403072
2025-05-25,58962.311636840066,58348.25448839976,614.0571484403072
2025-05-26,58749.05277126964,58134.99562282934,614.0571484403072
2025-05-27,59424.913030905256,58810.85588246495,614.0571484403072
2025-05-28,58110.078087409944,57496.02093896964,614.0571484403072
2025-05-29,56349.37553247384,55739.716190569445,609.6593419043963
2025-05-30,54942.349309968515,54332.68996806412,609.6593419043963
2025-05-31,54936.98433981913,54327.32499791474,609.6593419043963
2025-06-01,54955.22196700377,54345.562625099374,609.6593419043963
2025-06-02,55066.77409023174,54457.114748327345,609.6593419043963
2025-06-03,55012.77796267052,54403.11862076613,609.6593419043963
2025-06-04,55020.77220136577,54411.11285946138,609.6593419043963
2025-06-05,54633.047985824276,54023.38864391988,609.6593419043963
2025-06-06,54612.5030806178,54002.8437387134,609.6593419043963
2025-06-07,54640.26468629989,54030.605344395495,609.6593419043963
2025-06-08,54644.25962817206,54034.60028626767,609.6593419043963
2025-06-09,54688.33153003145,54076.3661442002,611.9653858312532
2025-06-10,55801.98812707671,55185.239954655306,616.7481724213983
2025-06-11,54606.81294324384,53993.2649396431,613.548003600742
2025-06-12,53453.54893754,52848.53064849352,605.0182890464774
2025-06-13,53270.601627718876,52665.5833386724,605.0182890464774
2025-06-14,53270.601627718876,52665.5833386724,605.0182890464774
2025-06-15,53270.601627718876,52665.5833386724,605.0182890464774
2025-06-16,53227.63730193688,52622.6190128904,605.0182890464774
2025-06-17,53169.80213713199,52564.78384808551,605.0182890464774
2025-06-18,53169.80213713199,52564.78384808551,605.0182890464774
2025-06-19,53169.80213713199,52564.78384808551,605.0182890464774
2025-06-20,53169.80213713199,52564.78384808551,605.0182890464774
2025-06-21,53169.80213713199,52564.78384808551,605.0182890464774
2025-06-22,53169.80213713199,52564.78384808551,605.0182890464774
2025-06-23,53169.80213713199,52564.78384808551,605.0182890464774
2025-06-24,53169.80213713199,52564.78384808551,605.0182890464774
2025-06-25,53169.80213713199,52564.78384808551,605.0182890464774
2025-06-26,53067.90422654927,52462.88593750279,605.0182890464774
2025-06-27,53067.90422654927,52462.88593750279,605.0182890464774
2025-06-28,53067.90422654927,52462.88593750279,605.0182890464774
2025-06-29,53015.20990489478,52410.4147556918,604.7951492029785
2025-06-30,53421.812159170666,52818.35663358572,603.4555255849476
2025-07-01,51293.38910058395,50689.933574999,603.4555255849476
2025-07-02,51271.48701230921,50670.22367025609,601.2633420531228
2025-07-03,51287.958355715826,50685.26082139464,602.6975343211924
2025-07-04,51249.919507041704,50652.52385645641,597.395650585293
2025-07-05,51254.29414438972,50656.89849380443,597.395650585293
2025-07-06,51274.86483951615,50677.46918893086,597.395650585293
2025-07-07,51255.6199532213,50658.22430263601,597.395650585293
2025-07-08,51269.12021334464,50671.72456275935,597.395650585293
2025-07-09,51340.015382914295,50739.565115673686,600.4502672406063
2025-07-10,53528.199285196315,52917.3039890335,610.89529616282
2025-07-11,53200.70940531957,52588.19223994154,612.5171653780252
2025-07-12,52605.15415410575,51993.23212852137,611.9220255843794
2025-07-13,52794.08464142859,52179.67911219742,614.4055292311779
2025-07-14,53132.83800381526,52516.35866670874,616.4793371065223
2025-07-15,53691.647617954746,53073.615539529696,618.0320784250486
2025-07-16,56469.59826730177,55843.80884469496,625.7894226068099
2025-07-17,57183.56764469807,56554.27203277378,629.2956119242924
2025-07-18,57604.24873387949,56972.625519967994,631.6232139114954
2025-07-19,57574.77895895422,56941.65750701842,633.1214519358062
2025-07-20,58909.54438000375,58270.95098666533,638.5933933384126
2025-07-21,62604.45411166395,61949.30499516456,655.1491164993943
2025-07-22,65219.51033102756,64546.38268328138,673.1276477461832
2025-07-23,60761.955210350665,60122.98433709577,638.9708732548953
2025-07-24,59344.34173087826,58722.58091113649,621.7608197417724
2025-07-25,59329.27230512582,58707.51148538405,621.7608197417724
2025-07-26,59335.611301746074,58713.8504820043,621.7608197417724
2025-07-27,59366.6252699003,58744.86445015853,621.7608197417724
2025-07-28,59338.56285038832,58716.80203064655,621.7608197417724
2025-07-29,59336.24939035509,58714.48857061332,621.7608197417724
2025-07-30,59333.95874141937,58712.197921677594,621.7608197417724
2025-07-31,59290.903417018366,58669.142597276594,621.7608197417724
2025-08-01,59237.461974927515,58615.70115518574,621.7608197417724
2025-08-02,59237.461974927515,58615.70115518574,621.7608197417724
2025-08-03,59237.461974927515,58615.70115518574,621.7608197417724
2025-08-04,59237.461974927515,58615.70115518574,621.7608197417724
2025-08-05,59237.461974927515,58615.70115518574,621.7608197417724
2025-08-06,59226.198035984635,58604.43721624286,621.7608197417724
2025-08-07,59946.505974790896,59324.85857017489,621.647404616011
2025-08-08,60430.938026153664,59806.41370223349,624.5243239201756
2025-08-09,61576.67452162153,60946.46262200367,630.211899617851
2025-08-10,62356.223796065344,61720.61044881225,635.6133472530935
2025-08-11,60140.23434171187,59520.63382680486,619.6005149070131
2025-08-12,60859.33402996941,60195.99307902624,663.3409509431716
2025-08-13,63685.43372569301,62996.37473895887,689.0589867341373
2025-08-14,60907.61580112287,60246.044088438735,661.5717126841361
2025-08-15,58954.512744061576,58311.54169134454,642.9710527170398
2025-08-16,59972.9391097609,59329.96805704386,642.9710527170398
2025-08-17,60404.650318141255,59761.679265424216,642.9710527170398
2025-08-18,58060.613493708304,57417.642440991265,642.9710527170398
2025-08-19,56392.297861349245,55749.326808632206,642.9710527170398
2025-08-20,56700.10206790792,56057.131015190884,642.9710527170398
2025-08-21,56569.1461852695,55926.17513255246,642.9710527170398
2025-08-22,57640.49516031469,56995.02393562929,645.4712246854007
2025-08-23,58407.32155845033,57757.230942922004,650.0906155283234
2025-08-24,58852.96229949103,58199.62132136728,653.3409781237501
2025-08-25,53843.51220128047,53228.25480451621,615.257396764259
2025-08-26,56181.03932493025,55565.78192816599,615.257396764259
2025-08-27,57766.774169573466,57151.516772809206,615.257396764259
2025-08-28,60519.323471155636,59904.066074391376,615.257396764259
2025-08-29,58103.4042014963,57488.14680473204,615.257396764259
2025-08-30,57549.82658327449,56934.56918651023,615.257396764259
2025-08-31,57073.48644998688,56458.22905322262,615.257396764259
2025-09-01,56192.42863856992,55577.17124180566,615.257396764259
2025-09-02,59157.247636244814,58541.990239480554,615.257396764259
2025-09-03,59571.70097798815,58956.44358122389,615.257396764259
2025-09-04,57368.93637027327,56753.67897350901,615.257396764259
2025-09-05,57629.509272152856,57014.251875388596,615.257396764259
2025-09-06,56823.20041489477,56207.94301813051,615.257396764259
2025-09-07,58343.545989612656,57728.288592848396,615.257396764259
2025-09-08,60200.186250211285,59585.51625157083,614.669998640454
2025-09-09,60951.16793287842,60331.75937333499,619.4085595434316
2025-09-10,62649.62748322969,62019.7402733934,629.8872098362896
2025-09-11,63902.688421550316,63264.255867301414,638.4325542489057
2025-09-12,67433.83573757278,66768.9820800233,664.8536575494741
2025-09-13,67424.82983956012,66760.98243123842,663.8474083217027
2025-09-14,66694.60768395833,66037.01515643441,657.5925275239117
2025-09-15,65258.17024923661,64617.01189794082,641.15835129579
2025-09-16,65903.15065070824,65260.648016360065,642.5026343481668
2025-09-17,67919.53634317574,67277.35255399387,642.1837891818718
2025-09-18,68574.97965329439,67932.21122590941,642.768427384967
2025-09-19,66213.57089794887,65572.14852824737,641.4223697014979
2025-09-20,66458.74246380606,65817.27035773316,641.4721060728991
2025-09-21,65608.52429960945,64967.59499811262,640.9293014968271
2025-09-22,60734.275928527655,60093.34662703083,640.9293014968271
2025-09-23,60734.275928527655,60093.34662703083,640.9293014968271
2025-09-24,60734.275928527655,60093.34662703083,640.9293014968271
2025-09-25,60734.275928527655,60093.34662703083,640.9293014968271
2025-09-26,60734.275928527655,60093.34662703083,640.9293014968271
2025-09-27,60734.275928527655,60093.34662703083,640.9293014968271
2025-09-28,60734.275928527655,60093.34662703083,640.9293014968271
2025-09-29,60732.564680369665,60091.63537887284,640.9293014968271
2025-09-30,60727.896555929656,60086.96725443283,640.9293014968271
2025-10-01,61733.63193121443,61089.8899710743,643.7419601401375
2025-10-02,64692.9139449757,64026.864482737255,666.0494622384457
2025-10-03,64329.96179832538,63664.52857221576,665.4332261096185
2025-10-04,63211.70139287316,62554.62049222364,657.0809006495147
2025-10-05,63409.42165340098,62749.491095323945,659.9305580770383
2025-10-06,64441.41400361156,63769.77672244017,671.6372811713861
2025-10-07,62211.71161280829,61569.80145128787,641.9101615204188
2025-10-08,62208.774993475876,61569.80145128787,638.9735421880068
2025-10-09,62208.774993475876,61569.80145128787,638.9735421880068
2025-10-10,62208.774993475876,61569.80145128787,638.9735421880068
2025-10-11,62208.774993475876,61569.80145128787,638.9735421880068
2025-10-12,62208.774993475876,61569.80145128787,638.9735421880068
2025-10-13,62208.774993475876,61569.80145128787,638.9735421880068
2025-10-14,62208.774993475876,61569.80145128787,638.9735421880068
2025-10-15,62208.774993475876,61569.80145128787,638.9735421880068
2025-10-16,62208.774993475876,61569.80145128787,638.9735421880068
2025-10-17,62208.774993475876,61569.80145128787,638.9735421880068
2025-10-18,62208.774993475876,61569.80145128787,638.9735421880068
2025-10-19,62208.774993475876,61569.80145128787,638.9735421880068
2025-10-20,62208.774993475876,61569.80145128787,638.9735421880068
2025-10-21,62208.774993475876,61569.80145128787,638.9735421880068
2025-10-22,62208.774993475876,61569.80145128787,638.9735421880068
2025-10-23,62208.774993475876,61569.80145128787,638.9735421880068
2025-10-24,62208.774993475876,61569.80145128787,638.9735421880068
2025-10-25,62208.774993475876,61569.80145128787,638.9735421880068
2025-10-26,62199.98321465574,61561.24261564917,638.740599006565
2025-10-27,60739.92670657031,60112.50206339113,627.4246431791767
2025-10-28,59391.81685805957,58771.55026303878,620.2665950207912
2025-10-29,59391.81685805957,58771.55026303878,620.2665950207912
2025-10-30,59391.81685805957,58771.55026303878,620.2665950207912
2025-10-31,59391.81685805957,58771.55026303878,620.2665950207912
2025-11-01,59391.81685805957,58771.55026303878,620.2665950207912
2025-11-02,59391.81685805957,58771.55026303878,620.2665950207912
2025-11-03,59391.81685805957,58771.55026303878,620.2665950207912
2025-11-04,59391.81685805957,58771.55026303878,620.2665950207912
2025-11-05,59391.81685805957,58771.55026303878,620.2665950207912
2025-11-06,59391.81685805957,58771.55026303878,620.2665950207912
2025-11-07,59391.81685805957,58771.55026303878,620.2665950207912
2025-11-08,59391.81685805957,58771.55026303878,620.2665950207912
2025-11-09,59391.81685805957,58771.55026303878,620.2665950207912
2025-11-10,59391.81685805957,58771.55026303878,620.2665950207912
2025-11-11,59391.81685805957,58771.55026303878,620.2665950207912
2025-11-12,59391.81685805957,58771.55026303878,620.2665950207912
2025-11-13,59391.81685805957,58771.55026303878,620.2665950207912
2025-11-14,59391.81685805957,58771.55026303878,620.2665950207912
2025-11-15,59391.81685805957,58771.55026303878,620.2665950207912
2025-11-16,59391.81685805957,58771.55026303878,620.2665950207912
2025-11-17,59391.81685805957,58771.55026303878,620.2665950207912
2025-11-18,59391.81685805957,58771.55026303878,620.2665950207912
2025-11-19,59391.81685805957,58771.55026303878,620.2665950207912
2025-11-20,59391.81685805957,58771.55026303878,620.2665950207912
2025-11-21,59391.81685805957,58771.55026303878,620.2665950207912
2025-11-22,59391.81685805957,58771.55026303878,620.2665950207912
2025-11-23,59391.81685805957,58771.55026303878,620.2665950207912
2025-11-24,59391.81685805957,58771.55026303878,620.2665950207912
2025-11-25,59391.81685805957,58771.55026303878,620.2665950207912
2025-11-26,59391.81685805957,58771.55026303878,620.2665950207912
2025-11-27,59391.81685805957,58771.55026303878,620.2665950207912
2025-11-28,59391.81685805957,58771.55026303878,620.2665950207912
2025-11-29,59391.81685805957,58771.55026303878,620.2665950207912
2025-11-30,59391.81685805957,58771.55026303878,620.2665950207912
2025-12-01,59391.81685805957,58771.55026303878,620.2665950207912
2025-12-02,59391.81685805957,58771.55026303878,620.2665950207912
2025-12-03,59391.81685805957,58771.55026303878,620.2665950207912
2025-12-04,59391.81685805957,58771.55026303878,620.2665950207912
2025-12-05,59391.81685805957,58771.55026303878,620.2665950207912
2025-12-06,59391.81685805957,58771.55026303878,620.2665950207912
2025-12-07,59391.81685805957,58771.55026303878,620.2665950207912
2025-12-08,59391.81685805957,58771.55026303878,620.2665950207912
2025-12-09,59391.81685805957,58771.55026303878,620.2665950207912
2025-12-10,59391.81685805957,58771.55026303878,620.2665950207912
2025-12-11,59391.81685805957,58771.55026303878,620.2665950207912
2025-12-12,59391.81685805957,58771.55026303878,620.2665950207912
2025-12-13,59391.81685805957,58771.55026303878,620.2665950207912
2025-12-14,59391.81685805957,58771.55026303878,620.2665950207912
2025-12-15,59391.81685805957,58771.55026303878,620.2665950207912
2025-12-16,59391.81685805957,58771.55026303878,620.2665950207912
2025-12-17,59391.81685805957,58771.55026303878,620.2665950207912
2025-12-18,59391.81685805957,58771.55026303878,620.2665950207912
2025-12-19,59391.81685805957,58771.55026303878,620.2665950207912
2025-12-20,59391.81685805957,58771.55026303878,620.2665950207912
2025-12-21,59391.81685805957,58771.55026303878,620.2665950207912
2025-12-22,59391.81685805957,58771.55026303878,620.2665950207912
2025-12-23,59391.81685805957,58771.55026303878,620.2665950207912
2025-12-24,59391.81685805957,58771.55026303878,620.2665950207912
2025-12-25,59391.81685805957,58771.55026303878,620.2665950207912
2025-12-26,59391.81685805957,58771.55026303878,620.2665950207912
2025-12-27,59391.81685805957,58771.55026303878,620.2665950207912
2025-12-28,59391.81685805957,58771.55026303878,620.2665950207912
2025-12-29,59391.81685805957,58771.55026303878,620.2665950207912
2025-12-30,59391.81685805957,58771.55026303878,620.2665950207912
2025-12-31,59391.81685805957,58771.55026303878,620.2665950207912
2026-01-01,59391.81685805957,58771.55026303878,620.2665950207912
2026-01-02,59443.07560072617,58822.809005705385,620.2665950207912
2026-01-03,59445.51008925825,58825.24349423746,620.2665950207912
2026-01-04,59245.95584184685,58625.68924682606,620.2665950207912
2026-01-05,60714.674933443974,60094.408338423185,620.2665950207912
2026-01-06,61851.50569318058,61231.23909815979,620.2665950207912
2026-01-07,59985.80601260046,59365.53941757967,620.2665950207912
2026-01-08,60665.59041319682,60045.32381817603,620.2665950207912
2026-01-09,59841.60932156487,59221.342726544084,620.2665950207912
2026-01-10,59796.97701243481,59176.71041741402,620.2665950207912
2026-01-11,61122.21326814285,60501.94667312206,620.2665950207912
2026-01-12,60957.41704981646,60337.15045479567,620.2665950207912
2026-01-13,63136.4244476409,62516.15785262011,620.2665950207912
2026-01-14,63622.05074016267,63001.78414514188,620.2665950207912
2026-01-15,62062.60333284639,61442.3367378256,620.2665950207912
2026-01-16,61411.18051457049,60790.913919549705,620.2665950207912
2026-01-17,61422.84976054062,60802.583165519834,620.2665950207912
2026-01-18,61347.71028559057,60727.44369056978,620.2665950207912
2026-01-19,61158.17565242079,60537.9090574,620.2665950207912
2026-01-20,61120.502939660015,60500.23634463923,620.2665950207912
2026-01-21,61120.502939660015,60500.23634463923,620.2665950207912
2026-01-22,61120.502939660015,60500.23634463923,620.2665950207912
2026-01-23,61120.502939660015,60500.23634463923,620.2665950207912
2026-01-24,61120.502939660015,60500.23634463923,620.2665950207912
2026-01-25,61120.502939660015,60500.23634463923,620.2665950207912
2026-01-26,61120.502939660015,60500.23634463923,620.2665950207912
2026-01-27,61120.502939660015,60500.23634463923,620.2665950207912
2026-01-28,61120.502939660015,60500.23634463923,620.2665950207912
2026-01-29,61120.502939660015,60500.23634463923,620.2665950207912
2026-01-30,61120.502939660015,60500.23634463923,620.2665950207912
2026-01-31,61120.502939660015,60500.23634463923,620.2665950207912
2026-02-01,61120.502939660015,60500.23634463923,620.2665950207912
2026-02-02,61120.502939660015,60500.23634463923,620.2665950207912
2026-02-03,61120.502939660015,60500.23634463923,620.2665950207912
2026-02-04,61120.502939660015,60500.23634463923,620.2665950207912
2026-02-05,61120.502939660015,60500.23634463923,620.2665950207912
2026-02-06,61120.502939660015,60500.23634463923,620.2665950207912
2026-02-07,61120.502939660015,60500.23634463923,620.2665950207912
2026-02-08,61120.502939660015,60500.23634463923,620.2665950207912
2026-02-09,61120.502939660015,60500.23634463923,620.2665950207912
2026-02-10,61120.502939660015,60500.23634463923,620.2665950207912
2026-02-11,61120.502939660015,60500.23634463923,620.2665950207912
2026-02-12,61120.502939660015,60500.23634463923,620.2665950207912
2026-02-13,61120.502939660015,60500.23634463923,620.2665950207912
2026-02-14,61120.502939660015,60500.23634463923,620.2665950207912
2026-02-15,61120.502939660015,60500.23634463923,620.2665950207912
2026-02-16,61120.502939660015,60500.23634463923,620.2665950207912
2026-02-17,61120.502939660015,60500.23634463923,620.2665950207912
2026-02-18,61120.502939660015,60500.23634463923,620.2665950207912
2026-02-19,61120.502939660015,60500.23634463923,620.2665950207912
2026-02-20,61120.502939660015,60500.23634463923,620.2665950207912
2026-02-21,61120.502939660015,60500.23634463923,620.2665950207912
2026-02-22,61120.502939660015,60500.23634463923,620.2665950207912
2026-02-23,61120.502939660015,60500.23634463923,620.2665950207912
2026-02-24,61120.502939660015,60500.23634463923,620.2665950207912
2026-02-25,61120.502939660015,60500.23634463923,620.2665950207912
2026-02-26,61120.502939660015,60500.23634463923,620.2665950207912
2026-02-27,61120.502939660015,60500.23634463923,620.2665950207912
2026-02-28,61120.502939660015,60500.23634463923,620.2665950207912
2026-03-01,61120.502939660015,60500.23634463923,620.2665950207912
2026-03-02,61120.502939660015,60500.23634463923,620.2665950207912
2026-03-03,61120.502939660015,60500.23634463923,620.2665950207912
2026-03-04,61120.502939660015,60500.23634463923,620.2665950207912
2026-03-05,61120.502939660015,60500.23634463923,620.2665950207912
2026-03-06,61120.502939660015,60500.23634463923,620.2665950207912
2026-03-07,61120.502939660015,60500.23634463923,620.2665950207912
2026-03-08,61120.502939660015,60500.23634463923,620.2665950207912
2026-03-09,61120.502939660015,60500.23634463923,620.2665950207912
2026-03-10,61120.502939660015,60500.23634463923,620.2665950207912
2026-03-11,61120.502939660015,60500.23634463923,620.2665950207912
2026-03-12,61120.502939660015,60500.23634463923,620.2665950207912
2026-03-13,61081.85571411131,60461.589119090524,620.2665950207912
2026-03-14,61089.70002912208,60469.433434101295,620.2665950207912
2026-03-15,61134.306206861445,60514.03961184066,620.2665950207912
2026-03-16,61854.390017613085,61234.123422592296,620.2665950207912
2026-03-17,60961.100951613684,60340.834356592895,620.2665950207912
2026-03-18,57928.54097372492,57308.27437870413,620.2665950207912
2026-03-19,57928.54097372492,57308.27437870413,620.2665950207912
2026-03-20,57928.54097372492,57308.27437870413,620.2665950207912
2026-03-21,57928.54097372492,57308.27437870413,620.2665950207912
2026-03-22,57928.54097372492,57308.27437870413,620.2665950207912
2026-03-23,57928.54097372492,57308.27437870413,620.2665950207912
2026-03-24,57928.54097372492,57308.27437870413,620.2665950207912
2026-03-25,57928.54097372492,57308.27437870413,620.2665950207912
2026-03-26,57928.54097372492,57308.27437870413,620.2665950207912
2026-03-27,57928.54097372492,57308.27437870413,620.2665950207912
2026-03-28,57928.54097372492,57308.27437870413,620.2665950207912
2026-03-29,57928.54097372492,57308.27437870413,620.2665950207912
2026-03-30,57928.54097372492,57308.27437870413,620.2665950207912
2026-03-31,57928.54097372492,57308.27437870413,620.2665950207912
2026-04-01,57941.92481071991,57321.65821569912,620.2665950207912
2026-04-02,57768.59716574274,57148.330570721955,620.2665950207912
2026-04-03,57768.59716574274,57148.330570721955,620.2665950207912
2026-04-04,57768.59716574274,57148.330570721955,620.2665950207912
2026-04-05,57768.59716574274,57148.330570721955,620.2665950207912
2026-04-06,57744.39742001189,57124.1308249911,620.2665950207912
2026-04-07,57742.06924145785,57121.80264643706,620.2665950207912
2026-04-08,57650.04581499604,57029.77921997525,620.2665950207912
2026-04-09,57650.41383509787,57030.14724007708,620.2665950207912
2026-04-10,57751.34334802388,57131.07675300309,620.2665950207912
2026-04-11,57824.836962358706,57204.57036733792,620.2665950207912
2026-04-12,57659.07626145042,57038.80966642963,620.2665950207912
2026-04-13,57651.115332759684,57030.848737738896,620.2665950207912
2026-04-14,57556.19182350487,56935.925228484084,620.2665950207912
2026-04-15,57643.80790648355,57023.54131146276,620.2665950207912
2026-04-16,57046.981772547566,56426.71517752678,620.2665950207912
2026-04-17,57083.57139031064,56463.30479528985,620.2665950207912
2026-04-18,55613.398721648104,54993.132126627315,620.2665950207912
2026-04-19,55102.40154233834,54482.13494731755,620.2665950207912
2026-04-20,55196.3684752599,54576.10188023911,620.2665950207912
2026-04-21,55221.058481952816,54600.79188693203,620.2665950207912
2026-04-22,55275.74370068981,54655.47710566902,620.2665950207912
2026-04-23,55196.51161840548,54576.24502338469,620.2665950207912
2026-04-24,55145.808722149704,54525.542127128916,620.2665950207912
2026-04-25,55159.30220894989,54539.0356139291,620.2665950207912
2026-04-26,55280.19188485387,54659.92528983308,620.2665950207912
2026-04-27,55098.032952563095,54477.76635754231,620.2665950207912
2026-04-28,55028.100177861095,54407.83358284031,620.2665950207912
2026-04-29,54976.96515028715,54356.69855526636,620.2665950207912
2026-04-30,54992.15723531147,54371.89064029068,620.2665950207912
2026-05-01,55042.69008342104,54422.42348840025,620.2665950207912
2026-05-02,55054.909821471556,54434.64322645077,620.2665950207912
2026-05-03,55051.7382454674,54431.47165044661,620.2665950207912
2026-05-04,55014.15372097699,54393.8871259562,620.2665950207912
2026-05-05,55071.16088744772,54450.89429242693,620.2665950207912
2026-05-06,54668.27627452924,54048.009679508454,620.2665950207912
2026-05-07,54168.26856631516,53548.00197129437,620.2665950207912
2026-05-08,55862.9660011151,55242.69940609431,620.2665950207912
2026-05-09,56413.737937988466,55793.47134296768,620.2665950207912
2026-05-10,58058.53214257657,57438.265547555784,620.2665950207912
2026-05-11,58477.76503928588,57857.49844426509,620.2665950207912
2026-05-12,56960.890539798515,56340.623944777726,620.2665950207912
2026-05-13,55026.40430967562,54406.13771465483,620.2665950207912
2026-05-14,55074.95831874484,54454.69172372405,620.2665950207912
2026-05-15,55009.81037755509,54389.5437825343,620.2665950207912
2026-05-16,55009.81037755509,54389.5437825343,620.2665950207912
2026-05-17,55009.81037755509,54389.5437825343,620.2665950207912
2026-05-18,55009.81037755509,54389.5437825343,620.2665950207912
2026-05-19,55009.81037755509,54389.5437825343,620.2665950207912
2026-05-20,55009.81037755509,54389.5437825343,620.2665950207912
2026-05-21,55009.81037755509,54389.5437825343,620.2665950207912
2026-05-22,55009.81037755509,54389.5437825343,620.2665950207912
2026-05-23,55009.81037755509,54389.5437825343,620.2665950207912
2026-05-24,55009.81037755509,54389.5437825343,620.2665950207912
2026-05-25,55009.81037755509,54389.5437825343,620.2665950207912
2026-05-26,55009.81037755509,54389.5437825343,620.2665950207912
2026-05-27,55009.81037755509,54389.5437825343,620.2665950207912
2026-05-28,55009.81037755509,54389.5437825343,620.2665950207912
2026-05-29,55009.81037755509,54389.5437825343,620.2665950207912
2026-05-30,55009.81037755509,54389.5437825343,620.2665950207912
2026-05-31,55009.81037755509,54389.5437825343,620.2665950207912
2026-06-01,55009.81037755509,54389.5437825343,620.2665950207912
2026-06-02,55009.81037755509,54389.5437825343,620.2665950207912
2026-06-03,55009.81037755509,54389.5437825343,620.2665950207912
2026-06-04,55009.81037755509,54389.5437825343,620.2665950207912
2026-06-05,55009.81037755509,54389.5437825343,620.2665950207912
2026-06-06,55009.81037755509,54389.5437825343,620.2665950207912
2026-06-07,55009.81037755509,54389.5437825343,620.2665950207912
2026-06-08,55009.81037755509,54389.5437825343,620.2665950207912
2026-06-09,55009.81037755509,54389.5437825343,620.2665950207912
2026-06-10,55009.81037755509,54389.5437825343,620.2665950207912
2026-06-11,55009.81037755509,54389.5437825343,620.2665950207912
2026-06-12,55009.81037755509,54389.5437825343,620.2665950207912
2026-06-13,55009.81037755509,54389.5437825343,620.2665950207912
2026-06-14,55009.81037755509,54389.5437825343,620.2665950207912
2026-06-15,55009.81037755509,54389.5437825343,620.2665950207912
2026-06-16,55009.81037755509,54389.5437825343,620.2665950207912
2026-06-17,55009.81037755509,54389.5437825343,620.2665950207912
2026-06-18,55009.81037755509,54389.5437825343,620.2665950207912
2026-06-19,55009.81037755509,54389.5437825343,620.2665950207912
2026-06-20,55009.81037755509,54389.5437825343,620.2665950207912
2026-06-21,55009.81037755509,54389.5437825343,620.2665950207912
2026-06-22,55009.81037755509,54389.5437825343,620.2665950207912
2026-06-23,55009.81037755509,54389.5437825343,620.2665950207912
2026-06-24,55009.81037755509,54389.5437825343,620.2665950207912
2026-06-25,55009.81037755509,54389.5437825343,620.2665950207912
2026-06-26,55009.81037755509,54389.5437825343,620.2665950207912
2026-06-27,55009.81037755509,54389.5437825343,620.2665950207912
2026-06-28,55009.81037755509,54389.5437825343,620.2665950207912
2026-06-29,55009.81037755509,54389.5437825343,620.2665950207912
2026-06-30,55009.81037755509,54389.5437825343,620.2665950207912
2026-07-01,55009.81037755509,54389.5437825343,620.2665950207912
2026-07-02,54088.963159342464,53468.696564321675,620.2665950207912
2026-07-03,54963.20597708335,54342.93938206256,620.2665950207912
2026-07-04,54726.92387145794,54106.65727643715,620.2665950207912
2026-07-05,54627.193237125146,54006.92664210436,620.2665950207912
2026-07-06,54838.0174610877,54217.75086606691,620.2665950207912
2026-07-07,54043.747361053,53423.48076603221,620.2665950207912
2026-07-08,52888.06054398422,52267.79394896343,620.2665950207912
2026-07-09,52888.06054398422,52267.79394896343,620.2665950207912
2026-07-10,52888.06054398422,52267.79394896343,620.2665950207912
2026-07-11,52888.06054398422,52267.79394896343,620.2665950207912
2026-07-12,52888.06054398422,52267.79394896343,620.2665950207912
2026-07-13,52888.06054398422,52267.79394896343,620.2665950207912
2026-07-14,52918.331691761814,52298.065096741026,620.2665950207912
2026-07-15,52951.66087334624,52331.39427832545,620.2665950207912
2026-07-16,52812.555686909436,52192.28909188865,620.2665950207912
2026-07-17,52754.58248122459,52134.3158862038,620.2665950207912
2026-07-18,52798.340934321335,52178.07433930055,620.2665950207912
2026-07-19,52818.69665573288,52198.43006071209,620.2665950207912
2026-07-20,52887.55062400019,52267.284028979404,620.2665950207912
2026-07-21,52626.28269318743,52006.01609816664,620.2665950207912
2026-07-22,52536.77232212306,51916.505727102274,620.2665950207912
2026-07-23,51421.84755324397,50801.58095822318,620.2665950207912
2026-07-24,51386.002862941314,50765.736267920525,620.2665950207912
2026-07-25,51414.462785289055,50794.19619026827,620.2665950207912
2026-07-26,51583.38141733515,50963.11482231436,620.2665950207912
2026-07-27,51451.7886611414,50831.52206612061,620.2665950207912
2026-07-28,51514.633248035665,50894.36665301488,620.2665950207912
2026-07-29,51490.27832563994,50870.01173061915,620.2665950207912
2026-07-30,51506.33860895736,50886.07201393657,620.2665950207912
2026-07-31,51388.457398995095,50768.19080397431,620.2665950207912
2026-08-01,51330.06351018025,50709.79691515946,620.2665950207912
2026-08-02,51330.06351018025,50709.79691515946,620.2665950207912
2026-08-03,51330.06351018025,50709.79691515946,620.2665950207912
2026-08-04,51330.06351018025,50709.79691515946,620.2665950207912
2026-08-05,51308.759885865766,50688.49329084498,620.2665950207912
2026-08-06,51299.0454070707,50678.77881204991,620.2665950207912
2026-08-07,51319.44581254034,50699.17921751955,620.2665950207912
2026-08-08,51324.62686789771,50704.36027287692,620.2665950207912
2026-08-09,50659.23232356645,50038.96572854566,620.2665950207912
2026-08-10,50437.860724692626,49817.59412967184,620.2665950207912
2026-08-11,49812.57776708877,49192.31117206798,620.2665950207912
2026-08-12,49812.57776708877,49192.31117206798,620.2665950207912
2026-08-13,49812.57776708877,49192.31117206798,620.2665950207912
2026-08-14,49812.57776708877,49192.31117206798,620.2665950207912
2026-08-15,49812.57776708877,49192.31117206798,620.2665950207912
2026-08-16,49812.57776708877,49192.31117206798,620.2665950207912
2026-08-17,49816.509036014315,49196.24244099353,620.2665950207912
2026-08-18,49821.870441567065,49201.60384654628,620.2665950207912
2026-08-19,51966.969039929085,51346.7024449083,620.2665950207912
2026-08-20,53313.78692070944,52693.52032568865,620.2665950207912
2026-08-21,56996.62954861881,56376.36295359802,620.2665950207912
2026-08-22,56841.08247243561,56220.815877414825,620.2665950207912
2026-08-23,57785.47017668443,57165.20358166364,620.2665950207912
2026-08-24,58217.872878007125,57597.60628298634,620.2665950207912
